edition;ville;etablissement;sigle;filiere;options;fin_accreditation;statut;dernier_arrete;bulletin_officiel;arretes
2026-09-13;Agadir;Faculté des sciences de réadaptation et des techniques de santé — Université internationale d'Agadir;Universiapolis;Kinésithérapie;;2025-2026;échéance atteinte, renouvellement non publié à ce jour;365.24;7313;1589.22 (2023-2024) · 365.24 (2025-2026)
2026-09-13;Agadir;Faculté des sciences de réadaptation et des techniques de santé — Université internationale d'Agadir;Universiapolis;Kinésithérapie Avancée;Réadaptation Neurologique · Kinésithérapie du Sport;2024-2025;échéance atteinte, renouvellement non publié à ce jour;365.24;7313;365.24 (2024-2025)
2026-09-13;Agadir;Faculté des sciences de réadaptation et des techniques de santé — Université internationale d'Agadir;Universiapolis;Laboratoire et Analyse Médicale;;2025-2026;échéance atteinte, renouvellement non publié à ce jour;365.24;7313;365.24 (2025-2026)
2026-09-13;Agadir;Faculté des sciences de réadaptation et des techniques de santé — Université internationale d'Agadir;Universiapolis;Neurosciences Cliniques;;2026-2027;accréditation en cours;1246.26;7535;1246.26 (2026-2027)
2026-09-13;Agadir;Faculté des sciences de réadaptation et des techniques de santé — Université internationale d'Agadir;Universiapolis;Orthophonie;;2025-2026;échéance atteinte, renouvellement non publié à ce jour;365.24;7313;1589.22 (2023-2024) · 365.24 (2025-2026)
2026-09-13;Agadir;Faculté des sciences de réadaptation et des techniques de santé — Université internationale d'Agadir;Universiapolis;Orthoptie;;2025-2026;échéance atteinte, renouvellement non publié à ce jour;365.24;7313;1589.22 (2023-2024) · 365.24 (2025-2026)
2026-09-13;Agadir;Faculté des sciences de réadaptation et des techniques de santé — Université internationale d'Agadir;Universiapolis;Pratiques Avancées en Kinésithérapie;Pratiques Avancées en Kinésithérapie du Sport · Pratiques Avancées en Kinésithérapie Neurologique;2025-2026;échéance atteinte, renouvellement non publié à ce jour;655.25;7431;655.25 (2025-2026)
2026-09-13;Agadir;Faculté des sciences de réadaptation et des techniques de santé — Université internationale d'Agadir;Universiapolis;Pratiques Avancées en Urgentologie;;2025-2026;échéance atteinte, renouvellement non publié à ce jour;655.25;7431;655.25 (2025-2026)
2026-09-13;Agadir;Faculté des sciences de réadaptation et des techniques de santé — Université internationale d'Agadir;Universiapolis;Psychomotricité;;2025-2026;échéance atteinte, renouvellement non publié à ce jour;365.24;7313;1589.22 (2023-2024) · 365.24 (2025-2026)
2026-09-13;Agadir;Faculté des sciences de réadaptation et des techniques de santé — Université internationale d'Agadir;Universiapolis;Radiologie et Imagerie Médicale;;2025-2026;échéance atteinte, renouvellement non publié à ce jour;365.24;7313;365.24 (2025-2026)
2026-09-13;Agadir;Faculté des sciences de réadaptation et des techniques de santé — Université internationale d'Agadir;Universiapolis;Sciences des Soins Infirmiers;Infirmier Polyvalent;2025-2026;échéance atteinte, renouvellement non publié à ce jour;365.24;7313;1589.22 (2023-2024) · 1589.22 (2023-2024) · 1589.22 (2023-2024) · 365.24 (2025-2026)
2026-09-13;Agadir;Faculté des sciences de réadaptation et des techniques de santé — Université internationale d'Agadir;Universiapolis;Soins Infirmiers;Infirmier en Anesthésie et Réanimation;2025-2026;échéance atteinte, renouvellement non publié à ce jour;365.24;7313;365.24 (2025-2026)
2026-09-13;Agadir;Faculté privée de médecine d'Agadir — Université privée de santé et de sciences d'Agadir;UPSSA;Médecine générale;;2028-2029;accréditation en cours;365.24;7313;365.24 (2028-2029)
2026-09-13;Agadir;Faculté privée de médecine dentaire d'Agadir — Université privée de santé et de sciences d'Agadir;UPSSA;Médecine Dentaire;;2029-2030;accréditation en cours;655.25;7431;655.25 (2029-2030)
2026-09-13;Agadir;Faculté privée de pharmacie d'Agadir — Université privée de santé et de sciences d'Agadir;UPSSA;Pharmacie;;2028-2029;accréditation en cours;365.24;7313;365.24 (2028-2029)
2026-09-13;Agadir;Faculté privée des sciences biomédicales appliquées d'Agadir — Université privée de santé et de sciences d'Agadir;UPSSA;Sciences Biomédicales Appliquées;;2024-2025;échéance atteinte, renouvellement non publié à ce jour;365.24;7313;365.24 (2024-2025)
2026-09-13;Agadir;Faculté privée des sciences de gestion — Université internationale d'Agadir (Universiapolis);Universiapolis;Administration des Entreprises;Comptabilité et Finance · Gestion Commerciale · Gestion des Ressources Humaines;2025-2026;échéance atteinte, renouvellement non publié à ce jour;365.24;7313;365.24 (2025-2026)
2026-09-13;Agadir;Faculté privée des sciences de gestion — Université internationale d'Agadir (Universiapolis);Universiapolis;Business administration;Accounting and Finance · Marketing;2025-2026;échéance atteinte, renouvellement non publié à ce jour;365.24;7313;1589.22 (2023-2024) · 365.24 (2025-2026)
2026-09-13;Agadir;Faculté privée des sciences de gestion — Université internationale d'Agadir (Universiapolis);Universiapolis;Commerce International;;2024-2025;échéance atteinte, renouvellement non publié à ce jour;365.24;7313;1589.22 (2022-2023) · 365.24 (2024-2025)
2026-09-13;Agadir;Faculté privée des sciences de gestion — Université internationale d'Agadir (Universiapolis);Universiapolis;Digital Marketing;;2025-2026;échéance atteinte, renouvellement non publié à ce jour;655.25;7431;365.24 (2024-2025) · 655.25 (2025-2026)
2026-09-13;Agadir;Faculté privée des sciences de gestion — Université internationale d'Agadir (Universiapolis);Universiapolis;Droit des Affaires;;2024-2025;échéance atteinte, renouvellement non publié à ce jour;365.24;7313;1589.22 (2022-2023) · 365.24 (2024-2025)
2026-09-13;Agadir;Faculté privée des sciences de gestion — Université internationale d'Agadir (Universiapolis);Universiapolis;Entreprenariat et Développement des PME;;2025-2026;échéance atteinte, renouvellement non publié à ce jour;655.25;7431;1589.22 (2022-2023) · 655.25 (2025-2026)
2026-09-13;Agadir;Faculté privée des sciences de gestion — Université internationale d'Agadir (Universiapolis);Universiapolis;Entrepreneuriat et Développement des PME;;2024-2025;échéance atteinte, renouvellement non publié à ce jour;365.24;7313;365.24 (2024-2025)
2026-09-13;Agadir;Faculté privée des sciences de gestion — Université internationale d'Agadir (Universiapolis);Universiapolis;Finance Participative;;2024-2025;échéance atteinte, renouvellement non publié à ce jour;365.24;7313;1589.22 (2022-2023) · 365.24 (2024-2025)
2026-09-13;Agadir;Faculté privée des sciences de gestion — Université internationale d'Agadir (Universiapolis);Universiapolis;Financial Engineering, Control and Auditing;Accounting Control Auditing;2023-2024;échéance atteinte, renouvellement non publié à ce jour;1176.23;7194;1176.23 (2023-2024)
2026-09-13;Agadir;Faculté privée des sciences de gestion — Université internationale d'Agadir (Universiapolis);Universiapolis;Financial Engineering, Control and Auditing Accounting Control Auditing;;2025-2026;échéance atteinte, renouvellement non publié à ce jour;655.25;7431;655.25 (2025-2026)
2026-09-13;Agadir;Faculté privée des sciences de gestion — Université internationale d'Agadir (Universiapolis);Universiapolis;Gestion des Entreprises;Informatique Appliquée à la Gestion · Logistique;2026-2027;accréditation en cours;655.25;7431;655.25 (2026-2027)
2026-09-13;Agadir;Faculté privée des sciences de gestion — Université internationale d'Agadir (Universiapolis);Universiapolis;Gestion des Ressources Humaines;;2025-2026;échéance atteinte, renouvellement non publié à ce jour;655.25;7431;1176.23 (2023-2024) · 655.25 (2025-2026)
2026-09-13;Agadir;Faculté privée des sciences de gestion — Université internationale d'Agadir (Universiapolis);Universiapolis;Gestion et Marketing;Marketing et Gestion Commerciale · Marketing Digital;2025-2026;échéance atteinte, renouvellement non publié à ce jour;655.25;7431;1176.23 (2023-2024) · 655.25 (2025-2026)
2026-09-13;Agadir;Faculté privée des sciences de gestion — Université internationale d'Agadir (Universiapolis);Universiapolis;Informatique Appliquée à la Gestion;;2025-2026;échéance atteinte, renouvellement non publié à ce jour;655.25;7431;1176.23 (2023-2024) · 655.25 (2025-2026)
2026-09-13;Agadir;Faculté privée des sciences de gestion — Université internationale d'Agadir (Universiapolis);Universiapolis;Ingénierie Financière, Contrôle et Audit;Ingénierie Financière et Trading · Comptabilité, Contrôle et Audit;2025-2026;échéance atteinte, renouvellement non publié à ce jour;655.25;7431;1176.23 (2023-2024) · 655.25 (2025-2026)
2026-09-13;Agadir;Faculté privée des sciences de gestion — Université internationale d'Agadir (Universiapolis);Universiapolis;Ingénierie et Gouvernance des Organisations;;2026-2027;accréditation en cours;1246.26;7535;1246.26 (2026-2027)
2026-09-13;Agadir;Faculté privée des sciences de gestion — Université internationale d'Agadir (Universiapolis);Universiapolis;Logistique et Commerce International;Management de la Chaîne Logistique · Commerce International;2025-2026;échéance atteinte, renouvellement non publié à ce jour;655.25;7431;1176.23 (2023-2024) · 655.25 (2025-2026)
2026-09-13;Agadir;Faculté privée des sciences de gestion — Université internationale d'Agadir (Universiapolis);Universiapolis;Management des Etablissements de Santé;;2025-2026;échéance atteinte, renouvellement non publié à ce jour;655.25;7431;1176.23 (2023-2024) · 655.25 (2025-2026)
2026-09-13;Agadir;Faculté privée des sciences de gestion — Université internationale d'Agadir (Universiapolis);Universiapolis;Marketing Digital;;2022-2023;échéance atteinte, renouvellement non publié à ce jour;1589.22;7175;1589.22 (2022-2023)
2026-09-13;Agadir;Faculté privée des sciences de gestion — Université internationale d'Agadir (Universiapolis);Universiapolis;Marketing Management;;2023-2024;échéance atteinte, renouvellement non publié à ce jour;1176.23;7194;1176.23 (2023-2024)
2026-09-13;Agadir;Faculté privée des sciences de gestion — Université internationale d'Agadir (Universiapolis);Universiapolis;Sciences de Gestion;;2025-2026;échéance atteinte, renouvellement non publié à ce jour;365.24;7313;1589.22 (2023-2024) · 365.24 (2025-2026)
2026-09-13;Agadir;Faculté privée des sciences infirmières et des techniques de santé d'Agadir — Université privée de santé et de sciences d'Agadir;UPSSA;Sciences Infirmières : Infirmier en Anesthésie et Réanimation;;2026-2027;accréditation en cours;655.25;7431;655.25 (2026-2027)
2026-09-13;Agadir;Faculté privée des sciences infirmières et des techniques de santé d'Agadir — Université privée de santé et de sciences d'Agadir;UPSSA;Sciences Infirmières : Infirmier polyvalent;;2025-2026;échéance atteinte, renouvellement non publié à ce jour;365.24;7313;365.24 (2025-2026)
2026-09-13;Agadir;Faculté privée des sciences infirmières et des techniques de santé d'Agadir — Université privée de santé et de sciences d'Agadir;UPSSA;Techniques de Santé : Laboratoire;;2025-2026;échéance atteinte, renouvellement non publié à ce jour;365.24;7313;365.24 (2025-2026)
2026-09-13;Agadir;Faculté privée des sciences infirmières et des techniques de santé d'Agadir — Université privée de santé et de sciences d'Agadir;UPSSA;Techniques de Santé : Technicien en Imagerie Médicale;;2025-2026;échéance atteinte, renouvellement non publié à ce jour;365.24;7313;365.24 (2025-2026)
2026-09-13;Agadir;Institut des hautes études paramédicales du Souss;IHEPS;Diététique et Nutrition;;2025-2026;échéance atteinte, renouvellement non publié à ce jour;365.24;7313;1589.22 (2023-2024) · 365.24 (2025-2026)
2026-09-13;Agadir;Institut des hautes études paramédicales du Souss;IHEPS;Infirmier Polyvalent;;2025-2026;échéance atteinte, renouvellement non publié à ce jour;365.24;7313;1176.23 (2024-2025) · 365.24 (2025-2026)
2026-09-13;Agadir;Institut des hautes études paramédicales du Souss;IHEPS;Infirmier en Anesthésie et Réanimation;;2025-2026;échéance atteinte, renouvellement non publié à ce jour;365.24;7313;1176.23 (2024-2025) · 365.24 (2025-2026)
2026-09-13;Agadir;Institut des hautes études paramédicales du Souss;IHEPS;Kinésithérapie;;2025-2026;échéance atteinte, renouvellement non publié à ce jour;365.24;7313;1589.22 (2023-2024) · 365.24 (2025-2026)
2026-09-13;Agadir;Institut des hautes études paramédicales du Souss;IHEPS;Orthophonie;;2025-2026;échéance atteinte, renouvellement non publié à ce jour;365.24;7313;1589.22 (2023-2024) · 365.24 (2025-2026)
2026-09-13;Agadir;Institut des hautes études paramédicales du Souss;IHEPS;Orthoptie;;2025-2026;échéance atteinte, renouvellement non publié à ce jour;365.24;7313;1589.22 (2023-2024) · 365.24 (2025-2026)
2026-09-13;Agadir;Institut des hautes études paramédicales du Souss;IHEPS;Psychomotricité;;2025-2026;échéance atteinte, renouvellement non publié à ce jour;365.24;7313;1589.22 (2023-2024) · 365.24 (2025-2026)
2026-09-13;Agadir;Institut des hautes études paramédicales du Souss;IHEPS;Sciences Biomédicales;;2024-2025;échéance atteinte, renouvellement non publié à ce jour;1176.23;7194;1176.23 (2024-2025)
2026-09-13;Agadir;Institut des hautes études paramédicales du Souss;IHEPS;Sciences de la Santé;Neurosciences;2024-2025;échéance atteinte, renouvellement non publié à ce jour;365.24;7313;365.24 (2024-2025)
2026-09-13;Agadir;Institut international privé d'Agadir de management — Universiapolis;;Business Management;;2026-2027;accréditation en cours;1246.26;7535;1246.26 (2027-2028) · 1246.26 (2026-2027)
2026-09-13;Agadir;Institut international privé d'Agadir de management — Universiapolis;;Management Information Systems;;2027-2028;accréditation en cours;1246.26;7535;1246.26 (2027-2028)
2026-09-13;Agadir;École de management d'Agadir (établissement non autrement identifié par l'arrêté);;Business Administration et Management;Marketing and Communication · Logistics and Platforms Management · Finance and Management Control;2025-2026;échéance atteinte, renouvellement non publié à ce jour;365.24;7313;1589.22 (2023-2024) · 365.24 (2025-2026)
2026-09-13;Agadir;École de management d'Agadir (établissement non autrement identifié par l'arrêté);;Business Analytics and Artificial Intelligence;Big Data · Business Intelligence;2026-2027;accréditation en cours;655.25;7431;655.25 (2026-2027)
2026-09-13;Agadir;École de management d'Agadir (établissement non autrement identifié par l'arrêté);;Commerce et Management;Finance et Contrôle de Gestion · Logistique et Gestion de Plate-Forme · Marketing et Communication;2025-2026;échéance atteinte, renouvellement non publié à ce jour;655.25;7431;3684.21 (2021-2022) · 1176.23 (2023-2024) · 365.24 (2025-2026) · 655.25 (2025-2026)
2026-09-13;Agadir;École de management d'Agadir (établissement non autrement identifié par l'arrêté);;Emerging Technologies and Artificial Intelligence Management;;2026-2027;accréditation en cours;1246.26;7535;1246.26 (2026-2027)
2026-09-13;Agadir;École des hautes études commerciales et informatiques;HECI;Commerce;;2023-2024;échéance atteinte, renouvellement non publié à ce jour;1589.22;7175;1589.22 (2023-2024)
2026-09-13;Agadir;École polytechnique privée d'Agadir — Université internationale d'Agadir (Universiapolis);Universiapolis;Années Préparatoires au Cycle Ingénieur;;2025-2026;échéance atteinte, renouvellement non publié à ce jour;655.25;7431;655.25 (2025-2026)
2026-09-13;Agadir;École polytechnique privée d'Agadir — Université internationale d'Agadir (Universiapolis);Universiapolis;Années Préparatoires au Cycle de l’Ingénieur;;2024-2025;échéance atteinte, renouvellement non publié à ce jour;365.24;7313;365.24 (2024-2025)
2026-09-13;Agadir;École polytechnique privée d'Agadir — Université internationale d'Agadir (Universiapolis);Universiapolis;Cycle préparatoire en Génie Mécanique;;2022-2023;échéance atteinte, renouvellement non publié à ce jour;1589.22;7175;1589.22 (2022-2023)
2026-09-13;Agadir;École polytechnique privée d'Agadir — Université internationale d'Agadir (Universiapolis);Universiapolis;Efficacité Energétique et Energies Nouvelles;;2024-2025;échéance atteinte, renouvellement non publié à ce jour;365.24;7313;1589.22 (2022-2023) · 365.24 (2024-2025)
2026-09-13;Agadir;École polytechnique privée d'Agadir — Université internationale d'Agadir (Universiapolis);Universiapolis;Génie Electrique;Génie des Systèmes Electriques · Mécatronique et Véhicules Intelligents · Efficacité Energétique et Energies Renouvelables;2026-2027;accréditation en cours;655.25;7431;1589.22 (2023-2024) · 655.25 (2026-2027)
2026-09-13;Agadir;École polytechnique privée d'Agadir — Université internationale d'Agadir (Universiapolis);Universiapolis;Génie Industriel;Logistique Durable · Productique et Industrie du Futur;2026-2027;accréditation en cours;655.25;7431;1589.22 (2023-2024) · 655.25 (2026-2027)
2026-09-13;Agadir;École polytechnique privée d'Agadir — Université internationale d'Agadir (Universiapolis);Universiapolis;Génie Informatique;Génie Logiciel · Big Data et Intelligence Artificielle · Cyber Sécurité et Réseaux;2026-2027;accréditation en cours;655.25;7431;1589.22 (2023-2024) · 1176.23 (2024-2025) · 655.25 (2026-2027)
2026-09-13;Agadir;École polytechnique privée d'Agadir — Université internationale d'Agadir (Universiapolis);Universiapolis;Génie Mécanique;Maintenance et Qualité · Industrie Automobile;2026-2027;accréditation en cours;655.25;7431;1589.22 (2023-2024) · 655.25 (2026-2027)
2026-09-13;Agadir;École polytechnique privée d'Agadir — Université internationale d'Agadir (Universiapolis);Universiapolis;Ingénierie Alimentaire;Innovation et Développement de Produit · Mangement de la Supply Chain et des Activités Logistiques;2026-2027;accréditation en cours;655.25;7431;1589.22 (2023-2024) · 1589.22 (2023-2024) · 655.25 (2026-2027)
2026-09-13;Agadir;École polytechnique privée d'Agadir — Université internationale d'Agadir (Universiapolis);Universiapolis;Ingénierie Biomédicale;Instrumentation Biomédicale · Logistique Hospitalière;2026-2027;accréditation en cours;655.25;7431;1176.23 (2024-2025) · 655.25 (2026-2027)
2026-09-13;Agadir;École polytechnique privée d'Agadir — Université internationale d'Agadir (Universiapolis);Universiapolis;Ingénierie Civil;;2023-2024;échéance atteinte, renouvellement non publié à ce jour;1589.22;7175;1589.22 (2023-2024)
2026-09-13;Agadir;École polytechnique privée d'Agadir — Université internationale d'Agadir (Universiapolis);Universiapolis;Ingénierie Civile;;2026-2027;accréditation en cours;655.25;7431;655.25 (2026-2027)
2026-09-13;Agadir;École polytechnique privée d'Agadir — Université internationale d'Agadir (Universiapolis);Universiapolis;Sciences et techniques;;2023-2024;échéance atteinte, renouvellement non publié à ce jour;1589.22;7175;1589.22 (2023-2024)
2026-09-13;Agadir;École polytechnique privée d'Agadir — Université internationale d'Agadir (Universiapolis);Universiapolis;Sciences, Techniques et Ingénierie des Systèmes;;2025-2026;échéance atteinte, renouvellement non publié à ce jour;365.24;7313;365.24 (2025-2026)
2026-09-13;Agadir;École polytechnique privée d'Agadir — Université internationale d'Agadir (Universiapolis);Universiapolis;Technological Innovation Engineering;Innovative Software Engineering · Innovative Mechanics Design;2026-2027;accréditation en cours;655.25;7431;365.24 (2025-2026) · 655.25 (2026-2027)
2026-09-13;Agadir;École privée d'architecture d'Agadir — Universiapolis;;Architecture;;2030-2031;accréditation en cours;1246.26;7535;1246.26 (2030-2031)
2026-09-13;Agadir;École privée de droit, de sciences politiques et humaines — Université internationale d'Agadir (Universiapolis);Universiapolis;;;2023-2024;échéance atteinte, renouvellement non publié à ce jour;1589.22;7175;1589.22 (2023-2024)
2026-09-13;Agadir;École privée de droit, de sciences politiques et humaines — Université internationale d'Agadir (Universiapolis);Universiapolis;Droit;Droit des Affaires, Contentieux et Métiers Judiciaires · Sciences Politiques, Relations Internationales et Sciences de l'Administration;2025-2026;échéance atteinte, renouvellement non publié à ce jour;365.24;7313;1589.22 (2023-2024) · 365.24 (2025-2026)
2026-09-13;Agadir;École privée de droit, de sciences politiques et humaines — Université internationale d'Agadir (Universiapolis);Universiapolis;Droit des Affaires, Contentieux et Professions Judiciaires;Droit des Affaires · Contentieux et Professions Judiciaires;2025-2026;échéance atteinte, renouvellement non publié à ce jour;655.25;7431;1589.22 (2022-2023) · 365.24 (2024-2025) · 655.25 (2025-2026)
2026-09-13;Agadir;École privée de droit, de sciences politiques et humaines — Université internationale d'Agadir (Universiapolis);Universiapolis;Droit en Français;Droit Privé;2023-2024;échéance atteinte, renouvellement non publié à ce jour;1589.22;7175;1589.22 (2023-2024)
2026-09-13;Agadir;École privée de droit, de sciences politiques et humaines — Université internationale d'Agadir (Universiapolis);Universiapolis;Dynamiques Migratoires et Développement;;2025-2026;échéance atteinte, renouvellement non publié à ce jour;655.25;7431;655.25 (2025-2026)
2026-09-13;Agadir;École privée de droit, de sciences politiques et humaines — Université internationale d'Agadir (Universiapolis);Universiapolis;Etudes Juridiques Civiles et Notariales;Droit Civil Approfondi · Droit Immobilier et Notarial;2023-2024;échéance atteinte, renouvellement non publié à ce jour;1176.23;7194;1176.23 (2023-2024)
2026-09-13;Agadir;École privée de droit, de sciences politiques et humaines — Université internationale d'Agadir (Universiapolis);Universiapolis;Gouvernance Territoriale et Développement Régional;Politiques Publiques et Gestion du Champ Moderne · Gouvernance Territoriale et Développement Régional · Science de l’Administration et du Contentieux Administratif;2023-2024;échéance atteinte, renouvellement non publié à ce jour;1176.23;7194;1176.23 (2023-2024)
2026-09-13;Agadir;École privée de droit, de sciences politiques et humaines — Université internationale d'Agadir (Universiapolis);Universiapolis;Psychologie;;2026-2027;accréditation en cours;655.25;7431;655.25 (2026-2027)
2026-09-13;Agadir;École privée de droit, de sciences politiques et humaines — Université internationale d'Agadir (Universiapolis);Universiapolis;Sciences Politiques, Diplomatie et Relations Internationales;Sciences Politiques · Diplomatie et Relations Internationales;2025-2026;échéance atteinte, renouvellement non publié à ce jour;655.25;7431;1589.22 (2022-2023) · 365.24 (2024-2025) · 655.25 (2025-2026)
2026-09-13;Agadir;École privée de droit, de sciences politiques et humaines — Université internationale d'Agadir (Universiapolis);Universiapolis;الحكامة الترابية والتنمية الجهوية;;2025-2026;échéance atteinte, renouvellement non publié à ce jour;655.25;7431;655.25 (2025-2026)
2026-09-13;Agadir;École privée de droit, de sciences politiques et humaines — Université internationale d'Agadir (Universiapolis);Universiapolis;العلوم الجنائية والأمن السيبراني;;2025-2026;échéance atteinte, renouvellement non publié à ce jour;655.25;7431;655.25 (2025-2026)
2026-09-13;Agadir;École privée de droit, de sciences politiques et humaines — Université internationale d'Agadir (Universiapolis);Universiapolis;العلوم القانونية;قانون الأعمال ،المنازعات والمهن القضائية · العلوم السياسية ،العلاقات الدولية وعلوم الدارة;2025-2026;échéance atteinte, renouvellement non publié à ce jour;365.24;7313;365.24 (2025-2026)
2026-09-13;Agadir;École privée de droit, de sciences politiques et humaines — Université internationale d'Agadir (Universiapolis);Universiapolis;قانون الأعمال، المنازعات والمهن القضائية;قانون الأعمال · المنازعات والمهن القضائية;2025-2026;échéance atteinte, renouvellement non publié à ce jour;655.25;7431;655.25 (2025-2026)
2026-09-13;Agadir;École supérieure de management du Sud;ESMS;Management, Marketing et Administration des Affaires;Finance , Audit et Contrôle de Gestion · Marketing Stratégique et Opérationnel;2025-2026;échéance atteinte, renouvellement non publié à ce jour;365.24;7313;1589.22 (2023-2024) · 365.24 (2025-2026)
2026-09-13;Agadir;École supérieure privée de tourisme et de technologie hôtelière — Université internationale d'Agadir (Universiapolis);Universiapolis;Management des Services;Communication Corporate · Gestion Evènementielle · Management Hôtelier et Touristique;2025-2026;échéance atteinte, renouvellement non publié à ce jour;655.25;7431;1589.22 (2023-2024) · 1589.22 (2022-2023) · 365.24 (2025-2026) · 365.24 (2024-2025) · 655.25 (2025-2026)
2026-09-13;Agadir;École supérieure privée de tourisme et de technologie hôtelière — Université internationale d'Agadir (Universiapolis);Universiapolis;Marketing et Relations Publiques;Digital Branding et Data Marketing · Relations Publiques et Médias;2025-2026;échéance atteinte, renouvellement non publié à ce jour;655.25;7431;1176.23 (2023-2024) · 655.25 (2025-2026)
2026-09-13;Ben Guerir;Faculté de gouvernance, sciences économiques et sociales — Université Mohammed VI Polytechnique;UM6P;Behavioral and Social Sciences;;2025-2026;échéance atteinte, renouvellement non publié à ce jour;365.24;7313;365.24 (2025-2026)
2026-09-13;Ben Guerir;Faculté de gouvernance, sciences économiques et sociales — Université Mohammed VI Polytechnique;UM6P;Behavioral and Social Sciences for Public Policy;;2025-2026;échéance atteinte, renouvellement non publié à ce jour;655.25;7431;1176.23 (2023-2024) · 655.25 (2025-2026)
2026-09-13;Ben Guerir;Faculté de gouvernance, sciences économiques et sociales — Université Mohammed VI Polytechnique;UM6P;Droit public;;2026-2027;accréditation en cours;655.25;7431;655.25 (2026-2027)
2026-09-13;Ben Guerir;Faculté de gouvernance, sciences économiques et sociales — Université Mohammed VI Polytechnique;UM6P;Economic Analysis and Public Policy;;2025-2026;échéance atteinte, renouvellement non publié à ce jour;655.25;7431;1589.22 (2022-2023) · 1176.23 (2023-2024) · 365.24 (2024-2025) · 655.25 (2025-2026)
2026-09-13;Ben Guerir;Faculté de gouvernance, sciences économiques et sociales — Université Mohammed VI Polytechnique;UM6P;Economics;;2025-2026;échéance atteinte, renouvellement non publié à ce jour;365.24;7313;1589.22 (2022-2023) · 365.24 (2024-2025) · 365.24 (2025-2026)
2026-09-13;Ben Guerir;Faculté de gouvernance, sciences économiques et sociales — Université Mohammed VI Polytechnique;UM6P;Economie Appliquée;;2025-2026;échéance atteinte, renouvellement non publié à ce jour;365.24;7313;1176.23 (2024-2025) · 365.24 (2025-2026)
2026-09-13;Ben Guerir;Faculté de gouvernance, sciences économiques et sociales — Université Mohammed VI Polytechnique;UM6P;Global Affairs;;2025-2026;échéance atteinte, renouvellement non publié à ce jour;655.25;7431;1589.22 (2022-2023) · 1176.23 (2023-2024) · 1342.23 (2022-2023) · 365.24 (2024-2025) · 655.25 (2025-2026)
2026-09-13;Ben Guerir;Faculté de gouvernance, sciences économiques et sociales — Université Mohammed VI Polytechnique;UM6P;Political Science;;2025-2026;échéance atteinte, renouvellement non publié à ce jour;655.25;7431;1589.22 (2022-2023) · 1176.23 (2023-2024) · 365.24 (2024-2025) · 655.25 (2025-2026)
2026-09-13;Ben Guerir;Faculté de gouvernance, sciences économiques et sociales — Université Mohammed VI Polytechnique;UM6P;Political Science and Global Studies;;2025-2026;échéance atteinte, renouvellement non publié à ce jour;365.24;7313;1176.23 (2024-2025) · 365.24 (2025-2026)
2026-09-13;Ben Guerir;Faculté de gouvernance, sciences économiques et sociales — Université Mohammed VI Polytechnique;UM6P;Quantitative Economics;;2025-2026;échéance atteinte, renouvellement non publié à ce jour;655.25;7431;1176.23 (2023-2024) · 655.25 (2025-2026)
2026-09-13;Ben Guerir;Faculté de gouvernance, sciences économiques et sociales — Université Mohammed VI Polytechnique;UM6P;Relations Internationales;Data analysis for politics · Business · Decision and behavior · Droit · Economie politique et Etudes du Développement · Science Politique;2025-2026;échéance atteinte, renouvellement non publié à ce jour;365.24;7313;1589.22 (2023-2024) · 1176.23 (2024-2025) · 365.24 (2025-2026)
2026-09-13;Ben Guerir;Faculté de gouvernance, sciences économiques et sociales — Université Mohammed VI Polytechnique;UM6P;Science Politique;Analyse de Données pour les Politiques · Business · Décision et Comportement · Droit · Economie Politique et Etudes sur le Développement · Relations Internationales;2025-2026;échéance atteinte, renouvellement non publié à ce jour;365.24;7313;1176.23 (2024-2025) · 365.24 (2025-2026)
2026-09-13;Ben Guerir;Faculté de gouvernance, sciences économiques et sociales — Université Mohammed VI Polytechnique;UM6P;Sciences Comportementales pour les Politiques Publiques;;2025-2026;échéance atteinte, renouvellement non publié à ce jour;365.24;7313;1176.23 (2024-2025) · 365.24 (2025-2026)
2026-09-13;Ben Guerir;Faculté des sciences médicales — UM6P;UM6P;General Medicine;;2027-2028;accréditation en cours;1176.23;7194;1176.23 (2027-2028)
2026-09-13;Ben Guerir;Faculté des sciences médicales — UM6P;UM6P;Pharmacy;;2027-2028;accréditation en cours;1176.23;7194;1176.23 (2027-2028)
2026-09-13;Ben Guerir;Institut des sciences, des technologies et de l'innovation — Université Mohammed VI Polytechnique;UM6P;Cycle Préparatoire Intégré au Diplôme d'Ingénieur en Génie Chimique, Minéralurgique et Biotechnologique;;2025-2026;échéance atteinte, renouvellement non publié à ce jour;655.25;7431;655.25 (2025-2026)
2026-09-13;Ben Guerir;Institut des sciences, des technologies et de l'innovation — Université Mohammed VI Polytechnique;UM6P;Ingénierie Physique;;2027-2028;accréditation en cours;1246.26;7535;1246.26 (2027-2028)
2026-09-13;Ben Guerir;Institut des sciences, des technologies et de l'innovation — Université Mohammed VI Polytechnique;UM6P;Quantitative and Financial Modeling;Quantitative Modeling · Financial Engineering · Data Engineering;2023-2024;échéance atteinte, renouvellement non publié à ce jour;1176.23;7194;1176.23 (2023-2024)
2026-09-13;Ben Guerir;Institut des sciences, des technologies et de l'innovation — Université Mohammed VI Polytechnique;UM6P;Science des Donnés et Modélisation;;2024-2025;échéance atteinte, renouvellement non publié à ce jour;1176.23;7194;1176.23 (2024-2025)
2026-09-13;Ben Guerir;Institut des sciences, des technologies et de l'innovation — Université Mohammed VI Polytechnique;UM6P;Science, Technology and Engineering;;2025-2026;échéance atteinte, renouvellement non publié à ce jour;365.24;7313;365.24 (2025-2026)
2026-09-13;Ben Guerir;Institut des sciences, des technologies et de l'innovation — Université Mohammed VI Polytechnique;UM6P;Sciences des Données;;2023-2024;échéance atteinte, renouvellement non publié à ce jour;1589.22;7175;1589.22 (2023-2024)
2026-09-13;Ben Guerir;Institut des sciences, des technologies et de l'innovation — Université Mohammed VI Polytechnique;UM6P;Sciences, Techniques et Ingénierie;;2024-2025;échéance atteinte, renouvellement non publié à ce jour;1176.23;7194;1176.23 (2024-2025)
2026-09-13;Ben Guerir;Institut des technologies numériques appliquées — Université Mohammed VI Polytechnique;UM6P;Applied Computer Science;Science des Données · Cyber Sécurité · Développement de Logiciel;2025-2026;échéance atteinte, renouvellement non publié à ce jour;655.25;7431;655.25 (2025-2026)
2026-09-13;Ben Guerir;Institut des technologies vertes — Université Mohammed VI Polytechnique;UM6P;Génie des Procédés Industriels et Digitalisation;;2025-2026;échéance atteinte, renouvellement non publié à ce jour;365.24;7313;365.24 (2025-2026)
2026-09-13;Ben Guerir;Institut des technologies vertes — Université Mohammed VI Polytechnique;UM6P;Ingénierie Electrique pour les Energies Renouvelables et les Réseaux Intelligents;;2025-2026;échéance atteinte, renouvellement non publié à ce jour;655.25;7431;1176.23 (2023-2024) · 655.25 (2025-2026)
2026-09-13;Ben Guerir;Institut des technologies vertes — Université Mohammed VI Polytechnique;UM6P;Opérations Industrielles et Digitalisation;;2025-2026;échéance atteinte, renouvellement non publié à ce jour;365.24;7313;365.24 (2025-2026)
2026-09-13;Ben Guerir;Institut des technologies vertes — Université Mohammed VI Polytechnique;UM6P;Technologies Industrielles pour l'Usine du Futur;;2025-2026;échéance atteinte, renouvellement non publié à ce jour;655.25;7431;1176.23 (2023-2024) · 655.25 (2025-2026)
2026-09-13;Ben Guerir;Institut supérieur des sciences biologiques et paramédicales — Université Mohammed VI Polytechnique;UM6P;Soins Infirmiers;Infirmier Polyvalent;2025-2026;échéance atteinte, renouvellement non publié à ce jour;365.24;7313;1589.22 (2023-2024) · 365.24 (2025-2026)
2026-09-13;Ben Guerir;École d'architecture, d'urbanisme et de design — Université Mohammed VI Polytechnique;UM6P;Architecture;;2030-2031;accréditation en cours;1246.26;7535;1246.26 (2030-2031)
2026-09-13;Ben Guerir;École d'architecture, d'urbanisme et de design — Université Mohammed VI Polytechnique;UM6P;Ingénierie des Bâtiments Verts et Efficacité Energétique;;2025-2026;échéance atteinte, renouvellement non publié à ce jour;655.25;7431;1589.22 (2022-2023) · 365.24 (2024-2025) · 655.25 (2025-2026)
2026-09-13;Ben Guerir;École d'architecture, d'urbanisme et de design — Université Mohammed VI Polytechnique;UM6P;Resilient, Sustainable , Smart Buildings and Cities;Green and Smart Buildings · Resilient, Sustainable and Smart Cities;2024-2025;échéance atteinte, renouvellement non publié à ce jour;365.24;7313;1589.22 (2022-2023) · 365.24 (2024-2025)
2026-09-13;Ben Guerir;École de management industriel — Université Mohammed VI Polytechnique;UM6P;Cycle Préparatoire Intégré;;2025-2026;échéance atteinte, renouvellement non publié à ce jour;655.25;7431;365.24 (2024-2025) · 655.25 (2025-2026)
2026-09-13;Ben Guerir;École de management industriel — Université Mohammed VI Polytechnique;UM6P;Management Industriel;;2026-2027;accréditation en cours;655.25;7431;365.24 (2025-2026) · 655.25 (2026-2027)
2026-09-13;Ben Guerir;École de management pour l'Afrique du groupe OCP — Université Mohammed VI Polytechnique;UM6P;Agribusiness Innovation;;2025-2026;échéance atteinte, renouvellement non publié à ce jour;655.25;7431;365.24 (2024-2025) · 655.25 (2025-2026)
2026-09-13;Ben Guerir;École de management pour l'Afrique du groupe OCP — Université Mohammed VI Polytechnique;UM6P;Business, Management, Intelligence Collective, Education et Hospitalité;;2023-2024;échéance atteinte, renouvellement non publié à ce jour;1589.22;7175;1589.22 (2023-2024)
2026-09-13;Ben Guerir;École de management pour l'Afrique du groupe OCP — Université Mohammed VI Polytechnique;UM6P;Collective Intelligence;;2025-2026;échéance atteinte, renouvellement non publié à ce jour;655.25;7431;1176.23 (2023-2024) · 655.25 (2025-2026)
2026-09-13;Ben Guerir;École de management pour l'Afrique du groupe OCP — Université Mohammed VI Polytechnique;UM6P;Financial Engineering;;2025-2026;échéance atteinte, renouvellement non publié à ce jour;655.25;7431;655.25 (2025-2026)
2026-09-13;Ben Guerir;École de management pour l'Afrique du groupe OCP — Université Mohammed VI Polytechnique;UM6P;Hospitality Business and Management;;2025-2026;échéance atteinte, renouvellement non publié à ce jour;365.24;7313;1589.22 (2023-2024) · 365.24 (2025-2026)
2026-09-13;Ben Guerir;École de management pour l'Afrique du groupe OCP — Université Mohammed VI Polytechnique;UM6P;International Management;;2025-2026;échéance atteinte, renouvellement non publié à ce jour;655.25;7431;1176.23 (2023-2024) · 655.25 (2025-2026)
2026-09-13;Ben Guerir;École de management pour l'Afrique du groupe OCP — Université Mohammed VI Polytechnique;UM6P;Management and Organizational Sciences;;2025-2026;échéance atteinte, renouvellement non publié à ce jour;365.24;7313;365.24 (2025-2026)
2026-09-13;Ben Guerir;École de management pour l'Afrique du groupe OCP — Université Mohammed VI Polytechnique;UM6P;Science in Analytics;;2024-2025;échéance atteinte, renouvellement non publié à ce jour;365.24;7313;1589.22 (2022-2023) · 365.24 (2024-2025)
2026-09-13;Ben Guerir;École des sciences appliquées et d'ingénierie — Université Mohammed VI Polytechnique;UM6P;Applied Mathematics and Business;;2027-2028;accréditation en cours;1246.26;7535;1246.26 (2027-2028)
2026-09-13;Ben Guerir;École des sciences appliquées et d'ingénierie — Université Mohammed VI Polytechnique;UM6P;Chemical and Material Engineering;;2027-2028;accréditation en cours;1246.26;7535;1246.26 (2027-2028)
2026-09-13;Ben Guerir;École des sciences de l'agriculture, de la fertilisation et de l'environnement — Université Mohammed VI Polytechnique;UM6P;Cycle Préparatoire Intégré au Cycle d'Ingénieur Systèmes Agro Environnementaux;;2026-2027;accréditation en cours;1246.26;7535;1246.26 (2026-2027)
2026-09-13;Ben Guerir;École des sciences de l'agriculture, de la fertilisation et de l'environnement — Université Mohammed VI Polytechnique;UM6P;Science et Technologie des Engrais;;2024-2025;échéance atteinte, renouvellement non publié à ce jour;365.24;7313;1589.22 (2022-2023) · 365.24 (2024-2025)
2026-09-13;Ben Guerir;École des sciences de l'informatique — Université Mohammed VI Polytechnique;UM6P;Computer Science and Communication Systems;;2026-2027;accréditation en cours;655.25;7431;1176.23 (2026-2027) · 365.24 (2025-2026) · 655.25 (2026-2027)
2026-09-13;Ben Guerir;École des sciences de l'informatique — Université Mohammed VI Polytechnique;UM6P;Cycle Préparatoire Intégré;;2025-2026;échéance atteinte, renouvellement non publié à ce jour;655.25;7431;655.25 (2025-2026)
2026-09-13;Berrechid;École supérieure privée de management de Berrechid;ESB;Business Management;E- Commerce et Marketing · Ingénierie Financière;2025-2026;échéance atteinte, renouvellement non publié à ce jour;365.24;7313;365.24 (2025-2026)
2026-09-13;Bouskoura;Institut international de Casablanca d'ingénierie;;Deux années préparatoires;;2023-2024;échéance atteinte, renouvellement non publié à ce jour;1176.23;7194;1176.23 (2023-2024)
2026-09-13;Bouskoura;Institut international de Casablanca d'ingénierie;;Electrical and Electronic Engineering;;2025-2026;échéance atteinte, renouvellement non publié à ce jour;655.25;7431;1176.23 (2024-2025) · 655.25 (2025-2026)
2026-09-13;Bouskoura;Institut international de Casablanca de management;;Business Administration;;2025-2026;échéance atteinte, renouvellement non publié à ce jour;655.25;7431;655.25 (2025-2026)
2026-09-13;Bouskoura;Institut international de Casablanca de management;;Business Management;Finance · Marketing · Global Business;2027-2028;accréditation en cours;1246.26;7535;1176.23 (2024-2025) · 1176.23 (2023-2024) · 1246.26 (2027-2028)
2026-09-13;Béni Mellal;École supérieure de management, d'informatique et de télécommunication (SUPMTI);SUPMTI;Classes Préparatoires des Technologies de l'Information;;2024-2025;échéance atteinte, renouvellement non publié à ce jour;365.24;7313;365.24 (2024-2025)
2026-09-13;Béni Mellal;École supérieure de management, d'informatique et de télécommunication (SUPMTI);SUPMTI;Cycle Préparatoire des Technologies de l'Information;;2022-2023;échéance atteinte, renouvellement non publié à ce jour;1589.22;7175;1589.22 (2022-2023)
2026-09-13;Béni Mellal;École supérieure de management, d'informatique et de télécommunication (SUPMTI);SUPMTI;Génie Informatique;Cloud, Internet des Objets et Mobiles Ingénierie de la Data Science · Ingénierie des Systèmes, Réseaux et Télécommunications · Ingénierie des Systèmes d'Information Géographiques;2023-2024;échéance atteinte, renouvellement non publié à ce jour;1589.22;7175;1589.22 (2023-2024)
2026-09-13;Béni Mellal;École supérieure de management, d'informatique et de télécommunication (SUPMTI);SUPMTI;Ingénierie des Systèmes Informatiques;Data Science et Systèmes d'Informations · Administration des Systèmes et Réseaux;2025-2026;échéance atteinte, renouvellement non publié à ce jour;655.25;7431;1589.22 (2022-2023) · 365.24 (2025-2026) · 365.24 (2024-2025) · 655.25 (2025-2026)
2026-09-13;Béni Mellal;École supérieure de management, d'informatique et de télécommunication (SUPMTI);SUPMTI;Management des Entreprises;Comptabilité, Contrôle et Audit · Management des Banques et Structures Financières · Management des Ressources Humaines;2026-2027;accréditation en cours;1246.26;7535;1589.22 (2023-2024) · 1589.22 (2022-2023) · 365.24 (2025-2026) · 1246.26 (2026-2027)
2026-09-13;Béni Mellal;École supérieure de management, d'informatique et de télécommunication (SUPMTI);SUPMTI;Management des Systèmes d'Information;Management des Systèmes et Technologies d'Information et de Communication · Marketing Digital et Communication;2025-2026;échéance atteinte, renouvellement non publié à ce jour;655.25;7431;655.25 (2025-2026)
2026-09-13;Casablanca;ESCA École de management;ESCA;Achats et Logistique;;2024-2025;échéance atteinte, renouvellement non publié à ce jour;365.24;7313;1589.22 (2022-2023) · 365.24 (2024-2025)
2026-09-13;Casablanca;ESCA École de management;ESCA;Achats et Supply Chain Management;;2025-2026;échéance atteinte, renouvellement non publié à ce jour;655.25;7431;1176.23 (2023-2024) · 655.25 (2025-2026)
2026-09-13;Casablanca;ESCA École de management;ESCA;Affaires Internationales;;2024-2025;échéance atteinte, renouvellement non publié à ce jour;365.24;7313;1589.22 (2022-2023) · 365.24 (2024-2025)
2026-09-13;Casablanca;ESCA École de management;ESCA;Années Préparatoires des Écoles Nationales de Commerce et de Gestion;;2025-2026;échéance atteinte, renouvellement non publié à ce jour;655.25;7431;655.25 (2025-2026)
2026-09-13;Casablanca;ESCA École de management;ESCA;Audit et Contrôle de gestion;;2025-2026;échéance atteinte, renouvellement non publié à ce jour;655.25;7431;1589.22 (2022-2023) · 365.24 (2024-2025) · 655.25 (2025-2026)
2026-09-13;Casablanca;ESCA École de management;ESCA;Digital et Business Développement;;2023-2024;échéance atteinte, renouvellement non publié à ce jour;1589.22;7175;1589.22 (2023-2024)
2026-09-13;Casablanca;ESCA École de management;ESCA;Ingénierie Juridique, Financière et Fiscale;;2025-2026;échéance atteinte, renouvellement non publié à ce jour;655.25;7431;1176.23 (2023-2024) · 655.25 (2025-2026)
2026-09-13;Casablanca;ESCA École de management;ESCA;International Business Administration;;2025-2026;échéance atteinte, renouvellement non publié à ce jour;365.24;7313;1589.22 (2023-2024) · 365.24 (2025-2026)
2026-09-13;Casablanca;ESCA École de management;ESCA;Management;International Business · Marketing Digital et Communication · Finance, Audit et Contrôle de Gestion · Ingénierie Financière;2026-2027;accréditation en cours;655.25;7431;1342.23 (2025-2026) · 655.25 (2026-2027)
2026-09-13;Casablanca;ESCA École de management;ESCA;Management Financier;;2025-2026;échéance atteinte, renouvellement non publié à ce jour;655.25;7431;1176.23 (2023-2024) · 655.25 (2025-2026)
2026-09-13;Casablanca;ESCA École de management;ESCA;Management de Projet;;2025-2026;échéance atteinte, renouvellement non publié à ce jour;655.25;7431;655.25 (2025-2026)
2026-09-13;Casablanca;ESCA École de management;ESCA;Management de Projets;;2023-2024;échéance atteinte, renouvellement non publié à ce jour;1176.23;7194;1176.23 (2023-2024)
2026-09-13;Casablanca;ESCA École de management;ESCA;Management de la Transformation Digitale;;2024-2025;échéance atteinte, renouvellement non publié à ce jour;365.24;7313;1342.23 (2022-2023) · 365.24 (2024-2025)
2026-09-13;Casablanca;ESCA École de management;ESCA;Management des Entreprises;E-Business et Marketing Digital · Achats et Logistique Internationale · Gestion Comptable et Financière;2025-2026;échéance atteinte, renouvellement non publié à ce jour;365.24;7313;1176.23 (2024-2025) · 365.24 (2025-2026)
2026-09-13;Casablanca;ESCA École de management;ESCA;Management des Ressources Humaines;;2026-2027;accréditation en cours;1246.26;7535;1589.22 (2022-2023) · 365.24 (2024-2025) · 1246.26 (2026-2027)
2026-09-13;Casablanca;ESCA École de management;ESCA;Marketing Digital;;2026-2027;accréditation en cours;1246.26;7535;1589.22 (2022-2023) · 365.24 (2024-2025) · 1246.26 (2026-2027)
2026-09-13;Casablanca;ESCA École de management;ESCA;Marketing et Communication;;2024-2025;échéance atteinte, renouvellement non publié à ce jour;365.24;7313;1589.22 (2022-2023) · 365.24 (2024-2025)
2026-09-13;Casablanca;Faculté Mohammed VI de médecine dentaire — Université Mohammed VI des sciences et de la santé;UM6SS;Médecine Dentaire;;2027-2028;accréditation en cours;1176.23;7194;1176.23 (2027-2028)
2026-09-13;Casablanca;Faculté Mohammed VI de médecine dentaire — Université Mohammed VI des sciences et de la santé;UM6SS;Odontologie Chirurgicale;;2028-2029;accréditation en cours;1246.26;7535;1176.23 (2025-2026) · 1246.26 (2028-2029)
2026-09-13;Casablanca;Faculté Mohammed VI de médecine dentaire — Université Mohammed VI des sciences et de la santé;UM6SS;Odontologie Conservatrice;;2028-2029;accréditation en cours;1246.26;7535;1176.23 (2025-2026) · 1246.26 (2028-2029)
2026-09-13;Casablanca;Faculté Mohammed VI de médecine dentaire — Université Mohammed VI des sciences et de la santé;UM6SS;Orthopédie Dento-Faciale;;2028-2029;accréditation en cours;1246.26;7535;1176.23 (2025-2026) · 1246.26 (2028-2029)
2026-09-13;Casablanca;Faculté Mohammed VI de médecine dentaire — Université Mohammed VI des sciences et de la santé;UM6SS;Parodontologie;;2028-2029;accréditation en cours;1246.26;7535;1176.23 (2025-2026) · 1246.26 (2028-2029)
2026-09-13;Casablanca;Faculté Mohammed VI de médecine dentaire — Université Mohammed VI des sciences et de la santé;UM6SS;Prothèse Adjointe;;2028-2029;accréditation en cours;1246.26;7535;1176.23 (2025-2026) · 1246.26 (2028-2029)
2026-09-13;Casablanca;Faculté Mohammed VI de médecine dentaire — Université Mohammed VI des sciences et de la santé;UM6SS;Prothèse Conjointe;;2028-2029;accréditation en cours;1246.26;7535;1176.23 (2025-2026) · 1246.26 (2028-2029)
2026-09-13;Casablanca;Faculté Mohammed VI de médecine dentaire — Université Mohammed VI des sciences et de la santé;UM6SS;Pédodontie Prévention;;2028-2029;accréditation en cours;1246.26;7535;1176.23 (2025-2026) · 1246.26 (2028-2029)
2026-09-13;Casablanca;Faculté Mohammed VI de médecine dentaire — Université Mohammed VI des sciences et de la santé;UM6SS;Technologie de Laboratoire de Prothèse Dentaire;;2025-2026;échéance atteinte, renouvellement non publié à ce jour;365.24;7313;365.24 (2025-2026)
2026-09-13;Casablanca;Faculté Mohammed VI de médecine — Université Mohammed VI des sciences et de la santé;UM6SS;Analyses Biologiques Médicales;;2028-2029;accréditation en cours;1246.26;7535;1338.23 (2020-2021) · 2948.23 (2024-2025) · 1246.26 (2028-2029)
2026-09-13;Casablanca;Faculté Mohammed VI de médecine — Université Mohammed VI des sciences et de la santé;UM6SS;Anatomie Pathologique;;2024-2025;échéance atteinte, renouvellement non publié à ce jour;2948.23;7262;1338.23 (2020-2021) · 2948.23 (2024-2025)
2026-09-13;Casablanca;Faculté Mohammed VI de médecine — Université Mohammed VI des sciences et de la santé;UM6SS;Anatomie et Cytologie Pathologiques;;2028-2029;accréditation en cours;1246.26;7535;1246.26 (2028-2029)
2026-09-13;Casablanca;Faculté Mohammed VI de médecine — Université Mohammed VI des sciences et de la santé;UM6SS;Anesthésie Réanimation;;2028-2029;accréditation en cours;1246.26;7535;2948.23 (2024-2025) · 1246.26 (2028-2029)
2026-09-13;Casablanca;Faculté Mohammed VI de médecine — Université Mohammed VI des sciences et de la santé;UM6SS;Cardiologie;;2028-2029;accréditation en cours;1246.26;7535;1338.23 (2020-2021) · 2948.23 (2024-2025) · 1246.26 (2028-2029)
2026-09-13;Casablanca;Faculté Mohammed VI de médecine — Université Mohammed VI des sciences et de la santé;UM6SS;Chirurgie Cardio-Vasculaire;;2026-2027;accréditation en cours;547.24;7293;2948.23 (2025-2026) · 547.24 (2026-2027)
2026-09-13;Casablanca;Faculté Mohammed VI de médecine — Université Mohammed VI des sciences et de la santé;UM6SS;Chirurgie Générale;;2026-2027;accréditation en cours;547.24;7293;547.24 (2026-2027)
2026-09-13;Casablanca;Faculté Mohammed VI de médecine — Université Mohammed VI des sciences et de la santé;UM6SS;Chirurgie Réparatrice et Plastique;;2029-2030;accréditation en cours;1246.26;7535;2948.23 (2025-2026) · 1246.26 (2029-2030)
2026-09-13;Casablanca;Faculté Mohammed VI de médecine — Université Mohammed VI des sciences et de la santé;UM6SS;Chirurgie Vasculaire Périphérique;;2025-2026;échéance atteinte, renouvellement non publié à ce jour;2948.23;7262;2948.23 (2025-2026)
2026-09-13;Casablanca;Faculté Mohammed VI de médecine — Université Mohammed VI des sciences et de la santé;UM6SS;Chirurgie pédiatrique;;2029-2030;accréditation en cours;1246.26;7535;1246.26 (2029-2030)
2026-09-13;Casablanca;Faculté Mohammed VI de médecine — Université Mohammed VI des sciences et de la santé;UM6SS;Dermatologie;;2028-2029;accréditation en cours;1246.26;7535;1338.23 (2020-2021) · 2948.23 (2024-2025) · 1246.26 (2028-2029)
2026-09-13;Casablanca;Faculté Mohammed VI de médecine — Université Mohammed VI des sciences et de la santé;UM6SS;Digital Health and Telemedicine;;2023-2024;échéance atteinte, renouvellement non publié à ce jour;1176.23;7194;1176.23 (2023-2024)
2026-09-13;Casablanca;Faculté Mohammed VI de médecine — Université Mohammed VI des sciences et de la santé;UM6SS;Endocrinologie et Maladies Métaboliques;;2028-2029;accréditation en cours;1246.26;7535;1338.23 (2020-2021) · 2948.23 (2024-2025) · 1246.26 (2028-2029)
2026-09-13;Casablanca;Faculté Mohammed VI de médecine — Université Mohammed VI des sciences et de la santé;UM6SS;Gastro-entérologie;;2028-2029;accréditation en cours;1246.26;7535;1338.23 (2020-2021) · 2948.23 (2024-2025) · 1246.26 (2028-2029)
2026-09-13;Casablanca;Faculté Mohammed VI de médecine — Université Mohammed VI des sciences et de la santé;UM6SS;General Medicine;;2027-2028;accréditation en cours;547.24;7293;547.24 (2027-2028)
2026-09-13;Casablanca;Faculté Mohammed VI de médecine — Université Mohammed VI des sciences et de la santé;UM6SS;Gynécologie-Obstétrique;;2025-2026;échéance atteinte, renouvellement non publié à ce jour;2948.23;7262;2948.23 (2025-2026)
2026-09-13;Casablanca;Faculté Mohammed VI de médecine — Université Mohammed VI des sciences et de la santé;UM6SS;Health Informatics;E-Health Project Management · Telemedicine · Public Health Informatics · Data Management · Bio Informatics · System Design and System Selection;2024-2025;échéance atteinte, renouvellement non publié à ce jour;365.24;7313;365.24 (2024-2025)
2026-09-13;Casablanca;Faculté Mohammed VI de médecine — Université Mohammed VI des sciences et de la santé;UM6SS;Health Informatique;E-Health Project Management · Telemedicine · Public Health Informatics · Data Management · Bio Informatics · System Design and System Selection;2022-2023;échéance atteinte, renouvellement non publié à ce jour;1589.22;7175;1589.22 (2022-2023)
2026-09-13;Casablanca;Faculté Mohammed VI de médecine — Université Mohammed VI des sciences et de la santé;UM6SS;Hématologie Clinique;;2028-2029;accréditation en cours;1246.26;7535;1338.23 (2020-2021) · 2948.23 (2024-2025) · 1246.26 (2028-2029)
2026-09-13;Casablanca;Faculté Mohammed VI de médecine — Université Mohammed VI des sciences et de la santé;UM6SS;Immunité, Infection et Inflammation;;2025-2026;échéance atteinte, renouvellement non publié à ce jour;655.25;7431;1589.22 (2022-2023) · 655.25 (2025-2026)
2026-09-13;Casablanca;Faculté Mohammed VI de médecine — Université Mohammed VI des sciences et de la santé;UM6SS;Medicine générale en anglais;;2027-2028;accréditation en cours;1589.22;7175;1589.22 (2027-2028)
2026-09-13;Casablanca;Faculté Mohammed VI de médecine — Université Mohammed VI des sciences et de la santé;UM6SS;Médecine Générale;;2027-2028;accréditation en cours;547.24;7293;1589.22 (2027-2028) · 547.24 (2027-2028)
2026-09-13;Casablanca;Faculté Mohammed VI de médecine — Université Mohammed VI des sciences et de la santé;UM6SS;Médecine Interne;;2026-2027;accréditation en cours;547.24;7293;547.24 (2026-2027)
2026-09-13;Casablanca;Faculté Mohammed VI de médecine — Université Mohammed VI des sciences et de la santé;UM6SS;Médecine Nucléaire;;2028-2029;accréditation en cours;1246.26;7535;2948.23 (2024-2025) · 1246.26 (2028-2029)
2026-09-13;Casablanca;Faculté Mohammed VI de médecine — Université Mohammed VI des sciences et de la santé;UM6SS;Médecine Physique et de Réadaptation Fonctionnelle;;2028-2029;accréditation en cours;1246.26;7535;1246.26 (2028-2029)
2026-09-13;Casablanca;Faculté Mohammed VI de médecine — Université Mohammed VI des sciences et de la santé;UM6SS;Médecine d'Urgence et de Catastrophe;;2024-2025;échéance atteinte, renouvellement non publié à ce jour;546.24;7293;546.24 (2024-2025)
2026-09-13;Casablanca;Faculté Mohammed VI de médecine — Université Mohammed VI des sciences et de la santé;UM6SS;Médecine d'Urgence et de Catastrophes;;2029-2030;accréditation en cours;1246.26;7535;1246.26 (2029-2030)
2026-09-13;Casablanca;Faculté Mohammed VI de médecine — Université Mohammed VI des sciences et de la santé;UM6SS;Neuro-Chirurgie;;2026-2027;accréditation en cours;547.24;7293;547.24 (2026-2027)
2026-09-13;Casablanca;Faculté Mohammed VI de médecine — Université Mohammed VI des sciences et de la santé;UM6SS;Neurologie;;2028-2029;accréditation en cours;1246.26;7535;1338.23 (2020-2021) · 2948.23 (2024-2025) · 1246.26 (2028-2029)
2026-09-13;Casablanca;Faculté Mohammed VI de médecine — Université Mohammed VI des sciences et de la santé;UM6SS;Néphrologie-Hémodialyse;;2028-2029;accréditation en cours;1246.26;7535;1338.23 (2020-2021) · 2948.23 (2024-2025) · 1246.26 (2028-2029)
2026-09-13;Casablanca;Faculté Mohammed VI de médecine — Université Mohammed VI des sciences et de la santé;UM6SS;Oncologie Médicale;;2028-2029;accréditation en cours;1246.26;7535;1338.23 (2020-2021) · 2948.23 (2024-2025) · 1246.26 (2028-2029)
2026-09-13;Casablanca;Faculté Mohammed VI de médecine — Université Mohammed VI des sciences et de la santé;UM6SS;Ophtalmologie;;2026-2027;accréditation en cours;547.24;7293;547.24 (2026-2027)
2026-09-13;Casablanca;Faculté Mohammed VI de médecine — Université Mohammed VI des sciences et de la santé;UM6SS;Oto-Rhino-Laryngologie;;2026-2027;accréditation en cours;547.24;7293;1338.23 (2021-2022) · 547.24 (2026-2027)
2026-09-13;Casablanca;Faculté Mohammed VI de médecine — Université Mohammed VI des sciences et de la santé;UM6SS;Pneumo Phtisiologie;;2028-2029;accréditation en cours;1246.26;7535;1338.23 (2020-2021) · 2948.23 (2024-2025) · 1246.26 (2028-2029)
2026-09-13;Casablanca;Faculté Mohammed VI de médecine — Université Mohammed VI des sciences et de la santé;UM6SS;Psychiatrie;;2028-2029;accréditation en cours;1246.26;7535;2948.23 (2024-2025) · 1246.26 (2028-2029)
2026-09-13;Casablanca;Faculté Mohammed VI de médecine — Université Mohammed VI des sciences et de la santé;UM6SS;Pédiatrie;;2028-2029;accréditation en cours;1246.26;7535;1338.23 (2020-2021) · 2948.23 (2024-2025) · 1246.26 (2028-2029)
2026-09-13;Casablanca;Faculté Mohammed VI de médecine — Université Mohammed VI des sciences et de la santé;UM6SS;Radiologie;;2028-2029;accréditation en cours;1246.26;7535;1338.23 (2020-2021) · 2948.23 (2024-2025) · 1246.26 (2028-2029)
2026-09-13;Casablanca;Faculté Mohammed VI de médecine — Université Mohammed VI des sciences et de la santé;UM6SS;Radiothérapie;;2028-2029;accréditation en cours;1246.26;7535;1338.23 (2020-2021) · 2948.23 (2024-2025) · 1246.26 (2028-2029)
2026-09-13;Casablanca;Faculté Mohammed VI de médecine — Université Mohammed VI des sciences et de la santé;UM6SS;Rhumatologie;;2028-2029;accréditation en cours;1246.26;7535;1338.23 (2020-2021) · 2948.23 (2024-2025) · 1246.26 (2028-2029)
2026-09-13;Casablanca;Faculté Mohammed VI de médecine — Université Mohammed VI des sciences et de la santé;UM6SS;Réanimation-Anesthésie;;2020-2021;échéance atteinte, renouvellement non publié à ce jour;1338.23;7224;1338.23 (2020-2021)
2026-09-13;Casablanca;Faculté Mohammed VI de médecine — Université Mohammed VI des sciences et de la santé;UM6SS;Santé Publique et Management de la Santé;;2025-2026;échéance atteinte, renouvellement non publié à ce jour;365.24;7313;365.24 (2025-2026)
2026-09-13;Casablanca;Faculté Mohammed VI de médecine — Université Mohammed VI des sciences et de la santé;UM6SS;Sciences Biomédicales;;2025-2026;échéance atteinte, renouvellement non publié à ce jour;365.24;7313;365.24 (2025-2026)
2026-09-13;Casablanca;Faculté Mohammed VI de médecine — Université Mohammed VI des sciences et de la santé;UM6SS;Sciences Cliniques Médicales et Chirurgicales;;2025-2026;échéance atteinte, renouvellement non publié à ce jour;365.24;7313;365.24 (2025-2026)
2026-09-13;Casablanca;Faculté Mohammed VI de médecine — Université Mohammed VI des sciences et de la santé;UM6SS;Stomatologie et Chirurgie Maxillo-faciale;;2029-2030;accréditation en cours;1246.26;7535;1246.26 (2029-2030)
2026-09-13;Casablanca;Faculté Mohammed VI de médecine — Université Mohammed VI des sciences et de la santé;UM6SS;Toxicologie, Environnement et Santé;;2024-2025;échéance atteinte, renouvellement non publié à ce jour;365.24;7313;1589.22 (2022-2023) · 365.24 (2024-2025)
2026-09-13;Casablanca;Faculté Mohammed VI de médecine — Université Mohammed VI des sciences et de la santé;UM6SS;Traumatologie - Orthopédie;;2026-2027;accréditation en cours;547.24;7293;547.24 (2026-2027)
2026-09-13;Casablanca;Faculté Mohammed VI de médecine — Université Mohammed VI des sciences et de la santé;UM6SS;Urologie;;2029-2030;accréditation en cours;1246.26;7535;546.24 (2024-2025) · 1246.26 (2029-2030)
2026-09-13;Casablanca;Faculté Mohammed VI de pharmacie — Université Mohammed VI des sciences et de la santé;UM6SS;Analyses Biologiques Médicales;;2024-2025;échéance atteinte, renouvellement non publié à ce jour;2948.23;7262;2948.23 (2024-2025)
2026-09-13;Casablanca;Faculté Mohammed VI de pharmacie — Université Mohammed VI des sciences et de la santé;UM6SS;Assistant du pharmacien;;2025-2026;échéance atteinte, renouvellement non publié à ce jour;365.24;7313;365.24 (2025-2026)
2026-09-13;Casablanca;Faculté Mohammed VI de pharmacie — Université Mohammed VI des sciences et de la santé;UM6SS;Fabrication et Contrôle des Produits de Santé;;2025-2026;échéance atteinte, renouvellement non publié à ce jour;365.24;7313;1176.23 (2024-2025) · 365.24 (2025-2026)
2026-09-13;Casablanca;Faculté Mohammed VI de pharmacie — Université Mohammed VI des sciences et de la santé;UM6SS;Pharmaceutical Engineering;;2026-2027;accréditation en cours;1176.23;7194;1176.23 (2026-2027)
2026-09-13;Casablanca;Faculté Mohammed VI de pharmacie — Université Mohammed VI des sciences et de la santé;UM6SS;Pharmacie;;2028-2029;accréditation en cours;365.24;7313;365.24 (2028-2029)
2026-09-13;Casablanca;Faculté Mohammed VI de pharmacie — Université Mohammed VI des sciences et de la santé;UM6SS;Pharmacie Clinique;;2028-2029;accréditation en cours;1246.26;7535;1339.23 (2021-2022) · 1246.26 (2028-2029)
2026-09-13;Casablanca;Faculté Mohammed VI de pharmacie — Université Mohammed VI des sciences et de la santé;UM6SS;Préparateur en Pharmacie;;2023-2024;échéance atteinte, renouvellement non publié à ce jour;1589.22;7175;1589.22 (2023-2024)
2026-09-13;Casablanca;Faculté Mohammed VI des sciences infirmières et des métiers de la santé — Université Mohammed VI des sciences et de la santé;UM6SS;Audiologie et Thérapies Auditives;;2025-2026;échéance atteinte, renouvellement non publié à ce jour;655.25;7431;655.25 (2025-2026)
2026-09-13;Casablanca;Faculté Mohammed VI des sciences infirmières et des métiers de la santé — Université Mohammed VI des sciences et de la santé;UM6SS;Audioprothésiste;;2027-2028;accréditation en cours;1246.26;7535;1246.26 (2027-2028)
2026-09-13;Casablanca;Faculté Mohammed VI des sciences infirmières et des métiers de la santé — Université Mohammed VI des sciences et de la santé;UM6SS;Biologie Médicale Spécialité Génétique Moléculaire et Bio-informatique;;2025-2026;échéance atteinte, renouvellement non publié à ce jour;655.25;7431;655.25 (2025-2026)
2026-09-13;Casablanca;Faculté Mohammed VI des sciences infirmières et des métiers de la santé — Université Mohammed VI des sciences et de la santé;UM6SS;Kinésithérapie Musculosquelettique et du Sport;;2025-2026;échéance atteinte, renouvellement non publié à ce jour;655.25;7431;655.25 (2025-2026)
2026-09-13;Casablanca;Faculté Mohammed VI des sciences infirmières et des métiers de la santé — Université Mohammed VI des sciences et de la santé;UM6SS;Nutrition Clinique;;2025-2026;échéance atteinte, renouvellement non publié à ce jour;655.25;7431;655.25 (2025-2026)
2026-09-13;Casablanca;Faculté Mohammed VI des sciences infirmières et des métiers de la santé — Université Mohammed VI des sciences et de la santé;UM6SS;Pratiques Infirmières Avancées en Oncologie et Soins Palliatifs;;2025-2026;échéance atteinte, renouvellement non publié à ce jour;655.25;7431;655.25 (2025-2026)
2026-09-13;Casablanca;Faculté Mohammed VI des sciences infirmières et des métiers de la santé — Université Mohammed VI des sciences et de la santé;UM6SS;Pratiques Infirmières Avancées en Urgentologie et Gestion de Catastrophes;;2025-2026;échéance atteinte, renouvellement non publié à ce jour;655.25;7431;655.25 (2025-2026)
2026-09-13;Casablanca;Faculté Mohammed VI des sciences infirmières et des métiers de la santé — Université Mohammed VI des sciences et de la santé;UM6SS;Pratiques Infirmières Avancés en Périnatalité;;2025-2026;échéance atteinte, renouvellement non publié à ce jour;655.25;7431;655.25 (2025-2026)
2026-09-13;Casablanca;Faculté Mohammed VI des sciences infirmières et des métiers de la santé — Université Mohammed VI des sciences et de la santé;UM6SS;Psychologie Clinique;;2025-2026;échéance atteinte, renouvellement non publié à ce jour;655.25;7431;655.25 (2025-2026)
2026-09-13;Casablanca;Faculté Mohammed VI des sciences infirmières et des métiers de la santé — Université Mohammed VI des sciences et de la santé;UM6SS;Pédagogie et Ingénierie de la Formation en Sciences Infirmières et Professions de la Santé;;2025-2026;échéance atteinte, renouvellement non publié à ce jour;655.25;7431;655.25 (2025-2026)
2026-09-13;Casablanca;Faculté des sciences et techniques de la santé — Université Mohammed VI des sciences et de la santé;UM6SS;Biotechnologie et Santé;;2024-2025;échéance atteinte, renouvellement non publié à ce jour;365.24;7313;1589.22 (2022-2023) · 365.24 (2024-2025)
2026-09-13;Casablanca;Faculté des sciences et techniques de la santé — Université Mohammed VI des sciences et de la santé;UM6SS;Ergothérapie;;2025-2026;échéance atteinte, renouvellement non publié à ce jour;365.24;7313;365.24 (2025-2026)
2026-09-13;Casablanca;Faculté des sciences et techniques de la santé — Université Mohammed VI des sciences et de la santé;UM6SS;Infirmier Polyvalent;;2025-2026;échéance atteinte, renouvellement non publié à ce jour;365.24;7313;365.24 (2025-2026)
2026-09-13;Casablanca;Faculté des sciences et techniques de la santé — Université Mohammed VI des sciences et de la santé;UM6SS;Infirmier en Anesthésie et Réanimation;;2025-2026;échéance atteinte, renouvellement non publié à ce jour;365.24;7313;365.24 (2025-2026)
2026-09-13;Casablanca;Faculté des sciences et techniques de la santé — Université Mohammed VI des sciences et de la santé;UM6SS;Infirmier en Bloc Opératoire;;2025-2026;échéance atteinte, renouvellement non publié à ce jour;365.24;7313;365.24 (2025-2026)
2026-09-13;Casablanca;Faculté des sciences et techniques de la santé — Université Mohammed VI des sciences et de la santé;UM6SS;Infirmier en Néonatologie et Pédiatrie;;2025-2026;échéance atteinte, renouvellement non publié à ce jour;365.24;7313;1589.22 (2023-2024) · 365.24 (2025-2026)
2026-09-13;Casablanca;Faculté des sciences et techniques de la santé — Université Mohammed VI des sciences et de la santé;UM6SS;Kinésithérapie;;2025-2026;échéance atteinte, renouvellement non publié à ce jour;365.24;7313;365.24 (2025-2026)
2026-09-13;Casablanca;Faculté des sciences et techniques de la santé — Université Mohammed VI des sciences et de la santé;UM6SS;Nutrition Clinique;;2024-2025;échéance atteinte, renouvellement non publié à ce jour;365.24;7313;1589.22 (2022-2023) · 365.24 (2024-2025)
2026-09-13;Casablanca;Faculté des sciences et techniques de la santé — Université Mohammed VI des sciences et de la santé;UM6SS;Nutrition et Diététique;;2025-2026;échéance atteinte, renouvellement non publié à ce jour;365.24;7313;365.24 (2025-2026)
2026-09-13;Casablanca;Faculté des sciences et techniques de la santé — Université Mohammed VI des sciences et de la santé;UM6SS;Orthophonie;;2025-2026;échéance atteinte, renouvellement non publié à ce jour;365.24;7313;365.24 (2025-2026)
2026-09-13;Casablanca;Faculté des sciences et techniques de la santé — Université Mohammed VI des sciences et de la santé;UM6SS;Orthoptie;;2025-2026;échéance atteinte, renouvellement non publié à ce jour;365.24;7313;365.24 (2025-2026)
2026-09-13;Casablanca;Faculté des sciences et techniques de la santé — Université Mohammed VI des sciences et de la santé;UM6SS;Physique Médicale;;2024-2025;échéance atteinte, renouvellement non publié à ce jour;365.24;7313;1589.22 (2022-2023) · 365.24 (2024-2025)
2026-09-13;Casablanca;Faculté des sciences et techniques de la santé — Université Mohammed VI des sciences et de la santé;UM6SS;Pratiques Avancées en Oncologie et Soins Palliatifs;;2024-2025;échéance atteinte, renouvellement non publié à ce jour;365.24;7313;1589.22 (2022-2023) · 365.24 (2024-2025)
2026-09-13;Casablanca;Faculté des sciences et techniques de la santé — Université Mohammed VI des sciences et de la santé;UM6SS;Psychomotricité;;2025-2026;échéance atteinte, renouvellement non publié à ce jour;365.24;7313;365.24 (2025-2026)
2026-09-13;Casablanca;Faculté des sciences et techniques de la santé — Université Mohammed VI des sciences et de la santé;UM6SS;Qualité, Sécurité, Hygiène et Environnement;;2024-2025;échéance atteinte, renouvellement non publié à ce jour;365.24;7313;1589.22 (2022-2023) · 365.24 (2024-2025)
2026-09-13;Casablanca;Faculté des sciences et techniques de la santé — Université Mohammed VI des sciences et de la santé;UM6SS;Sage-femme;;2025-2026;échéance atteinte, renouvellement non publié à ce jour;365.24;7313;365.24 (2025-2026)
2026-09-13;Casablanca;Faculté des sciences et techniques de la santé — Université Mohammed VI des sciences et de la santé;UM6SS;Sciences Infirmières;Pratique Infirmière Avancée : Infirmière Clinicienne Spécialisée en Oncohématologie · Pratique Infirmière Avancée : Spécialité Périnatalité;2024-2025;échéance atteinte, renouvellement non publié à ce jour;365.24;7313;1589.22 (2022-2023) · 1589.22 (2023-2024) · 365.24 (2024-2025)
2026-09-13;Casablanca;Faculté des sciences et techniques de la santé — Université Mohammed VI des sciences et de la santé;UM6SS;Technicien de Laboratoire;;2025-2026;échéance atteinte, renouvellement non publié à ce jour;365.24;7313;365.24 (2025-2026)
2026-09-13;Casablanca;Faculté des sciences et techniques de la santé — Université Mohammed VI des sciences et de la santé;UM6SS;Technicien en Radiologie;;2025-2026;échéance atteinte, renouvellement non publié à ce jour;365.24;7313;365.24 (2025-2026)
2026-09-13;Casablanca;Faculté internationale de médecine dentaire de Casablanca — Université internationale de Casablanca;;Médecine Dentaire;;2028-2029;accréditation en cours;365.24;7313;365.24 (2028-2029)
2026-09-13;Casablanca;Faculté privée Mundiapolis de management — Université Mundiapolis;;Commerce et Développement des Affaires;;2024-2025;échéance atteinte, renouvellement non publié à ce jour;1176.23;7194;1176.23 (2024-2025)
2026-09-13;Casablanca;Faculté privée Mundiapolis de management — Université Mundiapolis;;Communication et Marketing Digital;;2025-2026;échéance atteinte, renouvellement non publié à ce jour;365.24;7313;1176.23 (2024-2025) · 365.24 (2025-2026)
2026-09-13;Casablanca;Faculté privée Mundiapolis de management — Université Mundiapolis;;Comptabilité et Finance;;2025-2026;échéance atteinte, renouvellement non publié à ce jour;365.24;7313;1176.23 (2024-2025) · 365.24 (2025-2026)
2026-09-13;Casablanca;Faculté privée Mundiapolis de management — Université Mundiapolis;;Comptabilité, Contrôle & Audit;;2022-2023;échéance atteinte, renouvellement non publié à ce jour;1589.22;7175;1589.22 (2022-2023)
2026-09-13;Casablanca;Faculté privée Mundiapolis de management — Université Mundiapolis;;Comptabilité, Contrôle et Audit;;2025-2026;échéance atteinte, renouvellement non publié à ce jour;655.25;7431;365.24 (2024-2025) · 655.25 (2025-2026)
2026-09-13;Casablanca;Faculté privée Mundiapolis de management — Université Mundiapolis;;Finance;Finance d'Entreprise · Ingénierie Financière · Actuariat, Banque et Assurance;2025-2026;échéance atteinte, renouvellement non publié à ce jour;655.25;7431;1176.23 (2023-2024) · 655.25 (2025-2026)
2026-09-13;Casablanca;Faculté privée Mundiapolis de management — Université Mundiapolis;;Management;Marketing;2024-2025;échéance atteinte, renouvellement non publié à ce jour;365.24;7313;1589.22 (2022-2023) · 365.24 (2024-2025)
2026-09-13;Casablanca;Faculté privée Mundiapolis de management — Université Mundiapolis;;Management de la Chaîne Logistique;;2025-2026;échéance atteinte, renouvellement non publié à ce jour;655.25;7431;1589.22 (2022-2023) · 365.24 (2024-2025) · 655.25 (2025-2026)
2026-09-13;Casablanca;Faculté privée Mundiapolis de management — Université Mundiapolis;;Management des Ressources Humaines;;2025-2026;échéance atteinte, renouvellement non publié à ce jour;655.25;7431;1589.22 (2022-2023) · 365.24 (2024-2025) · 655.25 (2025-2026)
2026-09-13;Casablanca;Faculté privée Mundiapolis de management — Université Mundiapolis;;Management et Gestion des Entreprises;Commerce et Marketing · Gestion des Ressources Humaines · Management Logistique;2025-2026;échéance atteinte, renouvellement non publié à ce jour;365.24;7313;1176.23 (2024-2025) · 365.24 (2025-2026)
2026-09-13;Casablanca;Faculté privée Mundiapolis de management — Université Mundiapolis;;Marketing Stratégique et Marketing Digital;;2025-2026;échéance atteinte, renouvellement non publié à ce jour;655.25;7431;1589.22 (2022-2023) · 365.24 (2024-2025) · 655.25 (2025-2026)
2026-09-13;Casablanca;Faculté privée Mundiapolis de management — Université Mundiapolis;;Sciences Economiques et de Gestion;;2027-2028;accréditation en cours;1246.26;7535;1246.26 (2027-2028)
2026-09-13;Casablanca;Faculté privée Mundiapolis des sciences de la santé — Université Mundiapolis;;Kinésithérapie;;2025-2026;échéance atteinte, renouvellement non publié à ce jour;365.24;7313;1589.22 (2023-2024) · 365.24 (2025-2026)
2026-09-13;Casablanca;Faculté privée Mundiapolis des sciences de la santé — Université Mundiapolis;;Kinésithérapie du Sport;;2024-2025;échéance atteinte, renouvellement non publié à ce jour;365.24;7313;1589.22 (2022-2023) · 365.24 (2024-2025)
2026-09-13;Casablanca;Faculté privée Mundiapolis des sciences de la santé — Université Mundiapolis;;Management de Santé Globale;;2023-2024;échéance atteinte, renouvellement non publié à ce jour;1176.23;7194;1176.23 (2023-2024)
2026-09-13;Casablanca;Faculté privée Mundiapolis des sciences de la santé — Université Mundiapolis;;Orthophonie;;2025-2026;échéance atteinte, renouvellement non publié à ce jour;365.24;7313;1589.22 (2023-2024) · 365.24 (2025-2026)
2026-09-13;Casablanca;Faculté privée Mundiapolis des sciences de la santé — Université Mundiapolis;;Podologie et Pédicurie;;2023-2024;échéance atteinte, renouvellement non publié à ce jour;1589.22;7175;1589.22 (2023-2024)
2026-09-13;Casablanca;Faculté privée Mundiapolis des sciences de la santé — Université Mundiapolis;;Psychologie;;2025-2026;échéance atteinte, renouvellement non publié à ce jour;365.24;7313;365.24 (2025-2026)
2026-09-13;Casablanca;Faculté privée Mundiapolis des sciences de la santé — Université Mundiapolis;;Psychologie Clinique et Psychothérapie;;2025-2026;échéance atteinte, renouvellement non publié à ce jour;655.25;7431;1176.23 (2023-2024) · 655.25 (2025-2026)
2026-09-13;Casablanca;Faculté privée Mundiapolis des sciences de la santé — Université Mundiapolis;;Psychologie générale;;2023-2024;échéance atteinte, renouvellement non publié à ce jour;1589.22;7175;1589.22 (2023-2024)
2026-09-13;Casablanca;Faculté privée Mundiapolis des sciences de la santé — Université Mundiapolis;;Psychomotricité;;2025-2026;échéance atteinte, renouvellement non publié à ce jour;365.24;7313;1589.22 (2023-2024) · 365.24 (2025-2026)
2026-09-13;Casablanca;Faculté privée Mundiapolis des sciences de la santé — Université Mundiapolis;;Soins Infirmiers : Anesthésie et Réanimation;;2025-2026;échéance atteinte, renouvellement non publié à ce jour;365.24;7313;1176.23 (2024-2025) · 365.24 (2025-2026)
2026-09-13;Casablanca;Faculté privée Mundiapolis des sciences de la santé — Université Mundiapolis;;Soins Infirmiers : Infirmier Polyvalent;;2025-2026;échéance atteinte, renouvellement non publié à ce jour;365.24;7313;1176.23 (2024-2025) · 365.24 (2025-2026)
2026-09-13;Casablanca;Faculté privée Mundiapolis des sciences de la santé — Université Mundiapolis;;Soins Infirmiers : Soins d'Urgences et Soins Intensifs;;2025-2026;échéance atteinte, renouvellement non publié à ce jour;365.24;7313;1176.23 (2024-2025) · 365.24 (2025-2026)
2026-09-13;Casablanca;Faculté privée de commerce et de gestion — Université internationale de Casablanca;;Banque, Assurance et Actuariat;Banque · Assurance et Actuariat;2025-2026;échéance atteinte, renouvellement non publié à ce jour;655.25;7431;1589.22 (2022-2023) · 365.24 (2024-2025) · 655.25 (2025-2026)
2026-09-13;Casablanca;Faculté privée de commerce et de gestion — Université internationale de Casablanca;;Business Administration;International Business;2023-2024;échéance atteinte, renouvellement non publié à ce jour;1589.22;7175;1589.22 (2023-2024)
2026-09-13;Casablanca;Faculté privée de commerce et de gestion — Université internationale de Casablanca;;Business Administration in International Business;;2025-2026;échéance atteinte, renouvellement non publié à ce jour;365.24;7313;365.24 (2025-2026)
2026-09-13;Casablanca;Faculté privée de commerce et de gestion — Université internationale de Casablanca;;Commerce International;;2025-2026;échéance atteinte, renouvellement non publié à ce jour;365.24;7313;365.24 (2025-2026)
2026-09-13;Casablanca;Faculté privée de commerce et de gestion — Université internationale de Casablanca;;Comptabilité, Contrôle et Audit;;2025-2026;échéance atteinte, renouvellement non publié à ce jour;655.25;7431;1589.22 (2022-2023) · 1176.23 (2023-2024) · 365.24 (2024-2025) · 655.25 (2025-2026)
2026-09-13;Casablanca;Faculté privée de commerce et de gestion — Université internationale de Casablanca;;Cyber Criminalité et Sciences Criminelles;;2024-2025;échéance atteinte, renouvellement non publié à ce jour;365.24;7313;1589.22 (2022-2023) · 365.24 (2024-2025)
2026-09-13;Casablanca;Faculté privée de commerce et de gestion — Université internationale de Casablanca;;Droit International des Affaires;;2025-2026;échéance atteinte, renouvellement non publié à ce jour;655.25;7431;655.25 (2025-2026)
2026-09-13;Casablanca;Faculté privée de commerce et de gestion — Université internationale de Casablanca;;Droit des Affaires;Droit des Affaires et Fiscalité · Contentieux et Professions Judiciaires;2025-2026;échéance atteinte, renouvellement non publié à ce jour;655.25;7431;1589.22 (2022-2023) · 1176.23 (2024-2025) · 365.24 (2025-2026) · 365.24 (2024-2025) · 655.25 (2025-2026)
2026-09-13;Casablanca;Faculté privée de commerce et de gestion — Université internationale de Casablanca;;Droit et Cyber Sécurité;;2025-2026;échéance atteinte, renouvellement non publié à ce jour;655.25;7431;655.25 (2025-2026)
2026-09-13;Casablanca;Faculté privée de commerce et de gestion — Université internationale de Casablanca;;Entreprenariat Digital et Start Up;;2022-2023;échéance atteinte, renouvellement non publié à ce jour;1589.22;7175;1589.22 (2022-2023)
2026-09-13;Casablanca;Faculté privée de commerce et de gestion — Université internationale de Casablanca;;Entrepreneuriat Digital et Start Up;;2024-2025;échéance atteinte, renouvellement non publié à ce jour;365.24;7313;365.24 (2024-2025)
2026-09-13;Casablanca;Faculté privée de commerce et de gestion — Université internationale de Casablanca;;Finance Internationale;Gestion des Risques Financiers Internationaux · Financement du Commerce Extérieur;2024-2025;échéance atteinte, renouvellement non publié à ce jour;365.24;7313;1589.22 (2022-2023) · 365.24 (2024-2025)
2026-09-13;Casablanca;Faculté privée de commerce et de gestion — Université internationale de Casablanca;;Gestion Comptable et Fiscale;;2025-2026;échéance atteinte, renouvellement non publié à ce jour;365.24;7313;365.24 (2025-2026)
2026-09-13;Casablanca;Faculté privée de commerce et de gestion — Université internationale de Casablanca;;International Business;Management International · Marketing et E-Commerce;2025-2026;échéance atteinte, renouvellement non publié à ce jour;655.25;7431;1589.22 (2022-2023) · 365.24 (2024-2025) · 655.25 (2025-2026)
2026-09-13;Casablanca;Faculté privée de commerce et de gestion — Université internationale de Casablanca;;International Trade;;2025-2026;échéance atteinte, renouvellement non publié à ce jour;655.25;7431;1176.23 (2023-2024) · 655.25 (2025-2026)
2026-09-13;Casablanca;Faculté privée de commerce et de gestion — Université internationale de Casablanca;;Management;Gestion Financière et Comptable · Management des Ressources Humaines et des Organisations · Marketing Vente et E-Commerce;2025-2026;échéance atteinte, renouvellement non publié à ce jour;365.24;7313;1176.23 (2024-2025) · 365.24 (2025-2026)
2026-09-13;Casablanca;Faculté privée de commerce et de gestion — Université internationale de Casablanca;;Management Financier et Finance Internationale;;2025-2026;échéance atteinte, renouvellement non publié à ce jour;655.25;7431;1176.23 (2023-2024) · 655.25 (2025-2026)
2026-09-13;Casablanca;Faculté privée de commerce et de gestion — Université internationale de Casablanca;;Management Logistique et Achats;;2025-2026;échéance atteinte, renouvellement non publié à ce jour;655.25;7431;1589.22 (2022-2023) · 1589.22 (2022-2023) · 365.24 (2024-2025) · 365.24 (2024-2025) · 655.25 (2025-2026)
2026-09-13;Casablanca;Faculté privée de commerce et de gestion — Université internationale de Casablanca;;Management des Ressources Humaines et des Organisations;;2025-2026;échéance atteinte, renouvellement non publié à ce jour;655.25;7431;1589.22 (2022-2023) · 365.24 (2024-2025) · 655.25 (2025-2026)
2026-09-13;Casablanca;Faculté privée de commerce et de gestion — Université internationale de Casablanca;;Management en Hôtellerie Internationale;Management Hôtelier International · Management Evénementiel en Tourisme et Hôtellerie · Management et Entrepreneuriat;2025-2026;échéance atteinte, renouvellement non publié à ce jour;655.25;7431;1589.22 (2022-2023) · 365.24 (2025-2026) · 365.24 (2024-2025) · 655.25 (2025-2026)
2026-09-13;Casablanca;Faculté privée de commerce et de gestion — Université internationale de Casablanca;;Marketing et Communication;Gestion de la Relation Client · Marketing des Services · Marketing Industriel · Marketing des Entreprises de Distribution Moderne · Marketing Destiné aux Marchés de la Distribution · Planification Commerciale;2024-2025;échéance atteinte, renouvellement non publié à ce jour;365.24;7313;1589.22 (2022-2023) · 365.24 (2024-2025)
2026-09-13;Casablanca;Faculté privée de commerce et de gestion — Université internationale de Casablanca;;Marketing et Communication Digitale;Stratégie Marketing et Communication Digitale · Marketing Digital et E-Commerce;2025-2026;échéance atteinte, renouvellement non publié à ce jour;655.25;7431;1589.22 (2022-2023) · 365.24 (2024-2025) · 655.25 (2025-2026)
2026-09-13;Casablanca;Faculté privée de commerce et de gestion — Université internationale de Casablanca;;Sciences Politiques;Géopolitique et Diplomatie Internationale · Gouvernance des Organisations Publiques;2025-2026;échéance atteinte, renouvellement non publié à ce jour;655.25;7431;365.24 (2025-2026) · 365.24 (2024-2025) · 655.25 (2025-2026)
2026-09-13;Casablanca;Faculté privée de commerce et de gestion — Université internationale de Casablanca;;Sciences de gestion;;2025-2026;échéance atteinte, renouvellement non publié à ce jour;365.24;7313;1176.23 (2024-2025) · 365.24 (2025-2026)
2026-09-13;Casablanca;Faculté privée de droit et de sciences politiques — Université internationale Ibn Rochd;;Droit des Affaires;;2026-2027;accréditation en cours;1246.26;7535;1246.26 (2027-2028) · 1246.26 (2026-2027)
2026-09-13;Casablanca;Faculté privée de médecine et de pharmacie — Université internationale de Casablanca;;Médecine générale;;2029-2030;accréditation en cours;655.25;7431;655.25 (2029-2030)
2026-09-13;Casablanca;Faculté privée de médecine et de pharmacie — Université internationale de Casablanca;;Pharmacie;;2029-2030;accréditation en cours;655.25;7431;655.25 (2029-2030)
2026-09-13;Casablanca;Faculté privée des sciences de la santé — Université internationale de Casablanca;;Biologie Médicale et Techniques de Laboratoire;;2025-2026;échéance atteinte, renouvellement non publié à ce jour;365.24;7313;365.24 (2025-2026)
2026-09-13;Casablanca;Faculté privée des sciences de la santé — Université internationale de Casablanca;;Biotechnologies et Innovation;;2023-2024;échéance atteinte, renouvellement non publié à ce jour;1589.22;7175;1589.22 (2023-2024)
2026-09-13;Casablanca;Faculté privée des sciences de la santé — Université internationale de Casablanca;;Biotechnologies et Innovations;;2025-2026;échéance atteinte, renouvellement non publié à ce jour;655.25;7431;1342.23 (2022-2023) · 365.24 (2024-2025) · 655.25 (2025-2026)
2026-09-13;Casablanca;Faculté privée des sciences de la santé — Université internationale de Casablanca;;Biotechnologies et Santé;;2025-2026;échéance atteinte, renouvellement non publié à ce jour;365.24;7313;1176.23 (2024-2025) · 365.24 (2025-2026)
2026-09-13;Casablanca;Faculté privée des sciences de la santé — Université internationale de Casablanca;;Kinésithérapie;;2025-2026;échéance atteinte, renouvellement non publié à ce jour;365.24;7313;1589.22 (2023-2024) · 365.24 (2025-2026)
2026-09-13;Casablanca;Faculté privée des sciences de la santé — Université internationale de Casablanca;;Neuropsychologie Clinique;;2025-2026;échéance atteinte, renouvellement non publié à ce jour;655.25;7431;1589.22 (2022-2023) · 365.24 (2024-2025) · 655.25 (2025-2026)
2026-09-13;Casablanca;Faculté privée des sciences de la santé — Université internationale de Casablanca;;Neuroscience Cognitive Clinique;;2023-2024;échéance atteinte, renouvellement non publié à ce jour;1176.23;7194;1176.23 (2023-2024)
2026-09-13;Casablanca;Faculté privée des sciences de la santé — Université internationale de Casablanca;;Neurosciences Cognitives Cliniques;;2025-2026;échéance atteinte, renouvellement non publié à ce jour;655.25;7431;655.25 (2025-2026)
2026-09-13;Casablanca;Faculté privée des sciences de la santé — Université internationale de Casablanca;;Nutrition Humaine, Sécurité Sanitaire des Aliments et Santé;;2023-2024;échéance atteinte, renouvellement non publié à ce jour;1176.23;7194;1176.23 (2023-2024)
2026-09-13;Casablanca;Faculté privée des sciences de la santé — Université internationale de Casablanca;;Nutrition et Diététique;;2025-2026;échéance atteinte, renouvellement non publié à ce jour;365.24;7313;1589.22 (2023-2024) · 365.24 (2025-2026)
2026-09-13;Casablanca;Faculté privée des sciences de la santé — Université internationale de Casablanca;;Nutrition et Sciences des Aliments;;2025-2026;échéance atteinte, renouvellement non publié à ce jour;655.25;7431;655.25 (2025-2026)
2026-09-13;Casablanca;Faculté privée des sciences de la santé — Université internationale de Casablanca;;Optique;;2025-2026;échéance atteinte, renouvellement non publié à ce jour;365.24;7313;365.24 (2025-2026)
2026-09-13;Casablanca;Faculté privée des sciences de la santé — Université internationale de Casablanca;;Orthophonie;;2025-2026;échéance atteinte, renouvellement non publié à ce jour;365.24;7313;1589.22 (2023-2024) · 365.24 (2025-2026)
2026-09-13;Casablanca;Faculté privée des sciences de la santé — Université internationale de Casablanca;;Orthoptie;;2025-2026;échéance atteinte, renouvellement non publié à ce jour;365.24;7313;365.24 (2025-2026)
2026-09-13;Casablanca;Faculté privée des sciences de la santé — Université internationale de Casablanca;;Psychologie;;2025-2026;échéance atteinte, renouvellement non publié à ce jour;365.24;7313;365.24 (2025-2026)
2026-09-13;Casablanca;Faculté privée des sciences de la santé — Université internationale de Casablanca;;Psychologie Clinique et Psychopathologie;;2025-2026;échéance atteinte, renouvellement non publié à ce jour;655.25;7431;1589.22 (2022-2023) · 365.24 (2024-2025) · 655.25 (2025-2026)
2026-09-13;Casablanca;Faculté privée des sciences de la santé — Université internationale de Casablanca;;Psychomotricité;;2025-2026;échéance atteinte, renouvellement non publié à ce jour;365.24;7313;1589.22 (2023-2024) · 365.24 (2025-2026)
2026-09-13;Casablanca;Faculté privée des sciences de la santé — Université internationale de Casablanca;;Sciences Infirmières;Infirmier en Anesthésie et Réanimation;2025-2026;échéance atteinte, renouvellement non publié à ce jour;365.24;7313;1176.23 (2024-2025) · 365.24 (2025-2026) · 365.24 (2025-2026)
2026-09-13;Casablanca;Faculté privée des sciences de la santé — Université internationale de Casablanca;;Sciences de la Santé;;2025-2026;échéance atteinte, renouvellement non publié à ce jour;365.24;7313;365.24 (2025-2026)
2026-09-13;Casablanca;Faculté privée des sciences de la santé — Université internationale de Casablanca;;Techniques de Santé;Imagerie Médicale;2025-2026;échéance atteinte, renouvellement non publié à ce jour;365.24;7313;1176.23 (2024-2025) · 365.24 (2025-2026)
2026-09-13;Casablanca;Faculté privée ouverte d'informatique et d'intelligence artificielle — Université arabe ouverte;;Computer Science;;2027-2028;accréditation en cours;1246.26;7535;1246.26 (2027-2028)
2026-09-13;Casablanca;Faculté privée ouverte d'informatique et d'intelligence artificielle — Université arabe ouverte;;Data Science;;2027-2028;accréditation en cours;1246.26;7535;1246.26 (2027-2028)
2026-09-13;Casablanca;Faculté privée ouverte d'études commerciales — Université arabe ouverte;;Business Administration;;2027-2028;accréditation en cours;1246.26;7535;1246.26 (2027-2028)
2026-09-13;Casablanca;Faculté privée ouverte des langues et des médias — Université arabe ouverte;;English Language, Literature and Translation;;2027-2028;accréditation en cours;1246.26;7535;1246.26 (2027-2028)
2026-09-13;Casablanca;Institut des hautes études de management;HEM;Business Administration;;2026-2027;accréditation en cours;655.25;7431;655.25 (2026-2027)
2026-09-13;Casablanca;Institut des hautes études de management;HEM;Comptabilité, Contrôle et Audit;;2025-2026;échéance atteinte, renouvellement non publié à ce jour;655.25;7431;1589.22 (2022-2023) · 365.24 (2024-2025) · 655.25 (2025-2026)
2026-09-13;Casablanca;Institut des hautes études de management;HEM;Droit des Affaires et Management des Entreprises;;2026-2027;accréditation en cours;655.25;7431;655.25 (2026-2027)
2026-09-13;Casablanca;Institut des hautes études de management;HEM;Finance;;2024-2025;échéance atteinte, renouvellement non publié à ce jour;365.24;7313;1589.22 (2022-2023) · 365.24 (2024-2025)
2026-09-13;Casablanca;Institut des hautes études de management;HEM;Management Financier;Ingénierie Financière · Banque et Gestion des Investissements;2025-2026;échéance atteinte, renouvellement non publié à ce jour;655.25;7431;655.25 (2025-2026)
2026-09-13;Casablanca;Institut des hautes études de management;HEM;Management International et Logistique;;2025-2026;échéance atteinte, renouvellement non publié à ce jour;655.25;7431;1589.22 (2022-2023) · 365.24 (2024-2025) · 655.25 (2025-2026)
2026-09-13;Casablanca;Institut des hautes études de management;HEM;Management des Ressources Humaines;;2024-2025;échéance atteinte, renouvellement non publié à ce jour;365.24;7313;1589.22 (2022-2023) · 365.24 (2024-2025)
2026-09-13;Casablanca;Institut des hautes études de management;HEM;Management du Sport;;2025-2026;échéance atteinte, renouvellement non publié à ce jour;655.25;7431;655.25 (2025-2026)
2026-09-13;Casablanca;Institut des hautes études de management;HEM;Management général;;2025-2026;échéance atteinte, renouvellement non publié à ce jour;365.24;7313;365.24 (2025-2026)
2026-09-13;Casablanca;Institut des hautes études de management;HEM;Marketing;Gestion Commerciale et Développement des Ventes · Communication et Expérience Client;2025-2026;échéance atteinte, renouvellement non publié à ce jour;655.25;7431;1589.22 (2022-2023) · 365.24 (2024-2025) · 655.25 (2025-2026)
2026-09-13;Casablanca;Institut des hautes études paramédicales et sociales;IHEPS;Diététique;;2025-2026;échéance atteinte, renouvellement non publié à ce jour;365.24;7313;1176.23 (2024-2025) · 365.24 (2025-2026)
2026-09-13;Casablanca;Institut des hautes études paramédicales et sociales;IHEPS;Infirmier Polyvalent;;2025-2026;échéance atteinte, renouvellement non publié à ce jour;365.24;7313;365.24 (2025-2026)
2026-09-13;Casablanca;Institut des hautes études paramédicales et sociales;IHEPS;Infirmier en Anesthésie et Réanimation;;2025-2026;échéance atteinte, renouvellement non publié à ce jour;365.24;7313;365.24 (2025-2026)
2026-09-13;Casablanca;Institut des hautes études paramédicales et sociales;IHEPS;Kinésithérapie;;2026-2027;accréditation en cours;1246.26;7535;1176.23 (2024-2025) · 1176.23 (2023-2024) · 365.24 (2025-2026) · 1246.26 (2026-2027)
2026-09-13;Casablanca;Institut des hautes études paramédicales et sociales;IHEPS;Management de la Qualité en Etablissements de Santé;;2024-2025;échéance atteinte, renouvellement non publié à ce jour;365.24;7313;1589.22 (2022-2023) · 365.24 (2024-2025)
2026-09-13;Casablanca;Institut des hautes études paramédicales et sociales;IHEPS;Management de la qualité et de la Gestion des Risques en Etablissements de Santé;;2024-2025;échéance atteinte, renouvellement non publié à ce jour;365.24;7313;1589.22 (2022-2023) · 365.24 (2024-2025)
2026-09-13;Casablanca;Institut des hautes études paramédicales et sociales;IHEPS;Orthophonie;;2026-2027;accréditation en cours;1246.26;7535;1176.23 (2024-2025) · 1176.23 (2023-2024) · 365.24 (2025-2026) · 1246.26 (2026-2027)
2026-09-13;Casablanca;Institut des hautes études paramédicales et sociales;IHEPS;Orthoptie;;2025-2026;échéance atteinte, renouvellement non publié à ce jour;365.24;7313;1176.23 (2024-2025) · 365.24 (2025-2026)
2026-09-13;Casablanca;Institut des hautes études paramédicales et sociales;IHEPS;Psychomotricité;;2025-2026;échéance atteinte, renouvellement non publié à ce jour;365.24;7313;1176.23 (2024-2025) · 365.24 (2025-2026)
2026-09-13;Casablanca;Institut des hautes études paramédicales et sociales;IHEPS;Sciences Alimentaires et Nutrition Humaine;;2023-2024;échéance atteinte, renouvellement non publié à ce jour;1176.23;7194;1176.23 (2023-2024)
2026-09-13;Casablanca;Institut des hautes études paramédicales et sociales;IHEPS;Sciences de la Santé;Neurosciences;2024-2025;échéance atteinte, renouvellement non publié à ce jour;365.24;7313;365.24 (2024-2025)
2026-09-13;Casablanca;Institut international de santé numérique — UM6SS;UM6SS;Digital Health Engineering;;2026-2027;accréditation en cours;1176.23;7194;1176.23 (2026-2027)
2026-09-13;Casablanca;Institut polytechnique privé de Casablanca;;Big Data et Intelligence Artificielle en Finance et Logistique;;2023-2024;échéance atteinte, renouvellement non publié à ce jour;1589.22;7175;1589.22 (2023-2024)
2026-09-13;Casablanca;Institut polytechnique privé de Casablanca;;Big Data et Intelligence Artificielle en Finance ou Logistique;FinTech · LogiTech;2025-2026;échéance atteinte, renouvellement non publié à ce jour;365.24;7313;365.24 (2025-2026)
2026-09-13;Casablanca;Institut polytechnique privé de Casablanca;;Deux années Préparatoires en Ingénierie;;2025-2026;échéance atteinte, renouvellement non publié à ce jour;655.25;7431;655.25 (2025-2026)
2026-09-13;Casablanca;Institut polytechnique privé de Casablanca;;Génie Electrique;;2026-2027;accréditation en cours;655.25;7431;1589.22 (2025-2026) · 655.25 (2026-2027)
2026-09-13;Casablanca;Institut polytechnique privé de Casablanca;;Génie Electromécanique;Électromécanique Minière · Conception Mécanique et Robotique;2026-2027;accréditation en cours;655.25;7431;1589.22 (2025-2026) · 655.25 (2026-2027)
2026-09-13;Casablanca;Institut polytechnique privé de Casablanca;;Génie Informatique;;2026-2027;accréditation en cours;655.25;7431;1589.22 (2025-2026) · 655.25 (2026-2027)
2026-09-13;Casablanca;Institut polytechnique privé de Casablanca;;Sciences de gestion;;2025-2026;échéance atteinte, renouvellement non publié à ce jour;365.24;7313;1589.22 (2023-2024) · 1176.23 (2023-2024) · 365.24 (2025-2026)
2026-09-13;Casablanca;Institut privé Mundiapolis des sciences politiques, juridiques et sociales — Université Mundiapolis;;Droit des Affaires;;2025-2026;échéance atteinte, renouvellement non publié à ce jour;655.25;7431;1176.23 (2023-2024) · 365.24 (2025-2026) · 655.25 (2025-2026)
2026-09-13;Casablanca;Institut privé Mundiapolis des sciences politiques, juridiques et sociales — Université Mundiapolis;;Droit du Contentieux Public et Administratif;;2025-2026;échéance atteinte, renouvellement non publié à ce jour;655.25;7431;655.25 (2025-2026)
2026-09-13;Casablanca;Institut privé Mundiapolis des sciences politiques, juridiques et sociales — Université Mundiapolis;;Médias, Communication et Journalisme;;2026-2027;accréditation en cours;655.25;7431;655.25 (2026-2027)
2026-09-13;Casablanca;Institut privé Mundiapolis des sciences politiques, juridiques et sociales — Université Mundiapolis;;Relations Internationales et Diplomatie;;2024-2025;échéance atteinte, renouvellement non publié à ce jour;365.24;7313;1589.22 (2022-2023) · 365.24 (2024-2025)
2026-09-13;Casablanca;Institut privé Mundiapolis des sciences politiques, juridiques et sociales — Université Mundiapolis;;Relations Internationales et Sciences Politiques;;2025-2026;échéance atteinte, renouvellement non publié à ce jour;365.24;7313;1176.23 (2024-2025) · 365.24 (2025-2026)
2026-09-13;Casablanca;Institut privé Mundiapolis des sciences politiques, juridiques et sociales — Université Mundiapolis;;Relations Internationales, Géopolitiques et Diplomatie;;2025-2026;échéance atteinte, renouvellement non publié à ce jour;655.25;7431;655.25 (2025-2026)
2026-09-13;Casablanca;Institut privé Mundiapolis des sciences politiques, juridiques et sociales — Université Mundiapolis;;Sciences Politiques et Gouvernance;;2023-2024;échéance atteinte, renouvellement non publié à ce jour;1589.22;7175;1589.22 (2023-2024)
2026-09-13;Casablanca;Institut privé de management (Adalia);ADALIA;Administration des Affaires et Innovation Numérique;Finance, Contrôle et Gestion · Management de l'Innovation et Design Thinking · Marketing et Communication Digitale;2025-2026;échéance atteinte, renouvellement non publié à ce jour;365.24;7313;1589.22 (2023-2024) · 365.24 (2025-2026)
2026-09-13;Casablanca;Institut privé de management (Adalia);ADALIA;Management d’Entrepreneuriat et Innovation;;2024-2025;échéance atteinte, renouvellement non publié à ce jour;365.24;7313;1589.22 (2022-2023) · 365.24 (2024-2025)
2026-09-13;Casablanca;Institut privé de management (Adalia);ADALIA;Management et Stratégie;Innovation, Marketing Digital et Entrepreneuriat · Gouvernance, Droit et Gestion des Ressources Humaines · Finance, Contrôle et Audit;2025-2026;échéance atteinte, renouvellement non publié à ce jour;655.25;7431;655.25 (2025-2026)
2026-09-13;Casablanca;Institut privé de management (Adalia);ADALIA;Stratégie et Management;Entrepreneuriat, Innovation et Marketing Digital · Finance, Comptabilité, Contrôle et Audit · Droit Social et Gestion des Ressources Humaines;2024-2025;échéance atteinte, renouvellement non publié à ce jour;365.24;7313;365.24 (2024-2025)
2026-09-13;Casablanca;Institut privé des hautes études marocaines d'ingénierie;;BIG DATA et Aide à la décision;;2024-2025;échéance atteinte, renouvellement non publié à ce jour;365.24;7313;365.24 (2024-2025)
2026-09-13;Casablanca;Institut privé des hautes études marocaines d'ingénierie;;Ingénierie Informatique;Intelligence Artificielle et Big Data · Cyber Sécurité;2025-2026;échéance atteinte, renouvellement non publié à ce jour;655.25;7431;655.25 (2025-2026)
2026-09-13;Casablanca;Institut privé des hautes études marocaines d'ingénierie;;Intelligence Artificielle et Sciences des Données;;2024-2025;échéance atteinte, renouvellement non publié à ce jour;365.24;7313;365.24 (2024-2025)
2026-09-13;Casablanca;Institut spécialisé privé des sciences de la santé;ISPS;Anesthésie et Réanimation;;2025-2026;échéance atteinte, renouvellement non publié à ce jour;365.24;7313;365.24 (2025-2026)
2026-09-13;Casablanca;Institut spécialisé privé des sciences de la santé;ISPS;Manipulateur en Radiologie et Imagerie Médicale;;2026-2027;accréditation en cours;655.25;7431;655.25 (2026-2027)
2026-09-13;Casablanca;Institut supérieur Mohammed VI des sciences biologiques et biotechnologies — Université Mohammed VI des sciences et de la santé;UM6SS;Biologie des Cancers;;2023-2024;échéance atteinte, renouvellement non publié à ce jour;1176.23;7194;1176.23 (2023-2024)
2026-09-13;Casablanca;Institut supérieur Mohammed VI des sciences biologiques et biotechnologies — Université Mohammed VI des sciences et de la santé;UM6SS;Biosécurité, Biosûreté et One Health;;2024-2025;échéance atteinte, renouvellement non publié à ce jour;365.24;7313;365.24 (2024-2025)
2026-09-13;Casablanca;Institut supérieur Mohammed VI des sciences biologiques et biotechnologies — Université Mohammed VI des sciences et de la santé;UM6SS;Biotechnologie Agroalimentaire;;2024-2025;échéance atteinte, renouvellement non publié à ce jour;365.24;7313;365.24 (2024-2025)
2026-09-13;Casablanca;Institut supérieur Mohammed VI des sciences biologiques et biotechnologies — Université Mohammed VI des sciences et de la santé;UM6SS;Biotechnologie Environnementale, Ecoinnovation et Ecoconception;;2024-2025;échéance atteinte, renouvellement non publié à ce jour;365.24;7313;365.24 (2024-2025)
2026-09-13;Casablanca;Institut supérieur Mohammed VI des sciences biologiques et biotechnologies — Université Mohammed VI des sciences et de la santé;UM6SS;Biotechnologie et Santé;Biotechnologie Agroalimentaire · Biotechnologie Environnementale · Biotechnologie et Santé · Génomique et Epigénétique;2025-2026;échéance atteinte, renouvellement non publié à ce jour;655.25;7431;1176.23 (2023-2024) · 655.25 (2025-2026)
2026-09-13;Casablanca;Institut supérieur Mohammed VI des sciences biologiques et biotechnologies — Université Mohammed VI des sciences et de la santé;UM6SS;Génétique, Epigénétique et Bio-Informatique;;2023-2024;échéance atteinte, renouvellement non publié à ce jour;1176.23;7194;1176.23 (2023-2024)
2026-09-13;Casablanca;Institut supérieur Mohammed VI des sciences biologiques et biotechnologies — Université Mohammed VI des sciences et de la santé;UM6SS;Immunité, Infection et Inflammation;;2023-2024;échéance atteinte, renouvellement non publié à ce jour;1176.23;7194;1176.23 (2023-2024)
2026-09-13;Casablanca;Institut supérieur Mohammed VI des sciences biologiques et biotechnologies — Université Mohammed VI des sciences et de la santé;UM6SS;Medical Biotechnology;;2024-2025;échéance atteinte, renouvellement non publié à ce jour;365.24;7313;365.24 (2024-2025)
2026-09-13;Casablanca;Institut supérieur Mohammed VI des sciences biologiques et biotechnologies — Université Mohammed VI des sciences et de la santé;UM6SS;Neurosciences Fondamentales et Appliquées;;2026-2027;accréditation en cours;1246.26;7535;1246.26 (2026-2027)
2026-09-13;Casablanca;Institut supérieur Mohammed VI des sciences biologiques et biotechnologies — Université Mohammed VI des sciences et de la santé;UM6SS;Qualité, Hygiène, Sécurité et Environnement;Biosécurité, Biosûreté et One Health · Système de Management Intégré;2025-2026;échéance atteinte, renouvellement non publié à ce jour;655.25;7431;1176.23 (2023-2024) · 655.25 (2025-2026)
2026-09-13;Casablanca;Institut supérieur Mohammed VI des sciences biologiques et biotechnologies — Université Mohammed VI des sciences et de la santé;UM6SS;Sciences Forensiques;;2024-2025;échéance atteinte, renouvellement non publié à ce jour;365.24;7313;365.24 (2024-2025)
2026-09-13;Casablanca;Institut supérieur Mohammed VI des sciences biologiques et biotechnologies — Université Mohammed VI des sciences et de la santé;UM6SS;Sciences médicolégales : Approche Fondamentale et Analytique;;2025-2026;échéance atteinte, renouvellement non publié à ce jour;655.25;7431;655.25 (2025-2026)
2026-09-13;Casablanca;Institut supérieur de gestion et de commerce;ISGC;Comptabilité, Contrôle et Audit;;2024-2025;échéance atteinte, renouvellement non publié à ce jour;365.24;7313;1589.22 (2022-2023) · 365.24 (2024-2025)
2026-09-13;Casablanca;Institut supérieur de gestion et de commerce;ISGC;Logistique;;2024-2025;échéance atteinte, renouvellement non publié à ce jour;365.24;7313;1589.22 (2022-2023) · 365.24 (2024-2025)
2026-09-13;Casablanca;Institut supérieur de gestion et de commerce;ISGC;Management;;2023-2024;échéance atteinte, renouvellement non publié à ce jour;1589.22;7175;1589.22 (2023-2024)
2026-09-13;Casablanca;Institut supérieur de gestion et de commerce;ISGC;Marketing;;2024-2025;échéance atteinte, renouvellement non publié à ce jour;365.24;7313;1589.22 (2022-2023) · 365.24 (2024-2025)
2026-09-13;Casablanca;Institut supérieur de journalisme et d'information;IFJSUP;;;2022-2023;échéance atteinte, renouvellement non publié à ce jour;1589.22;7175;1589.22 (2022-2023)
2026-09-13;Casablanca;Institut supérieur de journalisme et d'information;IFJSUP;الإعلام الرياضي;;2024-2025;échéance atteinte, renouvellement non publié à ce jour;1176.23;7194;1176.23 (2024-2025)
2026-09-13;Casablanca;Institut supérieur de journalisme et d'information;IFJSUP;الصحافة;الصحافي الشامل · الصحافي الرياضي;2025-2026;échéance atteinte, renouvellement non publié à ce jour;365.24;7313;1176.23 (2024-2025) · 365.24 (2025-2026)
2026-09-13;Casablanca;Institut supérieur de journalisme et d'information;IFJSUP;الصحافة والاتصال السمعي البصري والرقمي;صحافي سكرتير التحرير · صحافي مخرج ومقدم للنشرات والبرامج الإذاعية والتلفزية · صحافي محلل ومعلق رياضي;2025-2026;échéance atteinte, renouvellement non publié à ce jour;655.25;7431;1176.23 (2023-2024) · 655.25 (2025-2026)
2026-09-13;Casablanca;Institut supérieur de journalisme et d'information;IFJSUP;دبلوماسية الإعلام الرياضي;الصحفي الناطق الرسمي والمستشار في شؤون العمل · الدبلوماسي الرياضي · الصحفي الخبير في · أ .اإلنتاج والإخراج للنشرات والبرامج الرياضية · ب .التعليق والتحليل الرياضي · صحفي الدبلوماسية الرياضية والعلاقات العامة;2024-2025;échéance atteinte, renouvellement non publié à ce jour;365.24;7313;365.24 (2024-2025)
2026-09-13;Casablanca;Institut supérieur de journalisme et d'information;IFJSUP;هندسة تكنولوجيا الإعلام السمعي البصري;هندسة المونطاج والإخراج التلفزي · هندسة الوسائط المتعددة والأنفوغرافيا · هندسة الصوت والصورة والإضاءة;2025-2026;échéance atteinte, renouvellement non publié à ce jour;365.24;7313;1176.23 (2024-2025) · 365.24 (2025-2026)
2026-09-13;Casablanca;Institut supérieur de journalisme et de communication;ISJC;Sciences du journalisme et communication;Presse écrite · Radio et Télévision · Communication institutionnelle;2023-2024;échéance atteinte, renouvellement non publié à ce jour;1589.22;7175;1589.22 (2023-2024)
2026-09-13;Casablanca;Institut supérieur de journalisme et de communication;ISJC;الصحافة والإعلام;الصحافة السمعية البصرية · الصحافة المكتوبة والالكترونية;2025-2026;échéance atteinte, renouvellement non publié à ce jour;655.25;7431;1176.23 (2023-2024) · 655.25 (2025-2026)
2026-09-13;Casablanca;Institut supérieur des transports et de la logistique;ISTL;Fondamentaux pour les Etudes en Sciences de l’Ingénieur;;2023-2024;échéance atteinte, renouvellement non publié à ce jour;1176.23;7194;1176.23 (2023-2024)
2026-09-13;Casablanca;Institut supérieur des transports et de la logistique;ISTL;Génie logistique;Manager de la Chaîne Logistique · Logistique digitale;2025-2026;échéance atteinte, renouvellement non publié à ce jour;655.25;7431;1589.22 (2023-2024) · 655.25 (2025-2026)
2026-09-13;Casablanca;Institut supérieur des transports et de la logistique;ISTL;Ingénierie des Transports;Organisateurs de Transports Internationaux et Multimodaux · Commercial Transport Logistics;2024-2025;échéance atteinte, renouvellement non publié à ce jour;1176.23;7194;1176.23 (2024-2025)
2026-09-13;Casablanca;Institut supérieur des transports et de la logistique;ISTL;Ingénierie du Transport;Organisateurs de Transports Internationaux et Multimodaux · Transit et Gestion des Opérations Douanières;2026-2027;accréditation en cours;655.25;7431;655.25 (2026-2027)
2026-09-13;Casablanca;Institut supérieur des transports et de la logistique;ISTL;Logistique;Manager de la Chaîne Logistique · Achat International · E-logistique;2024-2025;échéance atteinte, renouvellement non publié à ce jour;365.24;7313;1589.22 (2022-2023) · 365.24 (2025-2026) · 365.24 (2024-2025)
2026-09-13;Casablanca;Institut supérieur des transports et de la logistique;ISTL;Transport;Transports Internationaux · Management et Droit du Transport Maritime;2024-2025;échéance atteinte, renouvellement non publié à ce jour;365.24;7313;1589.22 (2022-2023) · 365.24 (2024-2025)
2026-09-13;Casablanca;Institut supérieur des études paramédicales de Casablanca;ISEP;Infirmier Polyvalent;;2025-2026;échéance atteinte, renouvellement non publié à ce jour;365.24;7313;1589.22 (2023-2024) · 365.24 (2025-2026)
2026-09-13;Casablanca;Institut supérieur des études paramédicales de Casablanca;ISEP;Infirmier en Anesthésie et Réanimation;;2025-2026;échéance atteinte, renouvellement non publié à ce jour;365.24;7313;1589.22 (2023-2024) · 365.24 (2025-2026)
2026-09-13;Casablanca;Institut supérieur des études paramédicales de Casablanca;ISEP;Infirmier en Bloc Opératoire;;2025-2026;échéance atteinte, renouvellement non publié à ce jour;365.24;7313;365.24 (2025-2026)
2026-09-13;Casablanca;Institut supérieur des études paramédicales de Casablanca;ISEP;Infirmier en Néonatologie et Pédiatrie;;2025-2026;échéance atteinte, renouvellement non publié à ce jour;365.24;7313;365.24 (2025-2026)
2026-09-13;Casablanca;Institut supérieur des études paramédicales de Casablanca;ISEP;Kinésithérapie;;2025-2026;échéance atteinte, renouvellement non publié à ce jour;365.24;7313;365.24 (2025-2026)
2026-09-13;Casablanca;Institut supérieur des études paramédicales de Casablanca;ISEP;Sage-femme;;2025-2026;échéance atteinte, renouvellement non publié à ce jour;365.24;7313;1589.22 (2023-2024) · 365.24 (2025-2026)
2026-09-13;Casablanca;Institut supérieur du génie appliqué;IGA;Classes Préparatoires Intégrées;;2025-2026;échéance atteinte, renouvellement non publié à ce jour;655.25;7431;365.24 (2024-2025) · 655.25 (2025-2026)
2026-09-13;Casablanca;Institut supérieur du génie appliqué;IGA;Cycle Préparatoire Intégré;;2022-2023;échéance atteinte, renouvellement non publié à ce jour;1589.22;7175;1589.22 (2022-2023)
2026-09-13;Casablanca;Institut supérieur du génie appliqué;IGA;Cycle Préparatoire au Cycle d'Ingénieur en Génie Financier et Audit;;2025-2026;échéance atteinte, renouvellement non publié à ce jour;655.25;7431;365.24 (2024-2025) · 655.25 (2025-2026)
2026-09-13;Casablanca;Institut supérieur du génie appliqué;IGA;Finance, Contrôle et Audit;Audit et Contrôle de Gestion · Génie Financier;2026-2027;accréditation en cours;1246.26;7535;655.25 (2025-2026) · 1246.26 (2026-2027)
2026-09-13;Casablanca;Institut supérieur du génie appliqué;IGA;Génie Financier et Audit;Comptabilité, Contrôle et Audit · Génie Financier;2026-2027;accréditation en cours;655.25;7431;365.24 (2025-2026) · 655.25 (2026-2027)
2026-09-13;Casablanca;Institut supérieur du génie appliqué;IGA;Génie Informatique;Développement Logiciel et Technologies de l'Information · Systèmes et Réseaux Informatiques;2026-2027;accréditation en cours;655.25;7431;1589.22 (2023-2024) · 655.25 (2026-2027)
2026-09-13;Casablanca;Institut supérieur du génie appliqué;IGA;Génie Électrique;Automatique et Informatique Industrielle · Télécoms , Réseaux et Systèmes Embarqués;2026-2027;accréditation en cours;655.25;7431;1589.22 (2023-2024) · 655.25 (2026-2027)
2026-09-13;Casablanca;Institut supérieur du génie appliqué;IGA;Ingénierie;Ingénierie des Logiciels et Traitement d'Images · Ingénierie des Réseaux Informatiques et Sécurité · Ingénierie des Systèmes Automatisés et Contrôle Qualité · Ingénierie des Télécoms, Réseaux et Systèmes Embarqués;2024-2025;échéance atteinte, renouvellement non publié à ce jour;365.24;7313;1589.22 (2022-2023) · 365.24 (2025-2026) · 365.24 (2024-2025)
2026-09-13;Casablanca;Institut supérieur du génie appliqué;IGA;Marketing Digital et Commerce International;Marketing Digital · Commerce International et Logistique;2026-2027;accréditation en cours;1246.26;7535;655.25 (2025-2026) · 1246.26 (2026-2027)
2026-09-13;Casablanca;Institut supérieur du génie appliqué;IGA;Systèmes d'Information Appliqués à la Gestion des Entreprises;;2025-2026;échéance atteinte, renouvellement non publié à ce jour;365.24;7313;1589.22 (2023-2024) · 365.24 (2025-2026)
2026-09-13;Casablanca;Institut supérieur du génie appliqué;IGA;Systèmes d’Information et Management d’Entreprise;Système d’information, Audit et Contrôle de Gestion · Système d’information et Génie Financier · Système d’Information, Marketing et Commerce;2024-2025;échéance atteinte, renouvellement non publié à ce jour;629.25;7395;1589.22 (2022-2023) · 365.24 (2025-2026) · 365.24 (2024-2025) · 629.25 (2024-2025)
2026-09-13;Casablanca;Institut supérieur maghrébin d'optique et d'optométrie;ISMOO;Optique et Optométrie;;2025-2026;échéance atteinte, renouvellement non publié à ce jour;365.24;7313;365.24 (2025-2026)
2026-09-13;Casablanca;Institut supérieur privé d'ingénierie et des affaires;ISGA;Années Préparatoires en Systèmes Informatiques et Electroniques;;2025-2026;échéance atteinte, renouvellement non publié à ce jour;655.25;7431;655.25 (2025-2026)
2026-09-13;Casablanca;Institut supérieur privé d'ingénierie et des affaires;ISGA;Comptabilité et Finance;Comptabilité, Contrôle et Audit · Ingénierie Financière;2025-2026;échéance atteinte, renouvellement non publié à ce jour;655.25;7431;655.25 (2025-2026)
2026-09-13;Casablanca;Institut supérieur privé d'ingénierie et des affaires;ISGA;Deux Années préparatoires en Systèmes Informatiques et Electroniques;;2023-2024;échéance atteinte, renouvellement non publié à ce jour;1176.23;7194;1176.23 (2023-2024)
2026-09-13;Casablanca;Institut supérieur privé d'ingénierie et des affaires;ISGA;Ingénierie;Ingénierie Logicielle et Développement WEB · Architecture et Sécurité des Systèmes Informatiques;2024-2025;échéance atteinte, renouvellement non publié à ce jour;365.24;7313;1589.22 (2022-2023) · 365.24 (2024-2025)
2026-09-13;Casablanca;Institut supérieur privé d'ingénierie et des affaires;ISGA;Ingénierie des Systèmes Informatiques;Ingénierie des Réseaux, Systèmes et Sécurité · Intelligence Artificielle et BIG DATA · Ingénierie du Développement Web et Mobile;2026-2027;accréditation en cours;655.25;7431;1176.23 (2024-2025) · 655.25 (2026-2027)
2026-09-13;Casablanca;Institut supérieur privé d'ingénierie et des affaires;ISGA;Management des Entreprises et Systèmes Digitaux;Finance et Contrôle · Marketing et Commerce;2025-2026;échéance atteinte, renouvellement non publié à ce jour;365.24;7313;365.24 (2025-2026)
2026-09-13;Casablanca;Institut supérieur privé d'ingénierie et des affaires;ISGA;Marketing Digital et E- Commerce;;2025-2026;échéance atteinte, renouvellement non publié à ce jour;655.25;7431;655.25 (2025-2026)
2026-09-13;Casablanca;Institut supérieur privé d'ingénierie et des affaires;ISGA;Systèmes d'Information et Management des Entreprises;Système d'information, Audit et Contrôle de Gestion · Système d'Information, Marketing et Commerce;2021-2022;échéance atteinte, renouvellement non publié à ce jour;1340.23;7224;1340.23 (2021-2022)
2026-09-13;Casablanca;Institut supérieur privé d'ingénierie et des affaires;ISGA;Systèmes d’Information et Management d’Entreprise;Système d'Information et Génie Financier · Système d'Information, Audit et Contrôle de Gestion · Système d'Information, Marketing et Commerce;2024-2025;échéance atteinte, renouvellement non publié à ce jour;365.24;7313;1589.22 (2022-2023) · 365.24 (2024-2025)
2026-09-13;Casablanca;Institut supérieur privé d'ingénierie et des affaires;ISGA;Systèmes d’Information et Management d’Entreprises;Système d’information, Audit et Contrôle de Gestion · Système d’Information, Marketing et Commerce;2023-2024;échéance atteinte, renouvellement non publié à ce jour;1589.22;7175;1589.22 (2023-2024)
2026-09-13;Casablanca;Institut supérieur privé d'optique théorique et appliquée;ISOTA;Optique et Optométrie;;2025-2026;échéance atteinte, renouvellement non publié à ce jour;365.24;7313;365.24 (2025-2026)
2026-09-13;Casablanca;Institut supérieur privé de formation en technologies agroalimentaires et ingénierie appliquée;ISFORT;Classes Préparatoires Intégrées au Cycle d'Ingénieur en Agroalimentaire.;;2024-2025;échéance atteinte, renouvellement non publié à ce jour;365.24;7313;365.24 (2024-2025)
2026-09-13;Casablanca;Institut supérieur privé de formation en technologies agroalimentaires et ingénierie appliquée;ISFORT;Ingénierie des Technologies Agroalimentaires;;2026-2027;accréditation en cours;1246.26;7535;1246.26 (2026-2027)
2026-09-13;Casablanca;Institut supérieur privé de formation en technologies agroalimentaires et ingénierie appliquée;ISFORT;Ingénierie du Management Qualité, Hygiène, Sécurité et Environnement;;2025-2026;échéance atteinte, renouvellement non publié à ce jour;655.25;7431;1176.23 (2023-2024) · 655.25 (2025-2026)
2026-09-13;Casablanca;Institut supérieur privé de formation en technologies agroalimentaires et ingénierie appliquée;ISFORT;Qualité, Hygiène, Sécurité et Environnement;;2026-2027;accréditation en cours;655.25;7431;655.25 (2026-2027)
2026-09-13;Casablanca;Institut supérieur privé de formation en technologies agroalimentaires et ingénierie appliquée;ISFORT;Sciences et Technologies Agroalimentaires;;2025-2026;échéance atteinte, renouvellement non publié à ce jour;365.24;7313;365.24 (2025-2026)
2026-09-13;Casablanca;Institut supérieur privé des études paramédicales;ISPEP;Infirmier Polyvalent;;2025-2026;échéance atteinte, renouvellement non publié à ce jour;365.24;7313;365.24 (2025-2026)
2026-09-13;Casablanca;Institut supérieur privé des études paramédicales;ISPEP;Manipulateurs en Electroradiologie Médicale;;2024-2025;échéance atteinte, renouvellement non publié à ce jour;1176.23;7194;1176.23 (2024-2025)
2026-09-13;Casablanca;Instituts supérieurs des sciences et technologies;SIST;Business Management;;2025-2026;échéance atteinte, renouvellement non publié à ce jour;655.25;7431;1589.22 (2023-2024) · 1176.23 (2023-2024) · 655.25 (2026-2027) · 655.25 (2025-2026)
2026-09-13;Casablanca;Instituts supérieurs des sciences et technologies;SIST;Management Information Systems;;2027-2028;accréditation en cours;1246.26;7535;1176.23 (2024-2025) · 1246.26 (2027-2028)
2026-09-13;Casablanca;PIIMT;PIIMT;Management;Project Management · Financial Management · Information Systems Management;2023-2024;échéance atteinte, renouvellement non publié à ce jour;1176.23;7194;1176.23 (2023-2024)
2026-09-13;Casablanca;École Centrale Casablanca;ECC;Ingénieur Centralien Généraliste;;2026-2027;accréditation en cours;655.25;7431;1341.23 (2022-2023) · 655.25 (2026-2027)
2026-09-13;Casablanca;École Centrale Casablanca;ECC;Sciences and Technology;;2027-2028;accréditation en cours;1246.26;7535;1176.23 (2024-2025) · 1246.26 (2027-2028)
2026-09-13;Casablanca;École Mohammed VI de médecine vétérinaire — Université Mohammed VI des sciences et de la santé;UM6SS;Médecine Vétérinaire;;2029-2030;accréditation en cours;655.25;7431;655.25 (2029-2030)
2026-09-13;Casablanca;École atlantique privée d'ingénierie;AES;Génie Electrique et Energies;Transition et Efficacité Energétique · Electrique et Automatismes;2026-2027;accréditation en cours;655.25;7431;655.25 (2026-2027)
2026-09-13;Casablanca;École atlantique privée d'ingénierie;AES;Génie Industriel;Systèmes Industriels · Ingénierie de la Chaîne logistique;2026-2027;accréditation en cours;655.25;7431;655.25 (2026-2027)
2026-09-13;Casablanca;École atlantique privée d'ingénierie;AES;Génie Informatique;Intelligence Artificielle et Data Analytics · Cyber Sécurité et Protection des Données · Développement et Cloud Computing;2026-2027;accréditation en cours;655.25;7431;655.25 (2026-2027)
2026-09-13;Casablanca;École atlantique privée d'ingénierie;AES;Génie Informatique, Objets Connectés et Sécurité;;2027-2028;accréditation en cours;365.24;7313;365.24 (2027-2028)
2026-09-13;Casablanca;École atlantique privée d'ingénierie;AES;Sciences et Techniques Pour l’Ingénieur;;2025-2026;échéance atteinte, renouvellement non publié à ce jour;655.25;7431;655.25 (2025-2026)
2026-09-13;Casablanca;École atlantique privée de management (Atlantic Business School);ABS;Finance, Comptabilité, Contrôle et Audit;Comptabilité, Contrôle et Audit de l'Entreprise · Corporate Finance;2025-2026;échéance atteinte, renouvellement non publié à ce jour;655.25;7431;655.25 (2025-2026)
2026-09-13;Casablanca;École atlantique privée de management (Atlantic Business School);ABS;Ingénierie Financière;;2025-2026;échéance atteinte, renouvellement non publié à ce jour;365.24;7313;365.24 (2025-2026)
2026-09-13;Casablanca;École atlantique privée de management (Atlantic Business School);ABS;International Business et Supply Chain;International Business · Supply Chain Management;2025-2026;échéance atteinte, renouvellement non publié à ce jour;655.25;7431;655.25 (2025-2026)
2026-09-13;Casablanca;École atlantique privée de management (Atlantic Business School);ABS;Management;Comptabilité, Contrôle et Audit de l'Entreprise · Marketing et Communication Digitale;2024-2025;échéance atteinte, renouvellement non publié à ce jour;365.24;7313;365.24 (2024-2025)
2026-09-13;Casablanca;École atlantique privée de management (Atlantic Business School);ABS;Management Public et Gouvernance Territoriale;;2025-2026;échéance atteinte, renouvellement non publié à ce jour;365.24;7313;365.24 (2025-2026)
2026-09-13;Casablanca;École atlantique privée de management (Atlantic Business School);ABS;Management des Entreprises;Vente et Développement Commercial · Achat et Supply Chain · Gestion Comptable et Fiscale;2026-2027;accréditation en cours;655.25;7431;655.25 (2026-2027)
2026-09-13;Casablanca;École atlantique privée de management (Atlantic Business School);ABS;Management et Stratégie Digitale;Management des Ressources Humaines · Stratégie Marketing et Digitale;2025-2026;échéance atteinte, renouvellement non publié à ce jour;655.25;7431;655.25 (2025-2026)
2026-09-13;Casablanca;École atlantique privée de management (Atlantic Business School);ABS;Marketing Digital;;2025-2026;échéance atteinte, renouvellement non publié à ce jour;365.24;7313;365.24 (2025-2026)
2026-09-13;Casablanca;École d'ingénierie des systèmes industriels;EIGSICA;Génie des Systèmes Industriels;;2028-2029;accréditation en cours;655.25;7431;655.25 (2028-2029)
2026-09-13;Casablanca;École d'ingénierie des systèmes industriels;EIGSICA;Management des Systèmes Industriels;Logistique · Aéronautique;2025-2026;échéance atteinte, renouvellement non publié à ce jour;365.24;7313;365.24 (2025-2026)
2026-09-13;Casablanca;École de management de Casablanca;EMLC;Administration des Affaires;;2025-2026;échéance atteinte, renouvellement non publié à ce jour;365.24;7313;365.24 (2025-2026)
2026-09-13;Casablanca;École de management de Casablanca;EMLC;Business Administration;International Business;2023-2024;échéance atteinte, renouvellement non publié à ce jour;1589.22;7175;1589.22 (2023-2024)
2026-09-13;Casablanca;École de management de Casablanca;EMLC;Management et conduite des Organisations;;2023-2024;échéance atteinte, renouvellement non publié à ce jour;1589.22;7175;1589.22 (2023-2024)
2026-09-13;Casablanca;École de management de Casablanca (Toulouse Business School Casablanca);TBS;Audit, Contrôle et Finance en Environnement International;;2024-2025;échéance atteinte, renouvellement non publié à ce jour;365.24;7313;1589.22 (2022-2023) · 365.24 (2024-2025)
2026-09-13;Casablanca;École de management de Casablanca (Toulouse Business School Casablanca);TBS;Audit, Contrôle, Finance en Environnement International;;2025-2026;échéance atteinte, renouvellement non publié à ce jour;655.25;7431;655.25 (2025-2026)
2026-09-13;Casablanca;École de management de Casablanca (Toulouse Business School Casablanca);TBS;Logistique, Achats et Echanges Internationaux;;2025-2026;échéance atteinte, renouvellement non publié à ce jour;655.25;7431;1176.23 (2023-2024) · 655.25 (2025-2026)
2026-09-13;Casablanca;École de management de Casablanca (Toulouse Business School Casablanca);TBS;Management des Entreprises;;2025-2026;échéance atteinte, renouvellement non publié à ce jour;365.24;7313;365.24 (2025-2026)
2026-09-13;Casablanca;École de management de Casablanca (Toulouse Business School Casablanca);TBS;Marketing, Management et Communication;;2025-2026;échéance atteinte, renouvellement non publié à ce jour;655.25;7431;1589.22 (2022-2023) · 365.24 (2024-2025) · 655.25 (2025-2026)
2026-09-13;Casablanca;École des hautes études commerciales et informatiques (HECI);HECI;Administration des Affaires;;2025-2026;échéance atteinte, renouvellement non publié à ce jour;365.24;7313;365.24 (2025-2026)
2026-09-13;Casablanca;École des hautes études commerciales et informatiques (HECI);HECI;Audit et Contrôle de Gestion;;2024-2025;échéance atteinte, renouvellement non publié à ce jour;365.24;7313;365.24 (2024-2025)
2026-09-13;Casablanca;École des hautes études commerciales et informatiques (HECI);HECI;Finance, Audit et Contrôle de gestion;;2025-2026;échéance atteinte, renouvellement non publié à ce jour;655.25;7431;365.24 (2025-2026) · 655.25 (2025-2026)
2026-09-13;Casablanca;École des hautes études commerciales et informatiques (HECI);HECI;Management de Projet et Entrepreneuriat;;2025-2026;échéance atteinte, renouvellement non publié à ce jour;655.25;7431;365.24 (2025-2026) · 655.25 (2025-2026)
2026-09-13;Casablanca;École des hautes études commerciales et informatiques (HECI);HECI;Management de Projet et Ingénierie Entrepreneuriale;;2024-2025;échéance atteinte, renouvellement non publié à ce jour;365.24;7313;365.24 (2024-2025)
2026-09-13;Casablanca;École des hautes études commerciales et informatiques (HECI);HECI;Marketing;;2023-2024;échéance atteinte, renouvellement non publié à ce jour;1176.23;7194;1176.23 (2023-2024)
2026-09-13;Casablanca;École des hautes études commerciales et informatiques (HECI);HECI;Marketing et Communication Digitale;;2025-2026;échéance atteinte, renouvellement non publié à ce jour;655.25;7431;365.24 (2025-2026) · 655.25 (2025-2026)
2026-09-13;Casablanca;École des hautes études de biotechnologie et de santé (privée);EHEB;Biotechnologie Médicale et Bio-informatique;;2025-2026;échéance atteinte, renouvellement non publié à ce jour;655.25;7431;1589.22 (2022-2023) · 365.24 (2024-2025) · 655.25 (2025-2026)
2026-09-13;Casablanca;École des hautes études de biotechnologie et de santé (privée);EHEB;Biotechnologie et Bio-industries;Analyses et Contrôle Qualité en Industries Pharmaceutique et Cosmétique · Analyses et Qualité dans les Laboratoires Biomédicales · Biotechnologie et Santé · Technologies Alimentaires et Qualité;2023-2024;échéance atteinte, renouvellement non publié à ce jour;1589.22;7175;1589.22 (2023-2024)
2026-09-13;Casablanca;École des hautes études de biotechnologie et de santé (privée);EHEB;Biotechnologie et Bioindustries;Biotechnologie et Santé · Analyses et Contrôle Qualité en Industries Pharmaceutiques et Cosmétiques · Analyses et Qualité dans les laboratoires Biomédicaux · Technologies Alimentaires et Qualité;2025-2026;échéance atteinte, renouvellement non publié à ce jour;365.24;7313;365.24 (2025-2026)
2026-09-13;Casablanca;École des hautes études de biotechnologie et de santé (privée);EHEB;Classes Préparatoires Intégrées aux Cycles d'Ingénieurs en Biomédical et Bioindustries;;2026-2027;accréditation en cours;1246.26;7535;1246.26 (2026-2027)
2026-09-13;Casablanca;École des hautes études de biotechnologie et de santé (privée);EHEB;Génie Biomédical;;2027-2028;accréditation en cours;1246.26;7535;1246.26 (2027-2028)
2026-09-13;Casablanca;École des hautes études de biotechnologie et de santé (privée);EHEB;Industries Agroalimentaires;;2027-2028;accréditation en cours;1246.26;7535;1246.26 (2027-2028)
2026-09-13;Casablanca;École des hautes études de biotechnologie et de santé (privée);EHEB;Industries Pharmaceutiques et Cosmétiques;;2027-2028;accréditation en cours;1246.26;7535;1246.26 (2027-2028)
2026-09-13;Casablanca;École des hautes études de biotechnologie et de santé (privée);EHEB;Ingénierie et Qualité dans les Bio-industries;Technologies Alimentaires et Qualité · Qualité dans les Industries Pharmaceutiques, Cosmétique et Laboratoires;2025-2026;échéance atteinte, renouvellement non publié à ce jour;655.25;7431;655.25 (2025-2026)
2026-09-13;Casablanca;École des hautes études de biotechnologie et de santé (privée);EHEB;Ingénierie et Qualité dans les Bioindustries;Technologies Alimentaires et Qualité · Qualité dans les Industries Pharmaceutiques, le Cosmétique et les Laboratoires;2024-2025;échéance atteinte, renouvellement non publié à ce jour;365.24;7313;365.24 (2024-2025)
2026-09-13;Casablanca;École des hautes études de biotechnologie et de santé (privée);EHEB;Qualité dans les Bio-Industries;;2024-2025;échéance atteinte, renouvellement non publié à ce jour;365.24;7313;1589.22 (2022-2023) · 365.24 (2024-2025)
2026-09-13;Casablanca;École internationale Mohammed VI de santé publique — Université Mohammed VI des sciences et de la santé;UM6SS;Economie et Financement de la Santé;;2025-2026;échéance atteinte, renouvellement non publié à ce jour;655.25;7431;1176.23 (2023-2024) · 655.25 (2025-2026)
2026-09-13;Casablanca;École internationale Mohammed VI de santé publique — Université Mohammed VI des sciences et de la santé;UM6SS;Management des Etablissements de Santé;;2025-2026;échéance atteinte, renouvellement non publié à ce jour;655.25;7431;1589.22 (2022-2023) · 365.24 (2024-2025) · 655.25 (2025-2026)
2026-09-13;Casablanca;École internationale Mohammed VI de santé publique — Université Mohammed VI des sciences et de la santé;UM6SS;Santé Publique;;2025-2026;échéance atteinte, renouvellement non publié à ce jour;655.25;7431;1589.22 (2022-2023) · 365.24 (2024-2025) · 655.25 (2025-2026)
2026-09-13;Casablanca;École internationale Mohammed VI de santé publique — Université Mohammed VI des sciences et de la santé;UM6SS;Sciences des Données de Santé;;2025-2026;échéance atteinte, renouvellement non publié à ce jour;655.25;7431;655.25 (2025-2026)
2026-09-13;Casablanca;École marocaine des sciences de l'ingénieur en informatique de gestion et informatique industrielle;EMSI;Deux Années Préparatoires au Cycle d'Ingénieur;;2025-2026;échéance atteinte, renouvellement non publié à ce jour;655.25;7431;655.25 (2025-2026)
2026-09-13;Casablanca;École marocaine des sciences de l'ingénieur en informatique de gestion et informatique industrielle;EMSI;Deux Années Préparatoires au Cycle d'Ingénieur de la filière Génie Civil, Bâtiments et Travaux Publics;;2025-2026;échéance atteinte, renouvellement non publié à ce jour;655.25;7431;655.25 (2025-2026)
2026-09-13;Casablanca;École marocaine des sciences de l'ingénieur en informatique de gestion et informatique industrielle;EMSI;Deux Années Préparatoires au Cycle d'Ingénieur de la filière Génie Financier;;2025-2026;échéance atteinte, renouvellement non publié à ce jour;655.25;7431;655.25 (2025-2026)
2026-09-13;Casablanca;École marocaine des sciences de l'ingénieur en informatique de gestion et informatique industrielle;EMSI;Génie Civil, Bâtiments et Travaux Publics;;2026-2027;accréditation en cours;655.25;7431;1589.22 (2025-2026) · 655.25 (2026-2027)
2026-09-13;Casablanca;École marocaine des sciences de l'ingénieur en informatique de gestion et informatique industrielle;EMSI;Génie Electrique et Systèmes Intelligents;;2026-2027;accréditation en cours;655.25;7431;655.25 (2026-2027)
2026-09-13;Casablanca;École marocaine des sciences de l'ingénieur en informatique de gestion et informatique industrielle;EMSI;Génie Financier;Ingénierie et Corporate Finance · Actuariat et Finance;2026-2027;accréditation en cours;655.25;7431;655.25 (2026-2027)
2026-09-13;Casablanca;École marocaine des sciences de l'ingénieur en informatique de gestion et informatique industrielle;EMSI;Génie Industriel;;2026-2027;accréditation en cours;655.25;7431;1589.22 (2025-2026) · 655.25 (2026-2027)
2026-09-13;Casablanca;École marocaine des sciences de l'ingénieur en informatique de gestion et informatique industrielle;EMSI;Ingénierie Informatique et Réseaux;Développement Digitale et Systèmes d’Information · Cyber Sécurité et Infrastructures Réseaux · Intelligence Artificielle et Sciences de Données;2026-2027;accréditation en cours;655.25;7431;1589.22 (2025-2026) · 655.25 (2026-2027)
2026-09-13;Casablanca;École marocaine des sciences de l'ingénieur en informatique de gestion et informatique industrielle;EMSI;Ingénierie des Automatismes et Informatique Industrielle;;2026-2027;accréditation en cours;655.25;7431;1589.22 (2025-2026) · 655.25 (2026-2027)
2026-09-13;Casablanca;École marocaine des sciences de l'ingénieur en informatique de gestion et informatique industrielle;EMSI;Sciences de l'Ingénieur, Intelligence Artificielle et Développement Durable;;2027-2028;accréditation en cours;1246.26;7535;1246.26 (2027-2028)
2026-09-13;Casablanca;École privée d'architecture — Université internationale de Casablanca;;Architecture;;2028-2029;accréditation en cours;365.24;7313;365.24 (2028-2029)
2026-09-13;Casablanca;École privée d'architecture — Université internationale de Casablanca;;Ordonnancement , Pilotage et Coordination;;2026-2027;accréditation en cours;655.25;7431;655.25 (2026-2027)
2026-09-13;Casablanca;École privée d'ingénierie Mundiapolis — Université Mundiapolis;;Cycle Préparatoire;;2025-2026;échéance atteinte, renouvellement non publié à ce jour;655.25;7431;1589.22 (2022-2023) · 365.24 (2024-2025) · 655.25 (2025-2026)
2026-09-13;Casablanca;École privée d'ingénierie Mundiapolis — Université Mundiapolis;;Data Science et Intelligence Artificielle;;2025-2026;échéance atteinte, renouvellement non publié à ce jour;655.25;7431;1589.22 (2022-2023) · 365.24 (2024-2025) · 655.25 (2025-2026)
2026-09-13;Casablanca;École privée d'ingénierie Mundiapolis — Université Mundiapolis;;Génie Civil;;2025-2026;échéance atteinte, renouvellement non publié à ce jour;1589.22;7175;1589.22 (2025-2026)
2026-09-13;Casablanca;École privée d'ingénierie Mundiapolis — Université Mundiapolis;;Génie Industriel;;2026-2027;accréditation en cours;655.25;7431;1589.22 (2023-2024) · 655.25 (2026-2027)
2026-09-13;Casablanca;École privée d'ingénierie Mundiapolis — Université Mundiapolis;;Génie Informatique;Data Science et Intelligence Artificielle · Sécurité et Gestion des Risques · Génie Logiciel;2026-2027;accréditation en cours;655.25;7431;1589.22 (2023-2024) · 655.25 (2026-2027)
2026-09-13;Casablanca;École privée d'ingénierie Mundiapolis — Université Mundiapolis;;Génie de la Logistique Aéronautique;;2025-2026;échéance atteinte, renouvellement non publié à ce jour;365.24;7313;1589.22 (2023-2024) · 365.24 (2025-2026)
2026-09-13;Casablanca;École privée d'ingénierie Mundiapolis — Université Mundiapolis;;Génie de l’Energie et des Systèmes Electriques;;2025-2026;échéance atteinte, renouvellement non publié à ce jour;1589.22;7175;1589.22 (2025-2026)
2026-09-13;Casablanca;École privée d'ingénierie Mundiapolis — Université Mundiapolis;;Génie des Systèmes Aéronautique;;2026-2027;accréditation en cours;655.25;7431;655.25 (2026-2027)
2026-09-13;Casablanca;École privée d'ingénierie Mundiapolis — Université Mundiapolis;;Génie des Systèmes Aéronautiques;;2023-2024;échéance atteinte, renouvellement non publié à ce jour;1589.22;7175;1589.22 (2023-2024)
2026-09-13;Casablanca;École privée d'ingénierie Mundiapolis — Université Mundiapolis;;Informatique Appliquée;Cloud Computing et Sécurité · Développement Logiciel · Management des Systèmes d'Information · Technologies de l'Information et de la Communication;2025-2026;échéance atteinte, renouvellement non publié à ce jour;365.24;7313;1176.23 (2024-2025) · 365.24 (2025-2026)
2026-09-13;Casablanca;École privée d'ingénierie Mundiapolis — Université Mundiapolis;;Ingénierie de la Cyber Sécurité;;2026-2027;accréditation en cours;1246.26;7535;1246.26 (2026-2027)
2026-09-13;Casablanca;École privée d'ingénierie Mundiapolis — Université Mundiapolis;;Sciences, Techniques, Ingénierie et Développement Durable;;2024-2025;échéance atteinte, renouvellement non publié à ce jour;1176.23;7194;1176.23 (2024-2025)
2026-09-13;Casablanca;École privée d'ingénierie Mundiapolis — Université Mundiapolis;;Sciences, Technologie, Ingénierie et Développement Durable;;2025-2026;échéance atteinte, renouvellement non publié à ce jour;365.24;7313;365.24 (2025-2026)
2026-09-13;Casablanca;École privée d'ingénierie numérique et des systèmes d'intelligence artificielle;EPSINSIA;Deux années préparatoires en Sciences de l'Ingénieur en Technologies Numériques Avancées;;2023-2024;échéance atteinte, renouvellement non publié à ce jour;1176.23;7194;1176.23 (2023-2024)
2026-09-13;Casablanca;École privée d'ingénierie numérique et des systèmes d'intelligence artificielle;EPSINSIA;Ingénierie de la Cyber Sécurité et Confiance Digitale;;2024-2025;échéance atteinte, renouvellement non publié à ce jour;1176.23;7194;1176.23 (2024-2025)
2026-09-13;Casablanca;École privée d'ingénierie numérique et des systèmes d'intelligence artificielle;EPSINSIA;Ingénierie des Applications Mobiles et Réalité Virtuelle;;2024-2025;échéance atteinte, renouvellement non publié à ce jour;1176.23;7194;1176.23 (2024-2025)
2026-09-13;Casablanca;École privée d'ingénierie numérique et des systèmes d'intelligence artificielle;EPSINSIA;Ingénierie des Méga Données Analytiques;;2024-2025;échéance atteinte, renouvellement non publié à ce jour;1176.23;7194;1176.23 (2024-2025)
2026-09-13;Casablanca;École privée d'ingénierie numérique et des systèmes d'intelligence artificielle;EPSINSIA;Ingénierie des Objets Connectés Intelligents;;2024-2025;échéance atteinte, renouvellement non publié à ce jour;1176.23;7194;1176.23 (2024-2025)
2026-09-13;Casablanca;École privée d'ingénierie numérique et des systèmes d'intelligence artificielle;EPSINSIA;Ingénierie des Systèmes d'Intelligence Artificielle;;2024-2025;échéance atteinte, renouvellement non publié à ce jour;1176.23;7194;1176.23 (2024-2025)
2026-09-13;Casablanca;École privée d'ingénierie numérique et des systèmes d'intelligence artificielle;EPSINSIA;Intelligence Artificielle et Sciences des Données;;2024-2025;échéance atteinte, renouvellement non publié à ce jour;365.24;7313;365.24 (2024-2025)
2026-09-13;Casablanca;École privée d'ingénierie numérique et des systèmes d'intelligence artificielle;EPSINSIA;Sciences de l'Ingénieur en Technologies Numériques Avancées;;2025-2026;échéance atteinte, renouvellement non publié à ce jour;655.25;7431;655.25 (2025-2026)
2026-09-13;Casablanca;École privée d'ingénierie — Université internationale de Casablanca;;Bâtiment et Travaux Publics;;2025-2026;échéance atteinte, renouvellement non publié à ce jour;365.24;7313;365.24 (2025-2026)
2026-09-13;Casablanca;École privée d'ingénierie — Université internationale de Casablanca;;Classes Préparatoires Intégrées;;2025-2026;échéance atteinte, renouvellement non publié à ce jour;655.25;7431;365.24 (2024-2025) · 655.25 (2025-2026)
2026-09-13;Casablanca;École privée d'ingénierie — Université internationale de Casablanca;;Computer Science;;2025-2026;échéance atteinte, renouvellement non publié à ce jour;365.24;7313;1176.23 (2024-2025) · 365.24 (2025-2026)
2026-09-13;Casablanca;École privée d'ingénierie — Université internationale de Casablanca;;Cycle Préparatoire Intégré;;2022-2023;échéance atteinte, renouvellement non publié à ce jour;1589.22;7175;1589.22 (2022-2023)
2026-09-13;Casablanca;École privée d'ingénierie — Université internationale de Casablanca;;Data Science;;2025-2026;échéance atteinte, renouvellement non publié à ce jour;365.24;7313;365.24 (2025-2026)
2026-09-13;Casablanca;École privée d'ingénierie — Université internationale de Casablanca;;Electromécanique;;2025-2026;échéance atteinte, renouvellement non publié à ce jour;365.24;7313;365.24 (2025-2026)
2026-09-13;Casablanca;École privée d'ingénierie — Université internationale de Casablanca;;Gènie des Systèmes d'Information;;2025-2026;échéance atteinte, renouvellement non publié à ce jour;365.24;7313;365.24 (2025-2026)
2026-09-13;Casablanca;École privée d'ingénierie — Université internationale de Casablanca;;Génie Civil;Bâtiments · Hydraulique et Environnement · Techniques de Gestion en Construction · Travaux Publiques et Infrastructures;2026-2027;accréditation en cours;655.25;7431;1589.22 (2023-2024) · 655.25 (2026-2027)
2026-09-13;Casablanca;École privée d'ingénierie — Université internationale de Casablanca;;Génie Electrique;Electrotechnique et Electronique de Puissance · Energies Renouvelables · Automatique et Informatique Industrielle;2026-2027;accréditation en cours;655.25;7431;1589.22 (2023-2024) · 655.25 (2026-2027)
2026-09-13;Casablanca;École privée d'ingénierie — Université internationale de Casablanca;;Génie Energétique et Environnement;Expertise des Systèmes Energétiques et Environnement · Conception des Systèmes Energétiques en Automobile et Aéronautique;2026-2027;accréditation en cours;655.25;7431;1589.22 (2023-2024) · 655.25 (2026-2027)
2026-09-13;Casablanca;École privée d'ingénierie — Université internationale de Casablanca;;Génie Industriel;Digitalisation et Performances Industrielles · Management de la Qualité, Sécurité et Environnement · Pilotage Industriel et logistique;2026-2027;accréditation en cours;655.25;7431;1589.22 (2023-2024) · 655.25 (2026-2027)
2026-09-13;Casablanca;École privée d'ingénierie — Université internationale de Casablanca;;Génie Informatique;Ingénierie des Systèmes d'Information · Data Science et Intelligence Artificielle · Sécurité des Systèmes d’Information;2026-2027;accréditation en cours;655.25;7431;1589.22 (2023-2024) · 655.25 (2026-2027)
2026-09-13;Casablanca;École privée d'ingénierie — Université internationale de Casablanca;;Génie Mécanique;Construction Automobile et Aéronautique · Conception Mécanique et Développement;2026-2027;accréditation en cours;655.25;7431;1589.22 (2023-2024) · 655.25 (2026-2027)
2026-09-13;Casablanca;École privée d'ingénierie — Université internationale de Casablanca;;Génie Mécatronique;Systèmes Mécatroniques · Robotique;2026-2027;accréditation en cours;655.25;7431;1589.22 (2023-2024) · 655.25 (2026-2027)
2026-09-13;Casablanca;École privée d'ingénierie — Université internationale de Casablanca;;Ingénierie des Systèmes Automobiles;;2025-2026;échéance atteinte, renouvellement non publié à ce jour;365.24;7313;1589.22 (2023-2024) · 365.24 (2025-2026)
2026-09-13;Casablanca;École privée d'ingénierie — Université internationale de Casablanca;;Mathématiques et Sciences de l’Ingènieur;;2025-2026;échéance atteinte, renouvellement non publié à ce jour;365.24;7313;365.24 (2025-2026)
2026-09-13;Casablanca;École privée d'ingénierie — Université internationale de Casablanca;;Méthodes Informatiques Appliquées à la Gestion des Entreprises;;2025-2026;échéance atteinte, renouvellement non publié à ce jour;365.24;7313;365.24 (2025-2026)
2026-09-13;Casablanca;École privée d'ingénierie — Université internationale de Casablanca;;Technologies des Systèmes Aéronautiques;;2025-2026;échéance atteinte, renouvellement non publié à ce jour;365.24;7313;365.24 (2025-2026)
2026-09-13;Casablanca;École privée de management (EDGE);EDGE;Big Data et Intelligence Artificielle;;2026-2027;accréditation en cours;655.25;7431;655.25 (2026-2027)
2026-09-13;Casablanca;École privée de management (EDGE);EDGE;Commerce et Distribution;;2025-2026;échéance atteinte, renouvellement non publié à ce jour;655.25;7431;655.25 (2025-2026)
2026-09-13;Casablanca;École privée de management (EDGE);EDGE;Comptabilité, Contrôle et Audit;;2024-2025;échéance atteinte, renouvellement non publié à ce jour;365.24;7313;365.24 (2024-2025)
2026-09-13;Casablanca;École privée de management (EDGE);EDGE;Digital Marketing et Communication;;2025-2026;échéance atteinte, renouvellement non publié à ce jour;655.25;7431;655.25 (2025-2026)
2026-09-13;Casablanca;École privée de management (EDGE);EDGE;Développement Web et Mobile;;2026-2027;accréditation en cours;655.25;7431;655.25 (2026-2027)
2026-09-13;Casablanca;École privée de management (EDGE);EDGE;E-Logistique;;2024-2025;échéance atteinte, renouvellement non publié à ce jour;365.24;7313;1589.22 (2022-2023) · 365.24 (2024-2025)
2026-09-13;Casablanca;École privée de management (EDGE);EDGE;Entrepreneuriat et Innovation en Entreprise;;2024-2025;échéance atteinte, renouvellement non publié à ce jour;365.24;7313;1589.22 (2022-2023) · 365.24 (2024-2025)
2026-09-13;Casablanca;École privée de management (EDGE);EDGE;Finance, Comptabilité, Contrôle et Audit;Gestion Financière · Audit et Contrôle de Gestion;2025-2026;échéance atteinte, renouvellement non publié à ce jour;655.25;7431;655.25 (2025-2026)
2026-09-13;Casablanca;École privée de management (EDGE);EDGE;Management des Achats et Logistique;;2024-2025;échéance atteinte, renouvellement non publié à ce jour;1176.23;7194;1176.23 (2024-2025)
2026-09-13;Casablanca;École privée de management (EDGE);EDGE;Management des Entreprises;Ingénierie Financière · Marketing Digital et E-Commerce · Management des Ressources Humaines;2026-2027;accréditation en cours;655.25;7431;655.25 (2026-2027)
2026-09-13;Casablanca;École privée de management (EDGE);EDGE;Management des Organisations;Innovation Financière · Ressources Humaines;2026-2027;accréditation en cours;655.25;7431;365.24 (2025-2026) · 655.25 (2026-2027)
2026-09-13;Casablanca;École privée de management (EDGE);EDGE;Management et Intelligence Artificielle;;2026-2027;accréditation en cours;655.25;7431;655.25 (2026-2027)
2026-09-13;Casablanca;École privée de management (EDGE);EDGE;Managing Organization;;2025-2026;échéance atteinte, renouvellement non publié à ce jour;365.24;7313;365.24 (2025-2026)
2026-09-13;Casablanca;École privée de management (EDGE);EDGE;Marketing et Commerce;;2025-2026;échéance atteinte, renouvellement non publié à ce jour;365.24;7313;365.24 (2025-2026)
2026-09-13;Casablanca;École privée de management (EDGE);EDGE;Marketing et Communication Digitale;;2025-2026;échéance atteinte, renouvellement non publié à ce jour;655.25;7431;1589.22 (2022-2023) · 365.24 (2024-2025) · 655.25 (2025-2026)
2026-09-13;Casablanca;École privée de management (EDGE);EDGE;Risk Management et Fintech;;2025-2026;échéance atteinte, renouvellement non publié à ce jour;655.25;7431;655.25 (2025-2026)
2026-09-13;Casablanca;École privée de management (EDGE);EDGE;Transformation Digitale;;2024-2025;échéance atteinte, renouvellement non publié à ce jour;365.24;7313;1589.22 (2022-2023) · 365.24 (2024-2025)
2026-09-13;Casablanca;École supérieure Mohammed VI d'ingénieurs en sciences de la santé — Université Mohammed VI des sciences et de la santé;UM6SS;Années Préparatoires au Cycle Ingénieur;;2025-2026;échéance atteinte, renouvellement non publié à ce jour;655.25;7431;365.24 (2024-2025) · 655.25 (2025-2026)
2026-09-13;Casablanca;École supérieure Mohammed VI d'ingénieurs en sciences de la santé — Université Mohammed VI des sciences et de la santé;UM6SS;Big Data et Intelligence Artificielle Appliquée à la Santé;;2024-2025;échéance atteinte, renouvellement non publié à ce jour;365.24;7313;1589.22 (2022-2023) · 365.24 (2024-2025)
2026-09-13;Casablanca;École supérieure Mohammed VI d'ingénieurs en sciences de la santé — Université Mohammed VI des sciences et de la santé;UM6SS;Deux années préparatoires au Cycle Ingénieur en Biomédical;;2022-2023;échéance atteinte, renouvellement non publié à ce jour;1589.22;7175;1589.22 (2022-2023)
2026-09-13;Casablanca;École supérieure Mohammed VI d'ingénieurs en sciences de la santé — Université Mohammed VI des sciences et de la santé;UM6SS;Dispositifs Médicaux et Affaires Réglementaires;;2025-2026;échéance atteinte, renouvellement non publié à ce jour;655.25;7431;1176.23 (2023-2024) · 655.25 (2025-2026)
2026-09-13;Casablanca;École supérieure Mohammed VI d'ingénieurs en sciences de la santé — Université Mohammed VI des sciences et de la santé;UM6SS;Génie Bio-informatique;;2026-2027;accréditation en cours;655.25;7431;1589.22 (2023-2024) · 629.25 (2025-2026) · 655.25 (2026-2027)
2026-09-13;Casablanca;École supérieure Mohammed VI d'ingénieurs en sciences de la santé — Université Mohammed VI des sciences et de la santé;UM6SS;Génie Biomédical;;2026-2027;accréditation en cours;655.25;7431;1589.22 (2023-2024) · 655.25 (2026-2027)
2026-09-13;Casablanca;École supérieure Mohammed VI d'ingénieurs en sciences de la santé — Université Mohammed VI des sciences et de la santé;UM6SS;Génie Digital en Santé;;2026-2027;accréditation en cours;655.25;7431;1176.23 (2024-2025) · 655.25 (2026-2027)
2026-09-13;Casablanca;École supérieure Mohammed VI d'ingénieurs en sciences de la santé — Université Mohammed VI des sciences et de la santé;UM6SS;Génie en Technologie Médicale et Industrie Pharmaceutique et Cosmétique;;2026-2027;accréditation en cours;655.25;7431;1176.23 (2024-2025) · 655.25 (2026-2027)
2026-09-13;Casablanca;École supérieure Mohammed VI d'ingénieurs en sciences de la santé — Université Mohammed VI des sciences et de la santé;UM6SS;Informatique Décisionnelle en Santé Digitale;;2025-2026;échéance atteinte, renouvellement non publié à ce jour;365.24;7313;1176.23 (2024-2025) · 365.24 (2025-2026)
2026-09-13;Casablanca;École supérieure Mohammed VI d'ingénieurs en sciences de la santé — Université Mohammed VI des sciences et de la santé;UM6SS;Ingénierie Bio-informatique et Sciences des Données;Sciences des Données · Ingénierie Bio-informatique;2025-2026;échéance atteinte, renouvellement non publié à ce jour;655.25;7431;655.25 (2025-2026)
2026-09-13;Casablanca;École supérieure Mohammed VI d'ingénieurs en sciences de la santé — Université Mohammed VI des sciences et de la santé;UM6SS;Logistique Hospitalière;;2025-2026;échéance atteinte, renouvellement non publié à ce jour;365.24;7313;1589.22 (2023-2024) · 365.24 (2025-2026)
2026-09-13;Casablanca;École supérieure Mohammed VI d'ingénieurs en sciences de la santé — Université Mohammed VI des sciences et de la santé;UM6SS;Maintenance et Génie Biomédical;;2025-2026;échéance atteinte, renouvellement non publié à ce jour;365.24;7313;365.24 (2025-2026)
2026-09-13;Casablanca;École supérieure Mohammed VI d'ingénieurs en sciences de la santé — Université Mohammed VI des sciences et de la santé;UM6SS;Management, Qualité et Maintenance Biomédicale;;2025-2026;échéance atteinte, renouvellement non publié à ce jour;655.25;7431;1176.23 (2023-2024) · 655.25 (2025-2026)
2026-09-13;Casablanca;École supérieure Mohammed VI d'ingénieurs en sciences de la santé — Université Mohammed VI des sciences et de la santé;UM6SS;Physique Médicale;;2025-2026;échéance atteinte, renouvellement non publié à ce jour;655.25;7431;655.25 (2025-2026)
2026-09-13;Casablanca;École supérieure d'architecture de Casablanca;EAC;Architecture;;2027-2028;accréditation en cours;1176.23;7194;1176.23 (2027-2028)
2026-09-13;Casablanca;École supérieure d'architecture de Casablanca;EAC;Architecture de Paysage;;2023-2024;échéance atteinte, renouvellement non publié à ce jour;1589.22;7175;1589.22 (2023-2024)
2026-09-13;Casablanca;École supérieure d'architecture de Casablanca;EAC;Architecture du de Paysage;;2022-2023;échéance atteinte, renouvellement non publié à ce jour;1589.22;7175;1589.22 (2022-2023)
2026-09-13;Casablanca;École supérieure d'architecture de Casablanca;EAC;Architecture du paysage;;2026-2027;accréditation en cours;1246.26;7535;365.24 (2025-2026) · 365.24 (2024-2025) · 1246.26 (2026-2027)
2026-09-13;Casablanca;École supérieure d'architecture de Casablanca;EAC;BIM : Transition Numérique et Environnementale;;2026-2027;accréditation en cours;1246.26;7535;1246.26 (2026-2027)
2026-09-13;Casablanca;École supérieure d'architecture de Casablanca;EAC;Urbanisme et Aménagement;;2026-2027;accréditation en cours;1246.26;7535;1589.22 (2022-2023) · 365.24 (2024-2025) · 1246.26 (2026-2027)
2026-09-13;Casablanca;École supérieure d'aéronautique et de hautes technologies (AERO'SUP);AERO’SUP;Classes Préparatoires Intégrées;;2025-2026;échéance atteinte, renouvellement non publié à ce jour;655.25;7431;655.25 (2025-2026)
2026-09-13;Casablanca;École supérieure d'aéronautique et de hautes technologies (AERO'SUP);AERO’SUP;Ingénierie Aéronautique et Spatiale;;2026-2027;accréditation en cours;655.25;7431;655.25 (2026-2027)
2026-09-13;Casablanca;École supérieure d'ingénierie de la santé et de management de projets;ESISMP;Gestion des Structures Médicales et Sociales;;2025-2026;échéance atteinte, renouvellement non publié à ce jour;365.24;7313;1589.22 (2023-2024) · 365.24 (2025-2026)
2026-09-13;Casablanca;École supérieure d'ingénierie de la santé et de management de projets;ESISMP;Ingénierie de la Santé;Produits de Santé · Maintenance et Technologie Biomédicale;2025-2026;échéance atteinte, renouvellement non publié à ce jour;365.24;7313;365.24 (2025-2026)
2026-09-13;Casablanca;École supérieure d'ingénierie de la santé et de management de projets;ESISMP;Ingénierie de la Santé et Management de Projet;Environnement Santé · Conception et Production des Produits de Santé · Coordination des Essais Cliniques · Gestion des Données Cliniques;2025-2026;échéance atteinte, renouvellement non publié à ce jour;655.25;7431;655.25 (2025-2026)
2026-09-13;Casablanca;École supérieure d'ingénierie de la santé et de management de projets;ESISMP;Maintenance et Technologie Biomédicale;;2024-2025;échéance atteinte, renouvellement non publié à ce jour;1176.23;7194;1176.23 (2024-2025)
2026-09-13;Casablanca;École supérieure d'ingénierie de la santé et de management de projets;ESISMP;Management de Projets et Développement Clinique;Coordination des essais · Clinique Data Management;2023-2024;échéance atteinte, renouvellement non publié à ce jour;547.24;7293;547.24 (2023-2024)
2026-09-13;Casablanca;École supérieure d'ingénierie de la santé et de management de projets;ESISMP;Management de Projets et Environnement de Santé;;2023-2024;échéance atteinte, renouvellement non publié à ce jour;1176.23;7194;1176.23 (2023-2024)
2026-09-13;Casablanca;École supérieure d'ingénierie de la santé et de management de projets;ESISMP;Management de Projets, Conception et Production des Produits de Santé;Biomatériaux · Cosmétiques · Médicaments;2023-2024;échéance atteinte, renouvellement non publié à ce jour;547.24;7293;547.24 (2023-2024)
2026-09-13;Casablanca;École supérieure d'ingénierie informatique et multimédia;ES2IM;Cycle Préparatoire en Informatique;;2026-2027;accréditation en cours;1246.26;7535;1246.26 (2026-2027)
2026-09-13;Casablanca;École supérieure d'ingénierie informatique et multimédia;ES2IM;Ingénierie Informatique;Développement Informatique · Intelligence Artificielle;2027-2028;accréditation en cours;1246.26;7535;1589.22 (2023-2024) · 365.24 (2025-2026) · 1246.26 (2027-2028)
2026-09-13;Casablanca;École supérieure d'ingénierie informatique et multimédia;ES2IM;Ingénierie Web Technologie;;2023-2024;échéance atteinte, renouvellement non publié à ce jour;1589.22;7175;1589.22 (2023-2024)
2026-09-13;Casablanca;École supérieure d'ingénierie informatique et multimédia;ES2IM;Ingénierie et Développement Multimédia;;2023-2024;échéance atteinte, renouvellement non publié à ce jour;1589.22;7175;1589.22 (2023-2024)
2026-09-13;Casablanca;École supérieure de communication et de publicité;Com'Sup;Communication Digitale et Développement Web;;2024-2025;échéance atteinte, renouvellement non publié à ce jour;365.24;7313;1589.22 (2022-2023) · 1589.22 (2023-2024) · 365.24 (2025-2026) · 365.24 (2024-2025)
2026-09-13;Casablanca;École supérieure de communication et de publicité;Com'Sup;Communication Média et Multimédia;;2024-2025;échéance atteinte, renouvellement non publié à ce jour;365.24;7313;365.24 (2024-2025)
2026-09-13;Casablanca;École supérieure de communication et de publicité;Com'Sup;Communication des Organisations;;2024-2025;échéance atteinte, renouvellement non publié à ce jour;365.24;7313;365.24 (2025-2026) · 365.24 (2024-2025)
2026-09-13;Casablanca;École supérieure de design (Art'Com Sup);Art Com Sup;Architecture d'Intérieur;;2025-2026;échéance atteinte, renouvellement non publié à ce jour;655.25;7431;1589.22 (2023-2024) · 1176.23 (2023-2024) · 365.24 (2025-2026) · 655.25 (2025-2026)
2026-09-13;Casablanca;École supérieure de design (Art'Com Sup);Art Com Sup;Communication Visuelle;;2025-2026;échéance atteinte, renouvellement non publié à ce jour;365.24;7313;1589.22 (2023-2024) · 365.24 (2025-2026)
2026-09-13;Casablanca;École supérieure de design (Art'Com Sup);Art Com Sup;Communication des Organisations;;2025-2026;échéance atteinte, renouvellement non publié à ce jour;655.25;7431;655.25 (2025-2026)
2026-09-13;Casablanca;École supérieure de design (Art'Com Sup);Art Com Sup;Communication, Médias et Journalisme;;2025-2026;échéance atteinte, renouvellement non publié à ce jour;655.25;7431;655.25 (2025-2026)
2026-09-13;Casablanca;École supérieure de design (Art'Com Sup);Art Com Sup;Design Graphique;;2025-2026;échéance atteinte, renouvellement non publié à ce jour;365.24;7313;365.24 (2025-2026)
2026-09-13;Casablanca;École supérieure de design (Art'Com Sup);Art Com Sup;Design Graphique et Digital;;2025-2026;échéance atteinte, renouvellement non publié à ce jour;655.25;7431;1589.22 (2023-2024) · 1176.23 (2023-2024) · 655.25 (2025-2026)
2026-09-13;Casablanca;École supérieure de design (Art'Com Sup);Art Com Sup;Design d’Intérieur;;2023-2024;échéance atteinte, renouvellement non publié à ce jour;1589.22;7175;1589.22 (2023-2024)
2026-09-13;Casablanca;École supérieure de design (Art'Com Sup);Art Com Sup;Evènementiel;;2026-2027;accréditation en cours;655.25;7431;655.25 (2026-2027)
2026-09-13;Casablanca;École supérieure de design et des arts visuels;ESDAV;Architecture d'Intérieur et Design;Architecture d'Intérieur · Design d'Objets;2025-2026;échéance atteinte, renouvellement non publié à ce jour;655.25;7431;1589.22 (2023-2024) · 1176.23 (2023-2024) · 365.24 (2025-2026) · 655.25 (2025-2026)
2026-09-13;Casablanca;École supérieure de design et des arts visuels;ESDAV;Design Digital;;2023-2024;échéance atteinte, renouvellement non publié à ce jour;1176.23;7194;1176.23 (2023-2024)
2026-09-13;Casablanca;École supérieure de design et des arts visuels;ESDAV;Design Graphique et Digital;;2023-2024;échéance atteinte, renouvellement non publié à ce jour;1589.22;7175;1589.22 (2023-2024)
2026-09-13;Casablanca;École supérieure de gestion;ESG;Méthodes Informatiques Appliquées à la Gestion des Entreprises;;2022-2023;échéance atteinte, renouvellement non publié à ce jour;1589.22;7175;1589.22 (2022-2023)
2026-09-13;Casablanca;École supérieure de journalisme et de communication;ESJC;Communication Digitale et Production Audiovisuelle;;2026-2027;accréditation en cours;1246.26;7535;1246.26 (2026-2027)
2026-09-13;Casablanca;École supérieure de journalisme et de communication;ESJC;Communication et Multimédia;;2027-2028;accréditation en cours;1246.26;7535;1246.26 (2027-2028)
2026-09-13;Casablanca;École supérieure de journalisme et de communication;ESJC;Journalisme et Communication;;2025-2026;échéance atteinte, renouvellement non publié à ce jour;655.25;7431;1589.22 (2023-2024) · 1589.22 (2022-2023) · 1176.23 (2023-2024) · 365.24 (2025-2026) · 365.24 (2024-2025) · 655.25 (2025-2026)
2026-09-13;Casablanca;École supérieure de journalisme et de communication;ESJC;Production Audiovisuelle;;2027-2028;accréditation en cours;1246.26;7535;1246.26 (2027-2028)
2026-09-13;Casablanca;École supérieure de journalisme et de communication;ESJC;الصحافة والتواصل;;2025-2026;échéance atteinte, renouvellement non publié à ce jour;365.24;7313;365.24 (2025-2026)
2026-09-13;Casablanca;École supérieure de kinésithérapie;HEK;Ingénierie de la Rééducation;;2025-2026;échéance atteinte, renouvellement non publié à ce jour;655.25;7431;655.25 (2025-2026)
2026-09-13;Casablanca;École supérieure de kinésithérapie;HEK;Kinésithérapie;;2025-2026;échéance atteinte, renouvellement non publié à ce jour;365.24;7313;1589.22 (2023-2024) · 365.24 (2025-2026)
2026-09-13;Casablanca;École supérieure de kinésithérapie;HEK;Kinésithérapie du Sport;;2025-2026;échéance atteinte, renouvellement non publié à ce jour;655.25;7431;655.25 (2025-2026)
2026-09-13;Casablanca;École supérieure de kinésithérapie et du paramédical;ESKP;Audiologie et Audioprothèse;;2023-2024;échéance atteinte, renouvellement non publié à ce jour;1589.22;7175;1589.22 (2023-2024)
2026-09-13;Casablanca;École supérieure de kinésithérapie et du paramédical;ESKP;Infirmier Polyvalent;;2026-2027;accréditation en cours;655.25;7431;1589.22 (2023-2024) · 655.25 (2026-2027)
2026-09-13;Casablanca;École supérieure de kinésithérapie et du paramédical;ESKP;Infirmier en Anesthésie et Réanimation;;2026-2027;accréditation en cours;655.25;7431;1589.22 (2023-2024) · 655.25 (2026-2027)
2026-09-13;Casablanca;École supérieure de kinésithérapie et du paramédical;ESKP;Kinésithérapie;;2026-2027;accréditation en cours;655.25;7431;655.25 (2026-2027)
2026-09-13;Casablanca;École supérieure de kinésithérapie et du paramédical;ESKP;Kinésithérapie Sportive et Réathlétisation;;2026-2027;accréditation en cours;1246.26;7535;1246.26 (2026-2027)
2026-09-13;Casablanca;École supérieure de kinésithérapie et du paramédical;ESKP;Management des Etablissements de Santé et Développement des Ressources Humaines;;2026-2027;accréditation en cours;1246.26;7535;1246.26 (2026-2027)
2026-09-13;Casablanca;École supérieure de kinésithérapie et du paramédical;ESKP;Nutrition et Diététique;;2024-2025;échéance atteinte, renouvellement non publié à ce jour;1176.23;7194;1176.23 (2024-2025)
2026-09-13;Casablanca;École supérieure de kinésithérapie et du paramédical;ESKP;Orthophonie;;2024-2025;échéance atteinte, renouvellement non publié à ce jour;1176.23;7194;1176.23 (2024-2025)
2026-09-13;Casablanca;École supérieure de kinésithérapie et du paramédical;ESKP;Pratiques Avancées en Kinésithérapie Spéciale;;2026-2027;accréditation en cours;1246.26;7535;1246.26 (2026-2027)
2026-09-13;Casablanca;École supérieure de kinésithérapie et du paramédical;ESKP;Pratiques Avancées en Soins Infirmiers;;2026-2027;accréditation en cours;1246.26;7535;1246.26 (2026-2027)
2026-09-13;Casablanca;École supérieure de kinésithérapie et du paramédical;ESKP;Psychomotricité;;2024-2025;échéance atteinte, renouvellement non publié à ce jour;1176.23;7194;1176.23 (2024-2025)
2026-09-13;Casablanca;École supérieure de management et de communication;ESMC;E- Commerce et Marketing de Marque;E-Commerce et Marketing Digital · Design Graphique, Publicité et Marketing de Marque;2025-2026;échéance atteinte, renouvellement non publié à ce jour;365.24;7313;365.24 (2025-2026)
2026-09-13;Casablanca;École supérieure de management et de communication;ESMC;Finance et Contrôle de Gestion;Comptabilité, Contrôle de gestion et Audit · Finance, Banques et Assurance;2025-2026;échéance atteinte, renouvellement non publié à ce jour;655.25;7431;655.25 (2025-2026)
2026-09-13;Casablanca;École supérieure de management et de communication;ESMC;Gestion des Talents et Coaching Scolaire;;2025-2026;échéance atteinte, renouvellement non publié à ce jour;365.24;7313;365.24 (2025-2026)
2026-09-13;Casablanca;École supérieure de management et de communication;ESMC;Logistique, Achat et Supply Chain Management;;2025-2026;échéance atteinte, renouvellement non publié à ce jour;655.25;7431;655.25 (2025-2026)
2026-09-13;Casablanca;École supérieure de management et de communication;ESMC;Management des Affaires et Transformation Digitale;Développement Commercial et Marketing Digital · Capital Humain et Evolution Ressources Humaines · Management de projets, Innovation et Transformation;2025-2026;échéance atteinte, renouvellement non publié à ce jour;655.25;7431;1176.23 (2024-2025) · 365.24 (2025-2026) · 365.24 (2024-2025) · 655.25 (2026-2027) · 655.25 (2025-2026)
2026-09-13;Casablanca;École supérieure de management et de communication;ESMC;Management et Gestion;;2023-2024;échéance atteinte, renouvellement non publié à ce jour;1589.22;7175;1589.22 (2023-2024)
2026-09-13;Casablanca;École supérieure de management et de gestion des ressources humaines;SUP'RH;Achat et Supply Chain Management;;2025-2026;échéance atteinte, renouvellement non publié à ce jour;655.25;7431;655.25 (2025-2026)
2026-09-13;Casablanca;École supérieure de management et de gestion des ressources humaines;SUP'RH;Audit, Contrôle de Gestion et Ingénierie Financière;Audit et Contrôle de Gestion · Marchés et Ingénierie Financière;2024-2025;échéance atteinte, renouvellement non publié à ce jour;365.24;7313;1589.22 (2022-2023) · 365.24 (2024-2025)
2026-09-13;Casablanca;École supérieure de management et de gestion des ressources humaines;SUP'RH;Business Administration;;2026-2027;accréditation en cours;655.25;7431;655.25 (2026-2027)
2026-09-13;Casablanca;École supérieure de management et de gestion des ressources humaines;SUP'RH;Business et Intelligence Artificielle;;2024-2025;échéance atteinte, renouvellement non publié à ce jour;1176.23;7194;1176.23 (2024-2025)
2026-09-13;Casablanca;École supérieure de management et de gestion des ressources humaines;SUP'RH;Comptabilité, Contrôle, Audit et Ingénierie Financière;Comptabilité, Contrôle et Audit · Ingénierie Financière;2025-2026;échéance atteinte, renouvellement non publié à ce jour;655.25;7431;655.25 (2025-2026)
2026-09-13;Casablanca;École supérieure de management et de gestion des ressources humaines;SUP'RH;Intelligence Artificielle : Science des Données et Business;;2025-2026;échéance atteinte, renouvellement non publié à ce jour;655.25;7431;655.25 (2025-2026)
2026-09-13;Casablanca;École supérieure de management et de gestion des ressources humaines;SUP'RH;Intelligence Artificielle et Business;;2025-2026;échéance atteinte, renouvellement non publié à ce jour;365.24;7313;365.24 (2025-2026)
2026-09-13;Casablanca;École supérieure de management et de gestion des ressources humaines;SUP'RH;Management;Gestion des Ressources Humaines · Marketing Digital et Data Analytics · Finance, Comptabilité et Fiscalité;2025-2026;échéance atteinte, renouvellement non publié à ce jour;365.24;7313;1176.23 (2024-2025) · 365.24 (2025-2026)
2026-09-13;Casablanca;École supérieure de management et de gestion des ressources humaines;SUP'RH;Management des Ressources Humaines;;2025-2026;échéance atteinte, renouvellement non publié à ce jour;655.25;7431;1589.22 (2022-2023) · 365.24 (2024-2025) · 655.25 (2025-2026)
2026-09-13;Casablanca;École supérieure de management et de gestion des ressources humaines;SUP'RH;Marketing Digital et Commerce International;;2025-2026;échéance atteinte, renouvellement non publié à ce jour;655.25;7431;655.25 (2025-2026)
2026-09-13;Casablanca;École supérieure de management et de gestion des ressources humaines;SUP'RH;Marketing et Commerce International;Marketing · Commerce International et E-Business;2024-2025;échéance atteinte, renouvellement non publié à ce jour;365.24;7313;1589.22 (2022-2023) · 365.24 (2024-2025)
2026-09-13;Casablanca;École supérieure de psychologie;ESP;Neuropsychologie Clinique;;2025-2026;échéance atteinte, renouvellement non publié à ce jour;655.25;7431;655.25 (2025-2026)
2026-09-13;Casablanca;École supérieure de psychologie;ESP;Neurospsychologie;;2024-2025;échéance atteinte, renouvellement non publié à ce jour;365.24;7313;365.24 (2024-2025)
2026-09-13;Casablanca;École supérieure de psychologie;ESP;Psycho Gérontologie;;2024-2025;échéance atteinte, renouvellement non publié à ce jour;365.24;7313;1589.22 (2022-2023) · 365.24 (2024-2025)
2026-09-13;Casablanca;École supérieure de psychologie;ESP;Psychologie;;2025-2026;échéance atteinte, renouvellement non publié à ce jour;365.24;7313;1589.22 (2023-2024) · 365.24 (2025-2026)
2026-09-13;Casablanca;École supérieure de psychologie;ESP;Psychologie Clinique;;2024-2025;échéance atteinte, renouvellement non publié à ce jour;365.24;7313;1589.22 (2022-2023) · 365.24 (2024-2025)
2026-09-13;Casablanca;École supérieure de psychologie;ESP;Psychologie Clinique et Psychopathologie;;2025-2026;échéance atteinte, renouvellement non publié à ce jour;655.25;7431;655.25 (2025-2026)
2026-09-13;Casablanca;École supérieure de psychologie;ESP;Psychologie du Travail;;2024-2025;échéance atteinte, renouvellement non publié à ce jour;365.24;7313;1589.22 (2022-2023) · 365.24 (2024-2025)
2026-09-13;Casablanca;École supérieure de psychologie;ESP;Psychologie du Travail et des Organisations;;2025-2026;échéance atteinte, renouvellement non publié à ce jour;655.25;7431;655.25 (2025-2026)
2026-09-13;Casablanca;École supérieure de psychologie;ESP;Psychomotricité;;2023-2024;échéance atteinte, renouvellement non publié à ce jour;1589.22;7175;1589.22 (2023-2024)
2026-09-13;Casablanca;École supérieure des affaires de Casablanca;ESAC;Commerce et Gestion des Entreprises;Développement et Gestion Commerciale · Marketing et Communication Digitale · Audit et Management Financier;2025-2026;échéance atteinte, renouvellement non publié à ce jour;365.24;7313;365.24 (2025-2026)
2026-09-13;Casablanca;École supérieure des affaires de Casablanca;ESAC;Gestion des Entreprises;Finance · Management;2027-2028;accréditation en cours;1246.26;7535;1246.26 (2027-2028)
2026-09-13;Casablanca;École supérieure des affaires de Casablanca;ESAC;Management Hôtellerie et Tourisme;;2024-2025;échéance atteinte, renouvellement non publié à ce jour;1176.23;7194;1176.23 (2024-2025)
2026-09-13;Casablanca;École supérieure des affaires de Casablanca;ESAC;Marketing Web Digital;;2024-2025;échéance atteinte, renouvellement non publié à ce jour;1176.23;7194;1176.23 (2024-2025)
2026-09-13;Casablanca;École supérieure des sciences de la santé;ESSS;Education en Sciences de la Santé;;2026-2027;accréditation en cours;1246.26;7535;1589.22 (2022-2023) · 365.24 (2024-2025) · 655.25 (2025-2026) · 1246.26 (2026-2027)
2026-09-13;Casablanca;École supérieure des sciences de la santé;ESSS;Gestion des Services de Santé;;2025-2026;échéance atteinte, renouvellement non publié à ce jour;365.24;7313;365.24 (2025-2026)
2026-09-13;Casablanca;École supérieure des sciences de la santé;ESSS;Infirmier Polyvalent;;2024-2025;échéance atteinte, renouvellement non publié à ce jour;1176.23;7194;1176.23 (2024-2025)
2026-09-13;Casablanca;École supérieure des sciences de la santé;ESSS;Infirmier en Anesthésie et Réanimation;;2024-2025;échéance atteinte, renouvellement non publié à ce jour;1176.23;7194;1176.23 (2024-2025)
2026-09-13;Casablanca;École supérieure des sciences de la santé;ESSS;Kiné -Physiothérapie;;2024-2025;échéance atteinte, renouvellement non publié à ce jour;1176.23;7194;1176.23 (2024-2025)
2026-09-13;Casablanca;École supérieure des sciences de la santé;ESSS;Orthophonie;;2024-2025;échéance atteinte, renouvellement non publié à ce jour;547.24;7293;547.24 (2024-2025)
2026-09-13;Casablanca;École supérieure des sciences de la santé;ESSS;Pratique Avancée de la Rééducation;Audiologie · Ergothérapie · Kinésithérapie · Orthophonie · Psychomotricité;2026-2027;accréditation en cours;1246.26;7535;1246.26 (2026-2027)
2026-09-13;Casablanca;École supérieure des sciences de la santé;ESSS;Pratique Infirmière Avancée;Anesthésie · Bloc Opératoire · Maïeutique et Santé Reproductive · Néonatologie · Oncologie · Soins Intensifs;2026-2027;accréditation en cours;1246.26;7535;1589.22 (2022-2023) · 365.24 (2024-2025) · 365.24 (2024-2025) · 655.25 (2025-2026) · 1246.26 (2026-2027)
2026-09-13;Casablanca;École supérieure des sciences de la santé;ESSS;Rééducation Motrice;Kiné-physiothérapie · Psychomotricité;2025-2026;échéance atteinte, renouvellement non publié à ce jour;365.24;7313;365.24 (2025-2026)
2026-09-13;Casablanca;École supérieure des sciences de la santé;ESSS;Rééducation de la Communication;Audiologie et Audioprothèse · Orthophonie;2025-2026;échéance atteinte, renouvellement non publié à ce jour;365.24;7313;365.24 (2025-2026)
2026-09-13;Casablanca;École supérieure des sciences de la santé;ESSS;Sage-Femme;;2024-2025;échéance atteinte, renouvellement non publié à ce jour;1176.23;7194;1176.23 (2024-2025)
2026-09-13;Casablanca;École supérieure des sciences de la santé;ESSS;Santé publique;Épidémiologie · Politique et Management de la Santé · Santé Environnementale et au Travail;2026-2027;accréditation en cours;1246.26;7535;1589.22 (2022-2023) · 365.24 (2024-2025) · 365.24 (2024-2025) · 655.25 (2025-2026) · 1246.26 (2026-2027)
2026-09-13;Casablanca;École supérieure des sciences de la santé;ESSS;Sciences Infirmières;Anesthésie et Réanimation · Infirmier Polyvalent · Sage-femme;2025-2026;échéance atteinte, renouvellement non publié à ce jour;365.24;7313;365.24 (2025-2026)
2026-09-13;Casablanca;École supérieure des sciences de la santé;ESSS;Technologie de Santé;Diététique et Nutrition · Technologie de Laboratoire Médicale · Technologie Pharmaceutique · Technologie de Radiologie Médicale;2025-2026;échéance atteinte, renouvellement non publié à ce jour;365.24;7313;365.24 (2025-2026)
2026-09-13;Casablanca;École supérieure des sciences économiques et du management;ESSEM;Gestion;Achats et Logistique · Audit et Contrôle de Gestion · Marketing, Marketing Digital et Communication;2025-2026;échéance atteinte, renouvellement non publié à ce jour;655.25;7431;1176.23 (2023-2024) · 655.25 (2025-2026)
2026-09-13;Casablanca;École supérieure des sciences économiques et du management;ESSEM;Management;Commerce International · Marketing · Finance · Ressources Humaines;2025-2026;échéance atteinte, renouvellement non publié à ce jour;629.25;7395;1589.22 (2023-2024) · 547.24 (2024-2025) · 365.24 (2025-2026) · 629.25 (2025-2026)
2026-09-13;Casablanca;École supérieure du multimédia, de l'informatique et des réseaux;SUPEMIR;Cyber Sécurité et Transformation Digitale;Cyber Sécurité · Transformation Digitale;2025-2026;échéance atteinte, renouvellement non publié à ce jour;655.25;7431;655.25 (2025-2026)
2026-09-13;Casablanca;École supérieure du multimédia, de l'informatique et des réseaux;SUPEMIR;Génie Informatique et Innovation Technologique;Science des Données · Génie Logiciel;2025-2026;échéance atteinte, renouvellement non publié à ce jour;655.25;7431;655.25 (2025-2026)
2026-09-13;Casablanca;École supérieure du multimédia, de l'informatique et des réseaux;SUPEMIR;Informatique, Réseaux et Multimédia;;2024-2025;échéance atteinte, renouvellement non publié à ce jour;365.24;7313;1589.22 (2022-2023) · 365.24 (2025-2026) · 365.24 (2024-2025)
2026-09-13;Casablanca;École supérieure du multimédia, de l'informatique et des réseaux;SUPEMIR;Informatique, Réseaux et Multimédias;;2023-2024;échéance atteinte, renouvellement non publié à ce jour;1176.23;7194;1176.23 (2023-2024)
2026-09-13;Casablanca;École supérieure du multimédia, de l'informatique et des réseaux;SUPEMIR;Management des Affaires et Systèmes d'Information;Développement Commercial et Marketing Digital · Finances, Entreprenariat et Audit;2025-2026;échéance atteinte, renouvellement non publié à ce jour;655.25;7431;1176.23 (2024-2025) · 1176.23 (2023-2024) · 365.24 (2025-2026) · 655.25 (2025-2026)
2026-09-13;Casablanca;École supérieure internationale de gestion;ESIG;Management;Achat et Supply Chain · E-Marketing et Administration des Affaires · Ingénierie Financière;2023-2024;échéance atteinte, renouvellement non publié à ce jour;1589.22;7175;1589.22 (2022-2023) · 1589.22 (2023-2024)
2026-09-13;Casablanca;École supérieure privée d'ingénierie et d'innovation;;Classes Préparatoires Intégrées;;2026-2027;accréditation en cours;1246.26;7535;1246.26 (2026-2027)
2026-09-13;Casablanca;École supérieure privée d'ingénierie et d'innovation;;Génie Civil;Structures et Ouvrages d'Art · Bâtiment et Efficacité Energétique · Géotechnique et Infrastructures;2027-2028;accréditation en cours;1246.26;7535;1246.26 (2027-2028)
2026-09-13;Casablanca;École supérieure privée d'ingénierie et d'innovation;;Génie Informatique;Sécurité et Mobilité Informatique · Intelligence Artificielle et Science des Données · Réseaux et Cloud Computing;2027-2028;accréditation en cours;1246.26;7535;1246.26 (2027-2028)
2026-09-13;Casablanca;École supérieure privée d'ingénierie et d'innovation;;Génie Mécatronique;Génie Mécanique · Génie Industriel · Génie Electrique : Automatisation des Systèmes Industriels;2027-2028;accréditation en cours;1246.26;7535;1246.26 (2027-2028)
2026-09-13;Casablanca;École supérieure privée d'ingénierie, de management et de génie civil (ESTEM);ESTEM;Actuariat et Gestion des Risques;;2024-2025;échéance atteinte, renouvellement non publié à ce jour;365.24;7313;1589.22 (2022-2023) · 365.24 (2024-2025)
2026-09-13;Casablanca;École supérieure privée d'ingénierie, de management et de génie civil (ESTEM);ESTEM;Classes Préparatoires Intégrées;;2025-2026;échéance atteinte, renouvellement non publié à ce jour;655.25;7431;365.24 (2024-2025) · 655.25 (2025-2026)
2026-09-13;Casablanca;École supérieure privée d'ingénierie, de management et de génie civil (ESTEM);ESTEM;Classes Préparatoires pour les Etudes Supérieures en Commerce et Gestion;;2026-2027;accréditation en cours;1246.26;7535;1246.26 (2026-2027)
2026-09-13;Casablanca;École supérieure privée d'ingénierie, de management et de génie civil (ESTEM);ESTEM;Commerce et Gestion;Marketing et Transformation Digitale · Ingénierie Financière;2027-2028;accréditation en cours;1246.26;7535;1246.26 (2027-2028)
2026-09-13;Casablanca;École supérieure privée d'ingénierie, de management et de génie civil (ESTEM);ESTEM;Comptabilité, Contrôle et Audit;;2025-2026;échéance atteinte, renouvellement non publié à ce jour;655.25;7431;1589.22 (2022-2023) · 365.24 (2024-2025) · 655.25 (2025-2026)
2026-09-13;Casablanca;École supérieure privée d'ingénierie, de management et de génie civil (ESTEM);ESTEM;Deux années préparatoires au cycle d’Ingénieur;;2022-2023;échéance atteinte, renouvellement non publié à ce jour;1589.22;7175;1589.22 (2022-2023)
2026-09-13;Casablanca;École supérieure privée d'ingénierie, de management et de génie civil (ESTEM);ESTEM;Droit des Affaires;;2027-2028;accréditation en cours;1246.26;7535;1246.26 (2027-2028)
2026-09-13;Casablanca;École supérieure privée d'ingénierie, de management et de génie civil (ESTEM);ESTEM;Droit des Affaires et Fiscalité;;2025-2026;échéance atteinte, renouvellement non publié à ce jour;655.25;7431;655.25 (2025-2026)
2026-09-13;Casablanca;École supérieure privée d'ingénierie, de management et de génie civil (ESTEM);ESTEM;E- Business et Marketing;;2025-2026;échéance atteinte, renouvellement non publié à ce jour;365.24;7313;1176.23 (2024-2025) · 365.24 (2025-2026)
2026-09-13;Casablanca;École supérieure privée d'ingénierie, de management et de génie civil (ESTEM);ESTEM;Finance et Data Science;;2027-2028;accréditation en cours;1246.26;7535;1246.26 (2027-2028)
2026-09-13;Casablanca;École supérieure privée d'ingénierie, de management et de génie civil (ESTEM);ESTEM;Finance, Banque et Assurance;;2025-2026;échéance atteinte, renouvellement non publié à ce jour;365.24;7313;365.24 (2025-2026)
2026-09-13;Casablanca;École supérieure privée d'ingénierie, de management et de génie civil (ESTEM);ESTEM;Grande Ecole en Gestion et Commerce;Gestion et Commerce;2027-2028;accréditation en cours;365.24;7313;365.24 (2027-2028)
2026-09-13;Casablanca;École supérieure privée d'ingénierie, de management et de génie civil (ESTEM);ESTEM;Génie Civil;;2023-2024;échéance atteinte, renouvellement non publié à ce jour;1589.22;7175;1589.22 (2023-2024)
2026-09-13;Casablanca;École supérieure privée d'ingénierie, de management et de génie civil (ESTEM);ESTEM;Génie Civil Bâtiments, Ponts et Chaussées;;2026-2027;accréditation en cours;655.25;7431;655.25 (2026-2027)
2026-09-13;Casablanca;École supérieure privée d'ingénierie, de management et de génie civil (ESTEM);ESTEM;Génie Civil et Ingénierie de Construction;;2025-2026;échéance atteinte, renouvellement non publié à ce jour;365.24;7313;1176.23 (2024-2025) · 365.24 (2025-2026)
2026-09-13;Casablanca;École supérieure privée d'ingénierie, de management et de génie civil (ESTEM);ESTEM;Génie Industriel;;2026-2027;accréditation en cours;655.25;7431;1176.23 (2024-2025) · 365.24 (2025-2026) · 655.25 (2026-2027)
2026-09-13;Casablanca;École supérieure privée d'ingénierie, de management et de génie civil (ESTEM);ESTEM;Génie Logiciel;;2025-2026;échéance atteinte, renouvellement non publié à ce jour;365.24;7313;365.24 (2025-2026)
2026-09-13;Casablanca;École supérieure privée d'ingénierie, de management et de génie civil (ESTEM);ESTEM;Génie des Systèmes et Réseaux Informatiques;;2025-2026;échéance atteinte, renouvellement non publié à ce jour;365.24;7313;1176.23 (2024-2025) · 365.24 (2025-2026)
2026-09-13;Casablanca;École supérieure privée d'ingénierie, de management et de génie civil (ESTEM);ESTEM;Ingénierie Financière;;2025-2026;échéance atteinte, renouvellement non publié à ce jour;655.25;7431;365.24 (2024-2025) · 655.25 (2025-2026)
2026-09-13;Casablanca;École supérieure privée d'ingénierie, de management et de génie civil (ESTEM);ESTEM;Ingénierie de l’information;Réseaux et Télécommunications · Systèmes, Réseaux et Développement Informatique · Ingénierie des Affaires;2025-2026;échéance atteinte, renouvellement non publié à ce jour;1589.22;7175;1589.22 (2025-2026)
2026-09-13;Casablanca;École supérieure privée d'ingénierie, de management et de génie civil (ESTEM);ESTEM;Ingénierie des Applications Mobiles;;2023-2024;échéance atteinte, renouvellement non publié à ce jour;1589.22;7175;1589.22 (2023-2024)
2026-09-13;Casablanca;École supérieure privée d'ingénierie, de management et de génie civil (ESTEM);ESTEM;Marketing Digital et Stratégies Numériques;;2025-2026;échéance atteinte, renouvellement non publié à ce jour;655.25;7431;1589.22 (2022-2023) · 365.24 (2024-2025) · 655.25 (2025-2026)
2026-09-13;Casablanca;École supérieure privée d'ingénierie, de management et de génie civil (ESTEM);ESTEM;Marketing et Communication;;2024-2025;échéance atteinte, renouvellement non publié à ce jour;365.24;7313;1589.22 (2022-2023) · 365.24 (2024-2025)
2026-09-13;Casablanca;École supérieure privée d'ingénierie, de management et de génie civil (ESTEM);ESTEM;Mathématiques Informatiques;;2027-2028;accréditation en cours;1246.26;7535;1246.26 (2027-2028)
2026-09-13;Casablanca;École supérieure privée d'ingénierie, de management et de génie civil (ESTEM);ESTEM;Sciences de Données et Développement Informatique;Sciences de Données et Intelligence Artificielle · Génie Logiciel et Développement Informatique;2026-2027;accréditation en cours;655.25;7431;1589.22 (2023-2024) · 655.25 (2026-2027)
2026-09-13;Casablanca;École supérieure privée d'ingénierie, de management et de génie civil (ESTEM);ESTEM;Sciences de Gestion;;2025-2026;échéance atteinte, renouvellement non publié à ce jour;365.24;7313;365.24 (2025-2026)
2026-09-13;Casablanca;École supérieure privée d'ingénierie, de management et de génie civil (ESTEM);ESTEM;Systèmes, Réseaux, Sécurité et Cloud Infrastructure;Cyber Sécurité · Systèmes, Réseaux et Sécurité · Virtualisation et Cloud Infrastructure;2026-2027;accréditation en cours;655.25;7431;1589.22 (2023-2024) · 655.25 (2026-2027)
2026-09-13;Casablanca;École supérieure privée d'ingénierie, de management et de génie civil (ESTEM);ESTEM;Transport et Logistique;;2026-2027;accréditation en cours;655.25;7431;655.25 (2026-2027)
2026-09-13;Casablanca;École supérieure privée d'optique appliquée et du paramédical;ESO;Optique Appliquée;;2025-2026;échéance atteinte, renouvellement non publié à ce jour;365.24;7313;365.24 (2025-2026)
2026-09-13;Casablanca;École supérieure privée d'études en technologies de l'information et de la communication (Sup Technology);Sup Technology;Ingénierie Informatique;MIAGE · Réseaux, Systèmes et Sécurité;2025-2026;échéance atteinte, renouvellement non publié à ce jour;365.24;7313;1176.23 (2024-2025) · 365.24 (2025-2026)
2026-09-13;Casablanca;École supérieure privée d'études en technologies de l'information et de la communication (Sup Technology);Sup Technology;Monétique et Sécurisation des Transactions;;2024-2025;échéance atteinte, renouvellement non publié à ce jour;365.24;7313;1589.22 (2022-2023) · 365.24 (2024-2025)
2026-09-13;Casablanca;École supérieure privée d'études en technologies de l'information et de la communication (Sup Technology);Sup Technology;Méthodes Informatiques Appliquées aux Données des Entreprises;Big Data · MIAGE · Monétique;2025-2026;échéance atteinte, renouvellement non publié à ce jour;655.25;7431;1176.23 (2023-2024) · 655.25 (2025-2026)
2026-09-13;Casablanca;École supérieure privée d'études en technologies de l'information et de la communication (Sup Technology);Sup Technology;Réseaux et Cyber Sécurité;Cyber Sécurité · Réseaux de Nouvelle Génération;2025-2026;échéance atteinte, renouvellement non publié à ce jour;655.25;7431;1176.23 (2023-2024) · 655.25 (2025-2026)
2026-09-13;Casablanca;École supérieure privée de l'innovation informatique et technologique;INNOV;Deux années préparatoires en Informatique;;2024-2025;échéance atteinte, renouvellement non publié à ce jour;365.24;7313;365.24 (2024-2025)
2026-09-13;Casablanca;École supérieure privée de l'innovation informatique et technologique;INNOV;Informatique;;2026-2027;accréditation en cours;655.25;7431;365.24 (2025-2026) · 655.25 (2025-2026) · 655.25 (2026-2027)
2026-09-13;Casablanca;École supérieure privée des sciences et techniques de l'ingénierie et du management;HESTIM;Achats et Supply Chain Management;;2025-2026;échéance atteinte, renouvellement non publié à ce jour;655.25;7431;655.25 (2025-2026)
2026-09-13;Casablanca;École supérieure privée des sciences et techniques de l'ingénierie et du management;HESTIM;Années Préparatoires Intégrées;;2025-2026;échéance atteinte, renouvellement non publié à ce jour;655.25;7431;655.25 (2025-2026)
2026-09-13;Casablanca;École supérieure privée des sciences et techniques de l'ingénierie et du management;HESTIM;Deux Années préparatoires en Commerce et Gestion;;2025-2026;échéance atteinte, renouvellement non publié à ce jour;655.25;7431;655.25 (2025-2026)
2026-09-13;Casablanca;École supérieure privée des sciences et techniques de l'ingénierie et du management;HESTIM;Finance, Audit et Contrôle;;2025-2026;échéance atteinte, renouvellement non publié à ce jour;655.25;7431;655.25 (2025-2026)
2026-09-13;Casablanca;École supérieure privée des sciences et techniques de l'ingénierie et du management;HESTIM;Génie Civil, Architectural et Urbain;BIM et Lean Construction · Efficacité Energétique et Développement Durable;2026-2027;accréditation en cours;655.25;7431;655.25 (2026-2027)
2026-09-13;Casablanca;École supérieure privée des sciences et techniques de l'ingénierie et du management;HESTIM;Génie Industriel et Logistique;;2026-2027;accréditation en cours;655.25;7431;655.25 (2026-2027)
2026-09-13;Casablanca;École supérieure privée des sciences et techniques de l'ingénierie et du management;HESTIM;Ingénierie Informatique et Intelligence Artificielle;Ingénierie Logicielle · Intelligence Artificielle et Big Data · Cyber Sécurité;2026-2027;accréditation en cours;655.25;7431;1341.23 (2022-2023) · 365.24 (2025-2026) · 655.25 (2026-2027)
2026-09-13;Casablanca;École supérieure privée des sciences et techniques de l'ingénierie et du management;HESTIM;Management des Entreprises et des Organisations;Finance et Comptabilité · Logistique et Transports · Marketing Digital;2027-2028;accréditation en cours;1246.26;7535;1589.22 (2023-2024) · 365.24 (2025-2026) · 1246.26 (2027-2028)
2026-09-13;Casablanca;École supérieure privée des sciences et techniques de l'ingénierie et du management;HESTIM;Management et Gestion des Entreprises;Gestion Financière · Gestion des Ressources Humaines;2023-2024;échéance atteinte, renouvellement non publié à ce jour;1176.23;7194;1176.23 (2023-2024)
2026-09-13;Casablanca;École supérieure privée des sciences et techniques de l'ingénierie et du management;HESTIM;Marketing et Commerce International;Marketing et Action Commerciale · Marketing Digital;2024-2025;échéance atteinte, renouvellement non publié à ce jour;365.24;7313;1589.22 (2022-2023) · 365.24 (2024-2025)
2026-09-13;Casablanca;École supérieure privée des sciences et techniques de l'ingénierie et du management;HESTIM;Marketing et Stratégies Digitales;Marketing et Communication Stratégique · Marketing Digital et Innovation;2026-2027;accréditation en cours;655.25;7431;655.25 (2026-2027)
2026-09-13;Casablanca;École supérieure privée des sciences et techniques de l'ingénierie et du management;HESTIM;Marketing et Transformation Digitale;;2025-2026;échéance atteinte, renouvellement non publié à ce jour;655.25;7431;655.25 (2025-2026)
2026-09-13;Essaouira;École supérieure privée d'ingénierie biomédicale et des techniques de santé (SUPTECH Santé);SUPTECH SANTE ESSAOUIRA;Classes Préparatoires au Cycle d'Ingénieur;;2025-2026;échéance atteinte, renouvellement non publié à ce jour;655.25;7431;655.25 (2025-2026)
2026-09-13;Essaouira;École supérieure privée d'ingénierie biomédicale et des techniques de santé (SUPTECH Santé);SUPTECH SANTE ESSAOUIRA;Génie Biomédical;;2026-2027;accréditation en cours;655.25;7431;655.25 (2026-2027)
2026-09-13;Essaouira;École supérieure privée d'ingénierie biomédicale et des techniques de santé (SUPTECH Santé);SUPTECH SANTE ESSAOUIRA;Génie Digital et Intelligence Artificielle en Santé;;2026-2027;accréditation en cours;655.25;7431;655.25 (2026-2027)
2026-09-13;Essaouira;École supérieure privée d'ingénierie biomédicale et des techniques de santé (SUPTECH Santé);SUPTECH SANTE ESSAOUIRA;Génie Industriel et Logistique Hospitalière;;2026-2027;accréditation en cours;655.25;7431;655.25 (2026-2027)
2026-09-13;Essaouira;École supérieure privée d'ingénierie biomédicale et des techniques de santé (SUPTECH Santé);SUPTECH SANTE ESSAOUIRA;Informatique Décisionnelle et E-Santé;;2026-2027;accréditation en cours;655.25;7431;655.25 (2026-2027)
2026-09-13;Essaouira;École supérieure privée d'ingénierie biomédicale et des techniques de santé (SUPTECH Santé);SUPTECH SANTE ESSAOUIRA;Maintenance Médicale;;2026-2027;accréditation en cours;655.25;7431;655.25 (2026-2027)
2026-09-13;Essaouira;École supérieure privée d'ingénierie biomédicale et des techniques de santé (SUPTECH Santé);SUPTECH SANTE ESSAOUIRA;Sciences de Gestion en Milieu Hospitalier et Industrie Médicale;;2026-2027;accréditation en cours;655.25;7431;655.25 (2026-2027)
2026-09-13;Fès;EPSIEL.M;EPSIEL.M;Génie Electrique;Informatique Industrielle · Electronique · Réseaux et Télécommunications;2023-2024;échéance atteinte, renouvellement non publié à ce jour;1176.23;7194;1176.23 (2024-2025) · 1176.23 (2023-2024)
2026-09-13;Fès;EPSIEL.M;EPSIEL.M;Informatique;Sécurité Informatique et Administration des Systèmes · Génie Logiciel et Intelligence Artificielle;2023-2024;échéance atteinte, renouvellement non publié à ce jour;1176.23;7194;1176.23 (2024-2025) · 1176.23 (2023-2024)
2026-09-13;Fès;EPSIEL.M;EPSIEL.M;Management;Commerce International · Finance et Comptabilité;2024-2025;échéance atteinte, renouvellement non publié à ce jour;1176.23;7194;1176.23 (2024-2025)
2026-09-13;Fès;EPSIEL.M;EPSIEL.M;Management de Projets et Ingénierie d’Innovation;;2022-2023;échéance atteinte, renouvellement non publié à ce jour;1589.22;7175;1589.22 (2022-2023)
2026-09-13;Fès;Faculté euro-méditerranéenne de médecine dentaire — Université Euromed de Fès;UEMF;Médecine Dentaire;;2028-2029;accréditation en cours;365.24;7313;365.24 (2028-2029)
2026-09-13;Fès;Faculté euro-méditerranéenne de médecine dentaire — Université Euromed de Fès;UEMF;Odontologie Chirurgicale;;2028-2029;accréditation en cours;1246.26;7535;1246.26 (2028-2029)
2026-09-13;Fès;Faculté euro-méditerranéenne de médecine dentaire — Université Euromed de Fès;UEMF;Odontologie Conservatrice;;2028-2029;accréditation en cours;1246.26;7535;1246.26 (2028-2029)
2026-09-13;Fès;Faculté euro-méditerranéenne de médecine — Université Euromed de Fès;UEMF;Gouvernance et Management en Santé;;2025-2026;échéance atteinte, renouvellement non publié à ce jour;655.25;7431;365.24 (2024-2025) · 655.25 (2025-2026)
2026-09-13;Fès;Faculté euro-méditerranéenne de médecine — Université Euromed de Fès;UEMF;Médecine générale;;2027-2028;accréditation en cours;1176.23;7194;1176.23 (2027-2028)
2026-09-13;Fès;Faculté euro-méditerranéenne de médecine — Université Euromed de Fès;UEMF;Santé Publique;;2024-2025;échéance atteinte, renouvellement non publié à ce jour;365.24;7313;365.24 (2024-2025)
2026-09-13;Fès;Faculté euro-méditerranéenne de médecine — Université Euromed de Fès;UEMF;Sciences du Sport : Entrainement et Optimisation de la Performance Sportive;;2025-2026;échéance atteinte, renouvellement non publié à ce jour;655.25;7431;365.24 (2024-2025) · 655.25 (2025-2026)
2026-09-13;Fès;Faculté euro-méditerranéenne de pharmacie — Université Euromed de Fès;UEMF;Biotechnologie et Sciences de la Santé;;2025-2026;échéance atteinte, renouvellement non publié à ce jour;365.24;7313;365.24 (2025-2026)
2026-09-13;Fès;Faculté euro-méditerranéenne de pharmacie — Université Euromed de Fès;UEMF;Pharmacie;;2026-2027;accréditation en cours;1589.22;7175;1589.22 (2026-2027)
2026-09-13;Fès;Faculté euro-méditerranéenne des sciences humaines et sociales — Université Euromed de Fès;UEMF;Communication des Entreprises et des Institutions;;2025-2026;échéance atteinte, renouvellement non publié à ce jour;655.25;7431;1589.22 (2022-2023) · 365.24 (2024-2025) · 655.25 (2025-2026)
2026-09-13;Fès;Faculté euro-méditerranéenne des sciences humaines et sociales — Université Euromed de Fès;UEMF;Didactique de l’Arabe Langue Etrangère;;2024-2025;échéance atteinte, renouvellement non publié à ce jour;365.24;7313;1589.22 (2022-2023) · 365.24 (2024-2025)
2026-09-13;Fès;Faculté euro-méditerranéenne des sciences humaines et sociales — Université Euromed de Fès;UEMF;Interprétation des Conférences;;2024-2025;échéance atteinte, renouvellement non publié à ce jour;365.24;7313;1589.22 (2022-2023) · 365.24 (2024-2025)
2026-09-13;Fès;Faculté euro-méditerranéenne des sciences humaines et sociales — Université Euromed de Fès;UEMF;Journalisme et Nouveaux Médias;;2025-2026;échéance atteinte, renouvellement non publié à ce jour;655.25;7431;1176.23 (2023-2024) · 655.25 (2025-2026)
2026-09-13;Fès;Faculté euro-méditerranéenne des sciences humaines et sociales — Université Euromed de Fès;UEMF;Langues Étrangères Appliquées : Intelligence et Ecosystèmes Innovants en Europe;;2026-2027;accréditation en cours;1246.26;7535;1246.26 (2026-2027)
2026-09-13;Fès;Faculté euro-méditerranéenne des sciences humaines et sociales — Université Euromed de Fès;UEMF;Méthodes et Métiers de l'Ingénierie Culturelle;;2024-2025;échéance atteinte, renouvellement non publié à ce jour;1176.23;7194;1176.23 (2024-2025)
2026-09-13;Fès;Faculté euro-méditerranéenne des sciences humaines et sociales — Université Euromed de Fès;UEMF;Psychologie Clinique et Psychothérapie;;2025-2026;échéance atteinte, renouvellement non publié à ce jour;655.25;7431;365.24 (2024-2025) · 655.25 (2025-2026)
2026-09-13;Fès;Faculté euro-méditerranéenne des sciences humaines et sociales — Université Euromed de Fès;UEMF;Sciences Humaines et Sociales;;2025-2026;échéance atteinte, renouvellement non publié à ce jour;365.24;7313;1589.22 (2023-2024) · 365.24 (2025-2026)
2026-09-13;Fès;Faculté euro-méditerranéenne des sciences humaines et sociales — Université Euromed de Fès;UEMF;Sciences Sociales et Management de la Santé;;2025-2026;échéance atteinte, renouvellement non publié à ce jour;365.24;7313;1176.23 (2024-2025) · 365.24 (2025-2026)
2026-09-13;Fès;Faculté euro-méditerranéenne des sciences humaines et sociales — Université Euromed de Fès;UEMF;Traduction;;2025-2026;échéance atteinte, renouvellement non publié à ce jour;365.24;7313;365.24 (2025-2026)
2026-09-13;Fès;Faculté euro-méditerranéenne des sciences humaines et sociales — Université Euromed de Fès;UEMF;Traduction et Traductologie;;2024-2025;échéance atteinte, renouvellement non publié à ce jour;365.24;7313;1589.22 (2022-2023) · 365.24 (2024-2025)
2026-09-13;Fès;Faculté euro-méditerranéenne des sciences humaines et sociales — Université Euromed de Fès;UEMF;Traductologie;;2026-2027;accréditation en cours;1246.26;7535;1246.26 (2026-2027)
2026-09-13;Fès;Faculté euro-méditerranéenne des sciences infirmières et des techniques de santé — Université Euromed de Fès;UEMF;Rééducation et Réhabilitation: Orthophonie;;2025-2026;échéance atteinte, renouvellement non publié à ce jour;365.24;7313;365.24 (2025-2026)
2026-09-13;Fès;Faculté euro-méditerranéenne des sciences infirmières et des techniques de santé — Université Euromed de Fès;UEMF;Rééducation et Réhabilitation: Psychomotricité;;2025-2026;échéance atteinte, renouvellement non publié à ce jour;365.24;7313;365.24 (2025-2026)
2026-09-13;Fès;Faculté euro-méditerranéenne des sciences infirmières et des techniques de santé — Université Euromed de Fès;UEMF;Sciences Infirmières : Infirmier Polyvalent;;2025-2026;échéance atteinte, renouvellement non publié à ce jour;365.24;7313;365.24 (2025-2026)
2026-09-13;Fès;Faculté euro-méditerranéenne des sciences infirmières et des techniques de santé — Université Euromed de Fès;UEMF;Sciences Infirmières: Infirmier en Anesthésie et Réanimation;;2025-2026;échéance atteinte, renouvellement non publié à ce jour;365.24;7313;365.24 (2025-2026)
2026-09-13;Fès;Faculté euro-méditerranéenne des sciences infirmières et des techniques de santé — Université Euromed de Fès;UEMF;Techniques de Santé : Diététique et Nutrition;;2025-2026;échéance atteinte, renouvellement non publié à ce jour;365.24;7313;365.24 (2025-2026)
2026-09-13;Fès;Faculté euro-méditerranéenne des sciences infirmières et des techniques de santé — Université Euromed de Fès;UEMF;Techniques de Santé: Techniques de Laboratoire;;2025-2026;échéance atteinte, renouvellement non publié à ce jour;365.24;7313;365.24 (2025-2026)
2026-09-13;Fès;Faculté euro-méditerranéenne des sciences infirmières et des techniques de santé — Université Euromed de Fès;UEMF;Techniques de Santé: Techniques de Radiologie;;2025-2026;échéance atteinte, renouvellement non publié à ce jour;365.24;7313;365.24 (2025-2026)
2026-09-13;Fès;Faculté privée de médecine dentaire de Fès — Université privée de Fès;UPF;Médecine Dentaire;;2028-2029;accréditation en cours;365.24;7313;365.24 (2028-2029)
2026-09-13;Fès;Faculté privée des sciences de l'ingénieur de Fès — Université privée de Fès;UPF;Classes Préparatoires Scientifiques;;2025-2026;échéance atteinte, renouvellement non publié à ce jour;655.25;7431;655.25 (2025-2026)
2026-09-13;Fès;Faculté privée des sciences de l'ingénieur de Fès — Université privée de Fès;UPF;Classes Préparatoires au Cycle de l'Ingénierie en Informatique;;2025-2026;échéance atteinte, renouvellement non publié à ce jour;655.25;7431;655.25 (2025-2026)
2026-09-13;Fès;Faculté privée des sciences de l'ingénieur de Fès — Université privée de Fès;UPF;Cyber Sécurité;;2026-2027;accréditation en cours;1246.26;7535;1246.26 (2026-2027)
2026-09-13;Fès;Faculté privée des sciences de l'ingénieur de Fès — Université privée de Fès;UPF;Cycle Préparatoire Intégré;;2023-2024;échéance atteinte, renouvellement non publié à ce jour;1176.23;7194;1176.23 (2023-2024)
2026-09-13;Fès;Faculté privée des sciences de l'ingénieur de Fès — Université privée de Fès;UPF;Data Science;;2023-2024;échéance atteinte, renouvellement non publié à ce jour;1176.23;7194;1176.23 (2023-2024)
2026-09-13;Fès;Faculté privée des sciences de l'ingénieur de Fès — Université privée de Fès;UPF;Génie Civil;;2026-2027;accréditation en cours;655.25;7431;365.24 (2025-2026) · 655.25 (2026-2027)
2026-09-13;Fès;Faculté privée des sciences de l'ingénieur de Fès — Université privée de Fès;UPF;Génie Informatique;;2026-2027;accréditation en cours;655.25;7431;655.25 (2026-2027)
2026-09-13;Fès;Faculté privée des sciences de l'ingénieur de Fès — Université privée de Fès;UPF;Génie des Energies Renouvelables et Systèmes Energétiques;;2026-2027;accréditation en cours;655.25;7431;365.24 (2025-2026) · 655.25 (2026-2027)
2026-09-13;Fès;Faculté privée des sciences de l'ingénieur de Fès — Université privée de Fès;UPF;Génie des Systèmes Embarqués;;2024-2025;échéance atteinte, renouvellement non publié à ce jour;1176.23;7194;1176.23 (2024-2025)
2026-09-13;Fès;Faculté privée des sciences de l'ingénieur de Fès — Université privée de Fès;UPF;Ingénierie Automobile, Avionique et Robotique;;2026-2027;accréditation en cours;655.25;7431;655.25 (2026-2027)
2026-09-13;Fès;Faculté privée des sciences de l'ingénieur de Fès — Université privée de Fès;UPF;Intelligence Artificielle et Data Science;;2025-2026;échéance atteinte, renouvellement non publié à ce jour;655.25;7431;655.25 (2025-2026)
2026-09-13;Fès;Faculté privée des sciences de l'ingénieur de Fès — Université privée de Fès;UPF;Sciences de l'Ingénieur et Développement Durable;;2025-2026;échéance atteinte, renouvellement non publié à ce jour;365.24;7313;365.24 (2025-2026)
2026-09-13;Fès;Faculté privée des sciences de l'ingénieur de Fès — Université privée de Fès;UPF;Software Engineering;;2027-2028;accréditation en cours;1246.26;7535;1246.26 (2027-2028)
2026-09-13;Fès;Faculté privée des sciences paramédicales et des techniques de santé de Fès — Université privée de Fès;UPF;Diététique et Nutrition;;2025-2026;échéance atteinte, renouvellement non publié à ce jour;365.24;7313;1176.23 (2024-2025) · 365.24 (2025-2026)
2026-09-13;Fès;Faculté privée des sciences paramédicales et des techniques de santé de Fès — Université privée de Fès;UPF;Psychologie Clinique;;2025-2026;échéance atteinte, renouvellement non publié à ce jour;655.25;7431;1176.23 (2023-2024) · 655.25 (2025-2026)
2026-09-13;Fès;Faculté privée des sciences paramédicales et des techniques de santé de Fès — Université privée de Fès;UPF;Psychologie générale;;2025-2026;échéance atteinte, renouvellement non publié à ce jour;365.24;7313;1176.23 (2024-2025) · 365.24 (2025-2026)
2026-09-13;Fès;Faculté privée des sciences paramédicales et des techniques de santé de Fès — Université privée de Fès;UPF;Sciences Infirmières : Anesthésie et Réanimation;;2025-2026;échéance atteinte, renouvellement non publié à ce jour;365.24;7313;1176.23 (2024-2025) · 365.24 (2025-2026)
2026-09-13;Fès;Faculté privée des sciences paramédicales et des techniques de santé de Fès — Université privée de Fès;UPF;Sciences Infirmières Polyvalentes;;2025-2026;échéance atteinte, renouvellement non publié à ce jour;365.24;7313;1176.23 (2024-2025) · 365.24 (2025-2026)
2026-09-13;Fès;Faculté privée des sciences paramédicales et des techniques de santé de Fès — Université privée de Fès;UPF;Sciences Infirmières en Gériatrie;;2026-2027;accréditation en cours;655.25;7431;655.25 (2026-2027)
2026-09-13;Fès;Faculté privée des sciences paramédicales et des techniques de santé de Fès — Université privée de Fès;UPF;Technologie de Laboratoire Biomédical;;2025-2026;échéance atteinte, renouvellement non publié à ce jour;365.24;7313;365.24 (2025-2026)
2026-09-13;Fès;Faculté privée des sciences paramédicales et des techniques de santé de Fès — Université privée de Fès;UPF;Technologie de Laboratoires Biomédicaux;;2024-2025;échéance atteinte, renouvellement non publié à ce jour;1176.23;7194;1176.23 (2024-2025)
2026-09-13;Fès;Institut euro-méditerranéen des sciences juridiques et politiques — Université Euromed de Fès;UEMF;Administration Economique et Sociale;;2026-2027;accréditation en cours;1246.26;7535;1246.26 (2026-2027)
2026-09-13;Fès;Institut euro-méditerranéen des sciences juridiques et politiques — Université Euromed de Fès;UEMF;Droit des Affaires;;2025-2026;échéance atteinte, renouvellement non publié à ce jour;655.25;7431;1176.23 (2023-2024) · 655.25 (2025-2026)
2026-09-13;Fès;Institut euro-méditerranéen des sciences juridiques et politiques — Université Euromed de Fès;UEMF;Droit du Numérique;;2025-2026;échéance atteinte, renouvellement non publié à ce jour;655.25;7431;365.24 (2024-2025) · 655.25 (2025-2026)
2026-09-13;Fès;Institut euro-méditerranéen des sciences juridiques et politiques — Université Euromed de Fès;UEMF;Droit du Sport;;2026-2027;accréditation en cours;1246.26;7535;1246.26 (2026-2027)
2026-09-13;Fès;Institut euro-méditerranéen des sciences juridiques et politiques — Université Euromed de Fès;UEMF;Gestion des Conflits et Alliance des Civilisations;;2025-2026;échéance atteinte, renouvellement non publié à ce jour;655.25;7431;365.24 (2024-2025) · 655.25 (2025-2026)
2026-09-13;Fès;Institut euro-méditerranéen des sciences juridiques et politiques — Université Euromed de Fès;UEMF;Politiques Méditerranéennes et Africaines;;2025-2026;échéance atteinte, renouvellement non publié à ce jour;655.25;7431;1176.23 (2023-2024) · 655.25 (2025-2026)
2026-09-13;Fès;Institut euro-méditerranéen des sciences juridiques et politiques — Université Euromed de Fès;UEMF;Sciences Politiques et Juridiques;Sciences Politiques · Sciences Juridiques;2025-2026;échéance atteinte, renouvellement non publié à ce jour;365.24;7313;1176.23 (2024-2025) · 365.24 (2025-2026)
2026-09-13;Fès;Institut euro-méditerranéen des technologies — Université Euromed de Fès;UEMF;Génie Electrique;Énergie Electrique · Systèmes Embarqués;2025-2026;échéance atteinte, renouvellement non publié à ce jour;1342.23;7224;1342.23 (2025-2026)
2026-09-13;Fès;Institut euro-méditerranéen des technologies — Université Euromed de Fès;UEMF;Génie Mécanique et Energétique;Energie et Environnement · Mécanique et Génie Industriel;2025-2026;échéance atteinte, renouvellement non publié à ce jour;1342.23;7224;1342.23 (2025-2026)
2026-09-13;Fès;Institut euro-méditerranéen des technologies — Université Euromed de Fès;UEMF;Systèmes d'Information et de Communication;Ingénierie des Données · Objets Communicants;2025-2026;échéance atteinte, renouvellement non publié à ce jour;1342.23;7224;1342.23 (2025-2026)
2026-09-13;Fès;Institut supérieur privé d'ingénierie et des affaires;ISGA;Années Préparatoires en Systèmes Informatiques et Electroniques;;2025-2026;échéance atteinte, renouvellement non publié à ce jour;655.25;7431;655.25 (2025-2026)
2026-09-13;Fès;Institut supérieur privé d'ingénierie et des affaires;ISGA;Comptabilité et Finance;Comptabilité, Contrôle et Audit · Ingénierie Financière;2025-2026;échéance atteinte, renouvellement non publié à ce jour;655.25;7431;655.25 (2025-2026)
2026-09-13;Fès;Institut supérieur privé d'ingénierie et des affaires;ISGA;Deux Années préparatoires en Systèmes Informatiques et Electroniques;;2023-2024;échéance atteinte, renouvellement non publié à ce jour;1176.23;7194;1176.23 (2023-2024)
2026-09-13;Fès;Institut supérieur privé d'ingénierie et des affaires;ISGA;Finance, Contrôle et Systèmes Digitaux;Comptabilité, Contrôle et Audit · Ingénierie Financière;2023-2024;échéance atteinte, renouvellement non publié à ce jour;1176.23;7194;1176.23 (2023-2024)
2026-09-13;Fès;Institut supérieur privé d'ingénierie et des affaires;ISGA;Ingénierie Des Systèmes Industriels Intelligents;Systèmes Industriels Intelligents et Contrôle Qualité;2025-2026;échéance atteinte, renouvellement non publié à ce jour;365.24;7313;365.24 (2025-2026)
2026-09-13;Fès;Institut supérieur privé d'ingénierie et des affaires;ISGA;Ingénierie des Systèmes Industriels Intelligents Systèmes de Production Intelligents et Contrôle Qualité;;2026-2027;accréditation en cours;655.25;7431;655.25 (2026-2027)
2026-09-13;Fès;Institut supérieur privé d'ingénierie et des affaires;ISGA;Ingénierie des Systèmes Infomatiques;Ingénierie du Développement Web et Mobile · Ingénierie des Réseaux, Systèmes et Sécurité;2025-2026;échéance atteinte, renouvellement non publié à ce jour;365.24;7313;365.24 (2025-2026)
2026-09-13;Fès;Institut supérieur privé d'ingénierie et des affaires;ISGA;Ingénierie des Systèmes Informatiques;Ingénierie des Réseaux, Systèmes et Sécurité · Ingénierie du Développement Web et Mobile · Intelligence Artificielle et Big Data;2026-2027;accréditation en cours;655.25;7431;655.25 (2026-2027)
2026-09-13;Fès;Institut supérieur privé d'ingénierie et des affaires;ISGA;Management des Entreprises et Systèmes Digitaux;;2025-2026;échéance atteinte, renouvellement non publié à ce jour;365.24;7313;1176.23 (2024-2025) · 365.24 (2025-2026)
2026-09-13;Fès;Institut supérieur privé d'ingénierie et des affaires;ISGA;Marketing Digital et E-Commerce;;2025-2026;échéance atteinte, renouvellement non publié à ce jour;655.25;7431;1176.23 (2023-2024) · 655.25 (2025-2026)
2026-09-13;Fès;Institut supérieur privé des sciences de l'ingénieur (Technologia) — Université privée de Fès;UPF;Cycle Préparatoire en Ingénierie Informatique );;2025-2026;échéance atteinte, renouvellement non publié à ce jour;655.25;7431;655.25 (2025-2026)
2026-09-13;Fès;Institut supérieur privé des sciences de l'ingénieur (Technologia) — Université privée de Fès;UPF;Ingénierie Financière );;2026-2027;accréditation en cours;655.25;7431;655.25 (2026-2027)
2026-09-13;Fès;Institut supérieur privé des sciences de l'ingénieur (Technologia) — Université privée de Fès;UPF;Ingénierie en Cyber Sécurité );;2026-2027;accréditation en cours;655.25;7431;655.25 (2026-2027)
2026-09-13;Fès;Institut supérieur privé des sciences de l'ingénieur (Technologia) — Université privée de Fès;UPF;Système d'Information et Transformation Digitale );;2026-2027;accréditation en cours;655.25;7431;655.25 (2026-2027)
2026-09-13;Fès;Institut supérieur privé des sciences de l'ingénieur (Technologia) — Université privée de Fès;UPF;Transformation Digitale );;2025-2026;échéance atteinte, renouvellement non publié à ce jour;655.25;7431;655.25 (2025-2026)
2026-09-13;Fès;École d'ingénieurs en biomédecine et biotechnologies — Université Euromed de Fès;UEMF;Deux Années Préparatoires Intégrées de l’Ecole d’Ingénieur en Biomédical et en Biotechnologie;;2025-2026;échéance atteinte, renouvellement non publié à ce jour;655.25;7431;655.25 (2025-2026)
2026-09-13;Fès;École d'ingénieurs en biomédecine et biotechnologies — Université Euromed de Fès;UEMF;Deux années Préparatoires Intégrées d’Ingénieur en Biomédical et en Biotechnologie;;2023-2024;échéance atteinte, renouvellement non publié à ce jour;1176.23;7194;1176.23 (2023-2024)
2026-09-13;Fès;École d'ingénieurs en biomédecine et biotechnologies — Université Euromed de Fès;UEMF;Génie Biomédical;;2025-2026;échéance atteinte, renouvellement non publié à ce jour;365.24;7313;365.24 (2025-2026)
2026-09-13;Fès;École d'ingénieurs en biomédecine et biotechnologies — Université Euromed de Fès;UEMF;Industries Agroalimentaires;;2023-2024;échéance atteinte, renouvellement non publié à ce jour;1342.23;7224;1342.23 (2023-2024)
2026-09-13;Fès;École d'ingénieurs en biomédecine et biotechnologies — Université Euromed de Fès;UEMF;Ingénierie Biomédicale;;2026-2027;accréditation en cours;655.25;7431;655.25 (2026-2027)
2026-09-13;Fès;École d'ingénieurs en biomédecine et biotechnologies — Université Euromed de Fès;UEMF;Ingénierie Biotechnologique;;2026-2027;accréditation en cours;655.25;7431;365.24 (2025-2026) · 655.25 (2026-2027)
2026-09-13;Fès;École d'ingénieurs en biomédecine et biotechnologies — Université Euromed de Fès;UEMF;Ingénierie en Bio-informatique;;2026-2027;accréditation en cours;655.25;7431;365.24 (2025-2026) · 655.25 (2026-2027)
2026-09-13;Fès;École d'ingénieurs en biomédecine et biotechnologies — Université Euromed de Fès;UEMF;Management of Biobanks;;2023-2024;échéance atteinte, renouvellement non publié à ce jour;1176.23;7194;1176.23 (2023-2024)
2026-09-13;Fès;École des hautes études commerciales et informatiques;HECI;Administration des Affaires;;2025-2026;échéance atteinte, renouvellement non publié à ce jour;365.24;7313;365.24 (2025-2026)
2026-09-13;Fès;École des hautes études commerciales et informatiques;HECI;Ingénierie et Management des Projets;;2023-2024;échéance atteinte, renouvellement non publié à ce jour;1176.23;7194;1176.23 (2023-2024)
2026-09-13;Fès;École des hautes études en comptabilité et finance;HECF;Banque, Finance et Assurance;;2025-2026;échéance atteinte, renouvellement non publié à ce jour;655.25;7431;1176.23 (2023-2024) · 655.25 (2025-2026)
2026-09-13;Fès;École des hautes études en comptabilité et finance;HECF;Comptabilité, Contrôle et Audit;;2025-2026;échéance atteinte, renouvellement non publié à ce jour;655.25;7431;1176.23 (2023-2024) · 655.25 (2025-2026)
2026-09-13;Fès;École des hautes études en comptabilité et finance;HECF;Droit des Affaires;;2026-2027;accréditation en cours;1246.26;7535;1246.26 (2027-2028) · 1246.26 (2026-2027)
2026-09-13;Fès;École des hautes études en comptabilité et finance;HECF;Management et Administration des Affaires;Comptabilité et Gestion · Finance et Banque · Marketing et Commerce;2025-2026;échéance atteinte, renouvellement non publié à ce jour;365.24;7313;1589.22 (2023-2024) · 365.24 (2025-2026)
2026-09-13;Fès;École des hautes études en comptabilité et finance;HECF;Management et Organisations;Comptabilité et Gestion · Finance et Banque · Marketing et Commerce;2025-2026;échéance atteinte, renouvellement non publié à ce jour;365.24;7313;365.24 (2025-2026)
2026-09-13;Fès;École des hautes études en comptabilité et finance;HECF;Marketing et Stratégie Digitale;;2025-2026;échéance atteinte, renouvellement non publié à ce jour;655.25;7431;1176.23 (2023-2024) · 655.25 (2025-2026)
2026-09-13;Fès;École euro-méditerranéenne d'architecture, de design et d'urbanisme — Université Euromed de Fès;UEMF;Architecture;;2027-2028;accréditation en cours;1176.23;7194;1176.23 (2027-2028)
2026-09-13;Fès;École euro-méditerranéenne d'architecture, de design et d'urbanisme — Université Euromed de Fès;UEMF;Design;Design Produit · Design Graphique · Design d'Intérieur;2025-2026;échéance atteinte, renouvellement non publié à ce jour;365.24;7313;1176.23 (2023-2024) · 365.24 (2025-2026)
2026-09-13;Fès;École euro-méditerranéenne d'architecture, de design et d'urbanisme — Université Euromed de Fès;UEMF;Design Global;;2026-2027;accréditation en cours;1246.26;7535;1246.26 (2026-2027)
2026-09-13;Fès;École euro-méditerranéenne de management — Université Euromed de Fès;UEMF;Comptabilité, Contrôle et Audit;;2025-2026;échéance atteinte, renouvellement non publié à ce jour;655.25;7431;655.25 (2025-2026)
2026-09-13;Fès;École euro-méditerranéenne de management — Université Euromed de Fès;UEMF;Deux Années Préparatoires des Etudes Supérieures en Commerce et Gestion;;2025-2026;échéance atteinte, renouvellement non publié à ce jour;655.25;7431;655.25 (2025-2026)
2026-09-13;Fès;École euro-méditerranéenne de management — Université Euromed de Fès;UEMF;E-Marketing et Communication Digitale;;2026-2027;accréditation en cours;655.25;7431;655.25 (2026-2027)
2026-09-13;Fès;École euro-méditerranéenne de management — Université Euromed de Fès;UEMF;Finance, Audit et Pilotage de la Performance;;2026-2027;accréditation en cours;655.25;7431;1176.23 (2023-2024) · 655.25 (2026-2027)
2026-09-13;Fès;École euro-méditerranéenne de management — Université Euromed de Fès;UEMF;International Business;;2028-2029;accréditation en cours;2500.25;7466;1589.22 (2022-2023) · 1176.23 (2026-2027) · 365.24 (2024-2025) · 2500.25 (2028-2029)
2026-09-13;Fès;École euro-méditerranéenne de management — Université Euromed de Fès;UEMF;International Business Management;;2026-2027;accréditation en cours;655.25;7431;655.25 (2026-2027)
2026-09-13;Fès;École euro-méditerranéenne de management — Université Euromed de Fès;UEMF;Marketing Digital et Data Analytics;;2025-2026;échéance atteinte, renouvellement non publié à ce jour;655.25;7431;655.25 (2025-2026)
2026-09-13;Fès;École euro-méditerranéenne de management — Université Euromed de Fès;UEMF;Marketing et Business Développement;Marketing et Développement Commercial · E-Marketing et Communication Digitale;2023-2024;échéance atteinte, renouvellement non publié à ce jour;1176.23;7194;1176.23 (2023-2024)
2026-09-13;Fès;École euro-méditerranéenne de management — Université Euromed de Fès;UEMF;Ressources Humaines, Transformations Digitale et Sociétale;;2026-2027;accréditation en cours;655.25;7431;655.25 (2026-2027)
2026-09-13;Fès;École euro-méditerranéenne de management — Université Euromed de Fès;UEMF;Sciences Actuarielles et Ingénierie Financière;;2025-2026;échéance atteinte, renouvellement non publié à ce jour;655.25;7431;365.24 (2024-2025) · 655.25 (2025-2026)
2026-09-13;Fès;École euro-méditerranéenne du numérique et de l'intelligence artificielle — Université Euromed de Fès;UEMF;Analyse des Méga Données;;2026-2027;accréditation en cours;655.25;7431;655.25 (2026-2027)
2026-09-13;Fès;École euro-méditerranéenne du numérique et de l'intelligence artificielle — Université Euromed de Fès;UEMF;Analyse des Mégadonnées;;2024-2025;échéance atteinte, renouvellement non publié à ce jour;1176.23;7194;1176.23 (2024-2025)
2026-09-13;Fès;École euro-méditerranéenne du numérique et de l'intelligence artificielle — Université Euromed de Fès;UEMF;Computer Science and Cybers Security;;2026-2027;accréditation en cours;655.25;7431;655.25 (2026-2027)
2026-09-13;Fès;École euro-méditerranéenne du numérique et de l'intelligence artificielle — Université Euromed de Fès;UEMF;Deux Années Préparatoires Intégrées en Technologies Digitales;;2025-2026;échéance atteinte, renouvellement non publié à ce jour;655.25;7431;365.24 (2024-2025) · 655.25 (2025-2026)
2026-09-13;Fès;École euro-méditerranéenne du numérique et de l'intelligence artificielle — Université Euromed de Fès;UEMF;Full Stack Engineering and Multimedia;;2026-2027;accréditation en cours;655.25;7431;655.25 (2026-2027)
2026-09-13;Fès;École euro-méditerranéenne du numérique et de l'intelligence artificielle — Université Euromed de Fès;UEMF;ICT Security and Artificial Intelligence;;2025-2026;échéance atteinte, renouvellement non publié à ce jour;655.25;7431;655.25 (2025-2026)
2026-09-13;Fès;École euro-méditerranéenne du numérique et de l'intelligence artificielle — Université Euromed de Fès;UEMF;Informatique et Cyber Sécurité;;2025-2026;échéance atteinte, renouvellement non publié à ce jour;365.24;7313;365.24 (2025-2026)
2026-09-13;Fès;École euro-méditerranéenne du numérique et de l'intelligence artificielle — Université Euromed de Fès;UEMF;Ingénierie d'Applications Web et Mobiles;;2025-2026;échéance atteinte, renouvellement non publié à ce jour;365.24;7313;365.24 (2025-2026)
2026-09-13;Fès;École euro-méditerranéenne du numérique et de l'intelligence artificielle — Université Euromed de Fès;UEMF;Intelligence Artificielle;;2026-2027;accréditation en cours;655.25;7431;1176.23 (2024-2025) · 655.25 (2026-2027)
2026-09-13;Fès;École euro-méditerranéenne du numérique et de l'intelligence artificielle — Université Euromed de Fès;UEMF;Robotique et Cobotique;;2026-2027;accréditation en cours;655.25;7431;1176.23 (2024-2025) · 655.25 (2026-2027)
2026-09-13;Fès;École euro-méditerranéenne polytechnique — Université Euromed de Fès;UEMF;Accompagnement Entrepreneurial et Management Technologique;;2025-2026;échéance atteinte, renouvellement non publié à ce jour;655.25;7431;1589.22 (2022-2023) · 365.24 (2024-2025) · 655.25 (2025-2026)
2026-09-13;Fès;École euro-méditerranéenne polytechnique — Université Euromed de Fès;UEMF;Deux Années Préparatoires Intégrées aux Cycles d’Ingénieur;;2024-2025;échéance atteinte, renouvellement non publié à ce jour;365.24;7313;365.24 (2024-2025)
2026-09-13;Fès;École euro-méditerranéenne polytechnique — Université Euromed de Fès;UEMF;Deux années Préparatoires Intégrées aux Cycles Ingénieur;;2025-2026;échéance atteinte, renouvellement non publié à ce jour;655.25;7431;655.25 (2025-2026)
2026-09-13;Fès;École euro-méditerranéenne polytechnique — Université Euromed de Fès;UEMF;Deux années préparatoires intégrées aux cycles ingénieur : Génie Civil, Génie des Eaux, Génie des Procédés, Génie des Opérations et de Logistique;;2022-2023;échéance atteinte, renouvellement non publié à ce jour;1589.22;7175;1589.22 (2022-2023)
2026-09-13;Fès;École euro-méditerranéenne polytechnique — Université Euromed de Fès;UEMF;Génie Civil;Bâtiment et Énergie · Infrastructures et Ouvrages Hydrauliques · Transports et Planification Urbaine;2026-2027;accréditation en cours;655.25;7431;1589.22 (2023-2024) · 655.25 (2026-2027)
2026-09-13;Fès;École euro-méditerranéenne polytechnique — Université Euromed de Fès;UEMF;Génie Electrique (Electronique, Electrotechnique et ) Automatique;Automatique · Electronique · Electrotechnique;2026-2027;accréditation en cours;655.25;7431;1176.23 (2024-2025) · 655.25 (2026-2027)
2026-09-13;Fès;École euro-méditerranéenne polytechnique — Université Euromed de Fès;UEMF;Génie Environnemental et Gestion de l'Eau;;2025-2026;échéance atteinte, renouvellement non publié à ce jour;655.25;7431;1176.23 (2023-2024) · 655.25 (2025-2026)
2026-09-13;Fès;École euro-méditerranéenne polytechnique — Université Euromed de Fès;UEMF;Génie Industriel;;2026-2027;accréditation en cours;655.25;7431;655.25 (2026-2027)
2026-09-13;Fès;École euro-méditerranéenne polytechnique — Université Euromed de Fès;UEMF;Génie Mécanique, Productique et Thermique;Productique · Thermique;2026-2027;accréditation en cours;655.25;7431;1176.23 (2024-2025) · 655.25 (2026-2027)
2026-09-13;Fès;École euro-méditerranéenne polytechnique — Université Euromed de Fès;UEMF;Génie des Opérations et de la Logistique;;2023-2024;échéance atteinte, renouvellement non publié à ce jour;1589.22;7175;1589.22 (2023-2024)
2026-09-13;Fès;École euro-méditerranéenne polytechnique — Université Euromed de Fès;UEMF;Génie des Procédés;;2023-2024;échéance atteinte, renouvellement non publié à ce jour;1589.22;7175;1589.22 (2023-2024)
2026-09-13;Fès;École euro-méditerranéenne polytechnique — Université Euromed de Fès;UEMF;Génie des Procédés de l'Energie et de l'Environnement;;2026-2027;accréditation en cours;655.25;7431;655.25 (2026-2027)
2026-09-13;Fès;École euro-méditerranéenne polytechnique — Université Euromed de Fès;UEMF;Génie des Télécommunications;;2027-2028;accréditation en cours;1246.26;7535;1246.26 (2027-2028)
2026-09-13;Fès;École euro-méditerranéenne polytechnique — Université Euromed de Fès;UEMF;Logistics and Supply Chain Engineering;;2025-2026;échéance atteinte, renouvellement non publié à ce jour;655.25;7431;655.25 (2025-2026)
2026-09-13;Fès;École euro-méditerranéenne polytechnique — Université Euromed de Fès;UEMF;Matériaux Fonctionnels et Fabrication Additive;Fabrication Additive pour l'Aéronautique et l'Automobile · Fabrication Additive pour le Génie Biomédical;2024-2025;échéance atteinte, renouvellement non publié à ce jour;365.24;7313;1589.22 (2022-2023) · 365.24 (2024-2025)
2026-09-13;Fès;École euro-méditerranéenne polytechnique — Université Euromed de Fès;UEMF;Sciences de l'Ingénieur;;2025-2026;échéance atteinte, renouvellement non publié à ce jour;365.24;7313;365.24 (2025-2026)
2026-09-13;Fès;École euro-méditerranéenne polytechnique — Université Euromed de Fès;UEMF;Sustainable Energy;;2026-2027;accréditation en cours;1246.26;7535;1246.26 (2026-2027)
2026-09-13;Fès;École euro-méditerranéenne polytechnique — Université Euromed de Fès;UEMF;Transport et Mobilité Durable;Ecoconception des Mobilités · Logistique et Transport de Fret;2023-2024;échéance atteinte, renouvellement non publié à ce jour;1176.23;7194;1176.23 (2023-2024)
2026-09-13;Fès;École marocaine des sciences de l'ingénieur;EMSI;Deux Années Préparatoires au Cycle d'Ingénieur;;2025-2026;échéance atteinte, renouvellement non publié à ce jour;655.25;7431;365.24 (2024-2025) · 655.25 (2025-2026)
2026-09-13;Fès;École marocaine des sciences de l'ingénieur;EMSI;Deux Années Préparatoires au Cycle d'Ingénieur Génie Financier;;2024-2025;échéance atteinte, renouvellement non publié à ce jour;365.24;7313;365.24 (2024-2025)
2026-09-13;Fès;École marocaine des sciences de l'ingénieur;EMSI;Deux Années Préparatoires au Cycle d'Ingénieur de la filière Génie Civil, Bâtiments et Travaux Publics;;2025-2026;échéance atteinte, renouvellement non publié à ce jour;655.25;7431;655.25 (2025-2026)
2026-09-13;Fès;École marocaine des sciences de l'ingénieur;EMSI;Deux Années Préparatoires au Cycle d'Ingénieur de la filière Génie Financier;;2025-2026;échéance atteinte, renouvellement non publié à ce jour;655.25;7431;655.25 (2025-2026)
2026-09-13;Fès;École marocaine des sciences de l'ingénieur;EMSI;Deux Années Préparatoires au Cycle d’Ingenieur Génie Civil, Bâtiments et Travaux Publics;;2024-2025;échéance atteinte, renouvellement non publié à ce jour;365.24;7313;365.24 (2024-2025)
2026-09-13;Fès;École marocaine des sciences de l'ingénieur;EMSI;Génie Civil, Bâtiments et Travaux Publics;;2026-2027;accréditation en cours;655.25;7431;365.24 (2025-2026) · 655.25 (2026-2027)
2026-09-13;Fès;École marocaine des sciences de l'ingénieur;EMSI;Génie Electrique et Systèmes Intelligents;;2026-2027;accréditation en cours;655.25;7431;655.25 (2026-2027)
2026-09-13;Fès;École marocaine des sciences de l'ingénieur;EMSI;Génie Financier;Actuariat et Finance · Ingénierie et Corporate Finance;2026-2027;accréditation en cours;655.25;7431;365.24 (2025-2026) · 655.25 (2026-2027)
2026-09-13;Fès;École marocaine des sciences de l'ingénieur;EMSI;Génie Industriel;;2026-2027;accréditation en cours;655.25;7431;365.24 (2025-2026) · 655.25 (2026-2027)
2026-09-13;Fès;École marocaine des sciences de l'ingénieur;EMSI;Ingénierie Informatique et Réseaux;Développement Digitale et Systèmes d’Information · Cyber Sécurité et Infrastructures Réseaux · Intelligence Artificielle et Sciences de Données;2026-2027;accréditation en cours;655.25;7431;655.25 (2026-2027)
2026-09-13;Fès;École marocaine des sciences de l'ingénieur;EMSI;Ingénierie des Automatismes et Informatique Industrielle;;2026-2027;accréditation en cours;655.25;7431;655.25 (2026-2027)
2026-09-13;Fès;École pluridisciplinaire d'électronique et de gestion;EPSIEL;Management de Projets et Ingénierie d’Innovation;;2024-2025;échéance atteinte, renouvellement non publié à ce jour;365.24;7313;365.24 (2024-2025)
2026-09-13;Fès;École privée de management de Fès — Université privée de Fès;UPF;Administration des Affaires;Administration des Affaires;2025-2026;échéance atteinte, renouvellement non publié à ce jour;365.24;7313;365.24 (2025-2026)
2026-09-13;Fès;École privée de management de Fès — Université privée de Fès;UPF;Artificial Intelligence in Business;;2026-2027;accréditation en cours;1246.26;7535;1246.26 (2026-2027)
2026-09-13;Fès;École privée de management de Fès — Université privée de Fès;UPF;Banque, Finance et Assurance;;2025-2026;échéance atteinte, renouvellement non publié à ce jour;365.24;7313;365.24 (2025-2026)
2026-09-13;Fès;École privée de management de Fès — Université privée de Fès;UPF;Business Digital et Marketing;;2026-2027;accréditation en cours;655.25;7431;655.25 (2026-2027)
2026-09-13;Fès;École privée de management de Fès — Université privée de Fès;UPF;Commerce, Vente et Marketing;;2025-2026;échéance atteinte, renouvellement non publié à ce jour;365.24;7313;365.24 (2025-2026)
2026-09-13;Fès;École privée de management de Fès — Université privée de Fès;UPF;Comptabilité, Contrôle et Audit;;2026-2027;accréditation en cours;655.25;7431;655.25 (2026-2027)
2026-09-13;Fès;École privée de management de Fès — Université privée de Fès;UPF;Cycle Préparatoire en Commerce et Gestion;;2025-2026;échéance atteinte, renouvellement non publié à ce jour;655.25;7431;655.25 (2025-2026)
2026-09-13;Fès;École privée de management de Fès — Université privée de Fès;UPF;Droit des Affaires;;2025-2026;échéance atteinte, renouvellement non publié à ce jour;655.25;7431;1589.22 (2022-2023) · 365.24 (2024-2025) · 655.25 (2025-2026)
2026-09-13;Fès;École privée de management de Fès — Université privée de Fès;UPF;Gestion Comptable et Fiscale;;2025-2026;échéance atteinte, renouvellement non publié à ce jour;365.24;7313;1176.23 (2024-2025) · 365.24 (2025-2026)
2026-09-13;Fès;École privée de management de Fès — Université privée de Fès;UPF;Ingénierie Financière;;2026-2027;accréditation en cours;655.25;7431;655.25 (2026-2027)
2026-09-13;Fès;École privée de management de Fès — Université privée de Fès;UPF;Ingénierie des Affaires;;2025-2026;échéance atteinte, renouvellement non publié à ce jour;655.25;7431;655.25 (2025-2026)
2026-09-13;Fès;École privée de management de Fès — Université privée de Fès;UPF;International Business and Trade;;2027-2028;accréditation en cours;1246.26;7535;1246.26 (2027-2028)
2026-09-13;Fès;École privée de management de Fès — Université privée de Fès;UPF;Logistique et Transport;;2025-2026;échéance atteinte, renouvellement non publié à ce jour;365.24;7313;365.24 (2025-2026)
2026-09-13;Fès;École privée de management de Fès — Université privée de Fès;UPF;Management Hospitalier;;2025-2026;échéance atteinte, renouvellement non publié à ce jour;655.25;7431;1176.23 (2023-2024) · 655.25 (2025-2026)
2026-09-13;Fès;École privée de management de Fès — Université privée de Fès;UPF;Management des Organisations;Gestion des Ressources Humaines · Administration des Affaires;2024-2025;échéance atteinte, renouvellement non publié à ce jour;1176.23;7194;1176.23 (2024-2025)
2026-09-13;Fès;École privée de management de Fès — Université privée de Fès;UPF;Management des Ressources Humaines;;2026-2027;accréditation en cours;655.25;7431;655.25 (2026-2027)
2026-09-13;Fès;École privée de management de Fès — Université privée de Fès;UPF;Management du Développement Territorial;;2025-2026;échéance atteinte, renouvellement non publié à ce jour;655.25;7431;1176.23 (2023-2024) · 655.25 (2025-2026)
2026-09-13;Fès;École privée de management de Fès — Université privée de Fès;UPF;Sciences Politiques et Juridiques;Sciences Juridiques · Sciences Politiques;2025-2026;échéance atteinte, renouvellement non publié à ce jour;365.24;7313;1176.23 (2024-2025) · 365.24 (2025-2026)
2026-09-13;Fès;École privée de management de Fès — Université privée de Fès;UPF;Sciences de Gestion;;2025-2026;échéance atteinte, renouvellement non publié à ce jour;365.24;7313;365.24 (2025-2026)
2026-09-13;Fès;École privée de management de Fès — Université privée de Fès;UPF;Supply Chain Management;;2026-2027;accréditation en cours;655.25;7431;655.25 (2026-2027)
2026-09-13;Fès;École supérieure d'ingénierie automobile et aéronautique;ESI2A;Cycle Préparatoire Intégré;;2025-2026;échéance atteinte, renouvellement non publié à ce jour;655.25;7431;365.24 (2024-2025) · 655.25 (2025-2026)
2026-09-13;Fès;École supérieure d'ingénierie automobile et aéronautique;ESI2A;Mécatronique;Automobile · Aéronautique;2026-2027;accréditation en cours;655.25;7431;365.24 (2025-2026) · 655.25 (2026-2027)
2026-09-13;Fès;École supérieure d'ingénierie en sciences appliquées;ESISA;Ingénierie Logicielle;;2025-2026;échéance atteinte, renouvellement non publié à ce jour;365.24;7313;1176.23 (2024-2025) · 365.24 (2025-2026)
2026-09-13;Fès;École supérieure d'ingénierie en sciences appliquées;ESISA;Ingénierie des Systèmes Distribués;;2024-2025;échéance atteinte, renouvellement non publié à ce jour;365.24;7313;365.24 (2024-2025)
2026-09-13;Fès;École supérieure d'ingénierie en sciences appliquées;ESISA;Ingénierie des Systèmes d'Information;;2024-2025;échéance atteinte, renouvellement non publié à ce jour;365.24;7313;365.24 (2024-2025)
2026-09-13;Fès;École supérieure d'ingénierie en sciences appliquées;ESISA;Ingénierie des Systèmes d'Information et Transformation Numérique;;2025-2026;échéance atteinte, renouvellement non publié à ce jour;655.25;7431;655.25 (2025-2026)
2026-09-13;Fès;École supérieure d'ingénierie en sciences appliquées;ESISA;Ingénierie des Systèmes d’Information et Intelligence Artificielle;;2025-2026;échéance atteinte, renouvellement non publié à ce jour;655.25;7431;655.25 (2025-2026)
2026-09-13;Fès;École supérieure d'optique et de lunetterie;ESOL;Optométrie et d'Optique Lunetterie;;2025-2026;échéance atteinte, renouvellement non publié à ce jour;365.24;7313;365.24 (2025-2026)
2026-09-13;Fès;École supérieure de management, de commerce et d'informatique (SUP'Management);SUP'Management;Arbitrage et Moyens Alternatifs;;2025-2026;échéance atteinte, renouvellement non publié à ce jour;655.25;7431;655.25 (2025-2026)
2026-09-13;Fès;École supérieure de management, de commerce et d'informatique (SUP'Management);SUP'Management;Big Data et Digital Business;;2024-2025;échéance atteinte, renouvellement non publié à ce jour;365.24;7313;365.24 (2024-2025)
2026-09-13;Fès;École supérieure de management, de commerce et d'informatique (SUP'Management);SUP'Management;Cloud Computing and Intelligence Artificielle;;2026-2027;accréditation en cours;1246.26;7535;1246.26 (2026-2027)
2026-09-13;Fès;École supérieure de management, de commerce et d'informatique (SUP'Management);SUP'Management;Comptabilité, Contrôle et Audit;;2025-2026;échéance atteinte, renouvellement non publié à ce jour;655.25;7431;1589.22 (2022-2023) · 365.24 (2024-2025) · 655.25 (2025-2026)
2026-09-13;Fès;École supérieure de management, de commerce et d'informatique (SUP'Management);SUP'Management;Diplomatie, Géopolitique et Gouvernance;;2025-2026;échéance atteinte, renouvellement non publié à ce jour;655.25;7431;1589.22 (2022-2023) · 365.24 (2024-2025) · 655.25 (2025-2026)
2026-09-13;Fès;École supérieure de management, de commerce et d'informatique (SUP'Management);SUP'Management;Droit et Gestion des Collectivités Territoriales;;2024-2025;échéance atteinte, renouvellement non publié à ce jour;365.24;7313;1589.22 (2022-2023) · 365.24 (2024-2025)
2026-09-13;Fès;École supérieure de management, de commerce et d'informatique (SUP'Management);SUP'Management;Eco-Management et Management Environnemental;;2024-2025;échéance atteinte, renouvellement non publié à ce jour;365.24;7313;1589.22 (2022-2023) · 365.24 (2024-2025)
2026-09-13;Fès;École supérieure de management, de commerce et d'informatique (SUP'Management);SUP'Management;Economie de Santé et Management Hospitalier;;2023-2024;échéance atteinte, renouvellement non publié à ce jour;1176.23;7194;1176.23 (2023-2024)
2026-09-13;Fès;École supérieure de management, de commerce et d'informatique (SUP'Management);SUP'Management;Entrepreneuriat et Management de l’Innovation;;2024-2025;échéance atteinte, renouvellement non publié à ce jour;365.24;7313;1589.22 (2022-2023) · 365.24 (2024-2025)
2026-09-13;Fès;École supérieure de management, de commerce et d'informatique (SUP'Management);SUP'Management;Finance Islamique;;2024-2025;échéance atteinte, renouvellement non publié à ce jour;365.24;7313;1589.22 (2022-2023) · 365.24 (2024-2025)
2026-09-13;Fès;École supérieure de management, de commerce et d'informatique (SUP'Management);SUP'Management;Finance et Management;;2023-2024;échéance atteinte, renouvellement non publié à ce jour;1589.22;7175;1589.22 (2023-2024)
2026-09-13;Fès;École supérieure de management, de commerce et d'informatique (SUP'Management);SUP'Management;Gestion de Projets;;2024-2025;échéance atteinte, renouvellement non publié à ce jour;365.24;7313;1589.22 (2022-2023) · 365.24 (2024-2025)
2026-09-13;Fès;École supérieure de management, de commerce et d'informatique (SUP'Management);SUP'Management;Génie des Systèmes Embarqués et Internet des Objets;;2023-2024;échéance atteinte, renouvellement non publié à ce jour;1589.22;7175;1589.22 (2023-2024)
2026-09-13;Fès;École supérieure de management, de commerce et d'informatique (SUP'Management);SUP'Management;Informatique Embarquée et Objets Connectés;;2024-2025;échéance atteinte, renouvellement non publié à ce jour;365.24;7313;365.24 (2024-2025)
2026-09-13;Fès;École supérieure de management, de commerce et d'informatique (SUP'Management);SUP'Management;Ingénierie Commerciale;;2023-2024;échéance atteinte, renouvellement non publié à ce jour;1176.23;7194;1176.23 (2023-2024)
2026-09-13;Fès;École supérieure de management, de commerce et d'informatique (SUP'Management);SUP'Management;Ingénierie Communication, Marketing et E-Business;;2024-2025;échéance atteinte, renouvellement non publié à ce jour;365.24;7313;1589.22 (2022-2023) · 365.24 (2024-2025)
2026-09-13;Fès;École supérieure de management, de commerce et d'informatique (SUP'Management);SUP'Management;Ingénierie Financière;;2025-2026;échéance atteinte, renouvellement non publié à ce jour;655.25;7431;1176.23 (2023-2024) · 655.25 (2025-2026)
2026-09-13;Fès;École supérieure de management, de commerce et d'informatique (SUP'Management);SUP'Management;Ingénierie Informatique;;2025-2026;échéance atteinte, renouvellement non publié à ce jour;365.24;7313;365.24 (2025-2026)
2026-09-13;Fès;École supérieure de management, de commerce et d'informatique (SUP'Management);SUP'Management;Ingénierie de la Communication Marketing et E- Business Sup’Management;;2025-2026;échéance atteinte, renouvellement non publié à ce jour;655.25;7431;655.25 (2025-2026)
2026-09-13;Fès;École supérieure de management, de commerce et d'informatique (SUP'Management);SUP'Management;Ingénierie des Données et Informatique Décisionnelle;;2026-2027;accréditation en cours;1246.26;7535;1246.26 (2026-2027)
2026-09-13;Fès;École supérieure de management, de commerce et d'informatique (SUP'Management);SUP'Management;Ingénierie des Réseaux, Sécurité et Télécommunications;;2023-2024;échéance atteinte, renouvellement non publié à ce jour;1176.23;7194;1176.23 (2023-2024)
2026-09-13;Fès;École supérieure de management, de commerce et d'informatique (SUP'Management);SUP'Management;Ingénierie des Réseaux, Sécurité et Télécoms;;2025-2026;échéance atteinte, renouvellement non publié à ce jour;655.25;7431;655.25 (2025-2026)
2026-09-13;Fès;École supérieure de management, de commerce et d'informatique (SUP'Management);SUP'Management;Ingénierie des Systèmes d’Information;;2025-2026;échéance atteinte, renouvellement non publié à ce jour;655.25;7431;1176.23 (2023-2024) · 655.25 (2025-2026)
2026-09-13;Fès;École supérieure de management, de commerce et d'informatique (SUP'Management);SUP'Management;Ingénierie des Systèmes et Réseaux;;2025-2026;échéance atteinte, renouvellement non publié à ce jour;365.24;7313;1589.22 (2023-2024) · 365.24 (2025-2026)
2026-09-13;Fès;École supérieure de management, de commerce et d'informatique (SUP'Management);SUP'Management;Ingénierie du Tourisme, Hôtellerie et Loisirs;;2023-2024;échéance atteinte, renouvellement non publié à ce jour;1176.23;7194;1176.23 (2023-2024)
2026-09-13;Fès;École supérieure de management, de commerce et d'informatique (SUP'Management);SUP'Management;Intelligence Artificielle et Data Science;;2025-2026;échéance atteinte, renouvellement non publié à ce jour;365.24;7313;365.24 (2025-2026)
2026-09-13;Fès;École supérieure de management, de commerce et d'informatique (SUP'Management);SUP'Management;Logistique et Transport;;2025-2026;échéance atteinte, renouvellement non publié à ce jour;365.24;7313;1589.22 (2023-2024) · 365.24 (2025-2026)
2026-09-13;Fès;École supérieure de management, de commerce et d'informatique (SUP'Management);SUP'Management;Management Global Approfondi;;2023-2024;échéance atteinte, renouvellement non publié à ce jour;1176.23;7194;1176.23 (2023-2024)
2026-09-13;Fès;École supérieure de management, de commerce et d'informatique (SUP'Management);SUP'Management;Management International;;2023-2024;échéance atteinte, renouvellement non publié à ce jour;1589.22;7175;1589.22 (2023-2024)
2026-09-13;Fès;École supérieure de management, de commerce et d'informatique (SUP'Management);SUP'Management;Management des Ressources Humaines;;2025-2026;échéance atteinte, renouvellement non publié à ce jour;655.25;7431;1589.22 (2022-2023) · 365.24 (2024-2025) · 655.25 (2025-2026)
2026-09-13;Fès;École supérieure de management, de commerce et d'informatique (SUP'Management);SUP'Management;Management et Finance;;2025-2026;échéance atteinte, renouvellement non publié à ce jour;365.24;7313;365.24 (2025-2026)
2026-09-13;Fès;École supérieure de management, de commerce et d'informatique (SUP'Management);SUP'Management;Management, Logistique et Transport;;2025-2026;échéance atteinte, renouvellement non publié à ce jour;655.25;7431;1589.22 (2022-2023) · 365.24 (2024-2025) · 655.25 (2025-2026)
2026-09-13;Fès;École supérieure de management, de commerce et d'informatique (SUP'Management);SUP'Management;Marketing et Communication;;2023-2024;échéance atteinte, renouvellement non publié à ce jour;1589.22;7175;1589.22 (2023-2024)
2026-09-13;Fès;École supérieure de management, de commerce et d'informatique (SUP'Management);SUP'Management;Notariat, Droit des Affaires et Médiation;;2024-2025;échéance atteinte, renouvellement non publié à ce jour;365.24;7313;1589.22 (2022-2023) · 365.24 (2024-2025)
2026-09-13;Fès;École supérieure de management, de commerce et d'informatique (SUP'Management);SUP'Management;Tourisme et Hôtellerie;;2025-2026;échéance atteinte, renouvellement non publié à ce jour;365.24;7313;1589.22 (2023-2024) · 365.24 (2025-2026)
2026-09-13;Fès;École supérieure des télécommunications et du management;SUP'TEMA;Finance de l’Entreprise;;2025-2026;échéance atteinte, renouvellement non publié à ce jour;655.25;7431;655.25 (2025-2026)
2026-09-13;Fès;École supérieure des télécommunications et du management;SUP'TEMA;Finance des Entreprises;;2024-2025;échéance atteinte, renouvellement non publié à ce jour;365.24;7313;1589.22 (2022-2023) · 1176.23 (2023-2024) · 365.24 (2024-2025)
2026-09-13;Fès;École supérieure des télécommunications et du management;SUP'TEMA;Gestion des Ressources Humaines;;2023-2024;échéance atteinte, renouvellement non publié à ce jour;1176.23;7194;1176.23 (2023-2024)
2026-09-13;Fès;École supérieure des télécommunications et du management;SUP'TEMA;Management Général;;2025-2026;échéance atteinte, renouvellement non publié à ce jour;365.24;7313;1176.23 (2024-2025) · 365.24 (2025-2026)
2026-09-13;Fès;École supérieure des télécommunications et du management;SUP'TEMA;Réseaux Informatique et Télécoms;;2025-2026;échéance atteinte, renouvellement non publié à ce jour;655.25;7431;655.25 (2025-2026)
2026-09-13;Fès;École supérieure des télécommunications et du management;SUP'TEMA;Réseaux et Télécoms;;2024-2025;échéance atteinte, renouvellement non publié à ce jour;365.24;7313;1176.23 (2024-2025) · 1176.23 (2023-2024) · 365.24 (2025-2026) · 365.24 (2024-2025)
2026-09-13;Fès;École supérieure privée des métiers de l'architecture d'intérieur et du bâtiment — Université privée de Fès;UPF;Architecture d'Intérieur et Design;;2024-2025;échéance atteinte, renouvellement non publié à ce jour;365.24;7313;1342.23 (2022-2023) · 365.24 (2024-2025)
2026-09-13;Fès;École supérieure privée des métiers de l'architecture et du bâtiment — Université privée de Fès;UPF;Architecture;;2029-2030;accréditation en cours;655.25;7431;655.25 (2029-2030)
2026-09-13;Fès;École supérieure privée des métiers de l'architecture et du bâtiment — Université privée de Fès;UPF;Architecture du Paysage;;2026-2027;accréditation en cours;655.25;7431;655.25 (2026-2027)
2026-09-13;Fès;École supérieure privée des métiers de l'architecture et du bâtiment — Université privée de Fès;UPF;Classes Préparatoires en Design et Architecture d'Intérieur;;2025-2026;échéance atteinte, renouvellement non publié à ce jour;655.25;7431;655.25 (2025-2026)
2026-09-13;Fès;École supérieure privée des métiers de l'architecture et du bâtiment — Université privée de Fès;UPF;Classes Préparatoires en Paysage, Aménagement et Urbanisme;;2025-2026;échéance atteinte, renouvellement non publié à ce jour;655.25;7431;655.25 (2025-2026)
2026-09-13;Fès;École supérieure privée des métiers de l'architecture et du bâtiment — Université privée de Fès;UPF;Design et Architecture d'Intérieur;;2026-2027;accréditation en cours;655.25;7431;655.25 (2026-2027)
2026-09-13;Fès;École supérieure privée des métiers de l'architecture et du bâtiment — Université privée de Fès;UPF;Génie Urbain et Aménagement;;2026-2027;accréditation en cours;655.25;7431;655.25 (2026-2027)
2026-09-13;Kénitra;Hautes études de commerce, de gestion et d'informatique;HECGI;Commerce et Gestion;;2025-2026;échéance atteinte, renouvellement non publié à ce jour;365.24;7313;1589.22 (2023-2024) · 1176.23 (2024-2025) · 365.24 (2025-2026)
2026-09-13;Kénitra;Hautes études de commerce, de gestion et d'informatique;HECGI;Data Science et Management Digital;;2025-2026;échéance atteinte, renouvellement non publié à ce jour;365.24;7313;1589.22 (2023-2024) · 365.24 (2025-2026)
2026-09-13;Kénitra;Hautes études de commerce, de gestion et d'informatique;HECGI;Finance, Audit et Contrôle de Gestion;;2023-2024;échéance atteinte, renouvellement non publié à ce jour;1176.23;7194;1176.23 (2023-2024)
2026-09-13;Kénitra;Hautes études de commerce, de gestion et d'informatique;HECGI;Management et Stratégie Logistique;;2023-2024;échéance atteinte, renouvellement non publié à ce jour;1589.22;7175;1589.22 (2023-2024)
2026-09-13;Kénitra;Hautes études de commerce, de gestion et d'informatique;HECGI;Stratégie d'Entreprise, Pilotage de Progiciel de Gestion Intégré (ERP) et Intelligence Artificielle;;2026-2027;accréditation en cours;1246.26;7535;1246.26 (2026-2027)
2026-09-13;Kénitra;Institut supérieur de comptabilité, d'administration et de commerce;ICACSUP;Management des Entreprises;Finance, Audit et Contrôle de gestion;2026-2027;accréditation en cours;1246.26;7535;1176.23 (2024-2025) · 1176.23 (2023-2024) · 1246.26 (2027-2028) · 1246.26 (2026-2027)
2026-09-13;Kénitra;Institut supérieur de comptabilité, d'administration et de commerce;ICACSUP;Sciences de Gestion;Finance, Contrôle de Gestion et Audit · Management Logistique;2022-2023;échéance atteinte, renouvellement non publié à ce jour;1589.22;7175;1589.22 (2022-2023)
2026-09-13;Kénitra;Institut supérieur de comptabilité, d'administration et de commerce;ICACSUP;Sciences de Management;Finance, Contrôle de Gestion et Audit · Management Logistique;2024-2025;échéance atteinte, renouvellement non publié à ce jour;365.24;7313;365.24 (2024-2025)
2026-09-13;Kénitra;École des hautes études commerciales et informatiques;HECI;Administration des Affaires;;2025-2026;échéance atteinte, renouvellement non publié à ce jour;365.24;7313;365.24 (2025-2026)
2026-09-13;Marrakech;Faculté privée d'art, de culture et d'audiovisuel — Université privée de Marrakech;;Architecture d'Intérieur;Design d'Espace · Design d'Objet;2026-2027;accréditation en cours;1246.26;7535;1589.22 (2025-2026) · 1246.26 (2027-2028) · 1246.26 (2026-2027)
2026-09-13;Marrakech;Faculté privée d'art, de culture et d'audiovisuel — Université privée de Marrakech;;Journalisme et Média;Web Journalist;2023-2024;échéance atteinte, renouvellement non publié à ce jour;1176.23;7194;1589.22 (2022-2023) · 1176.23 (2023-2024)
2026-09-13;Marrakech;Faculté privée d'art, de culture et d'audiovisuel — Université privée de Marrakech;;Journalisme et Médias;;2025-2026;échéance atteinte, renouvellement non publié à ce jour;655.25;7431;365.24 (2025-2026) · 655.25 (2025-2026)
2026-09-13;Marrakech;Faculté privée d'art, de culture et d'audiovisuel — Université privée de Marrakech;;Production Communication et Multimédia;;2025-2026;échéance atteinte, renouvellement non publié à ce jour;365.24;7313;365.24 (2025-2026)
2026-09-13;Marrakech;Faculté privée de management et de gouvernance — Université privée de Marrakech;;Audit et Contrôle de Gestion;;2026-2027;accréditation en cours;655.25;7431;655.25 (2026-2027)
2026-09-13;Marrakech;Faculté privée de management et de gouvernance — Université privée de Marrakech;;Business Intelligence et Digital Transformation;;2026-2027;accréditation en cours;1246.26;7535;1246.26 (2026-2027)
2026-09-13;Marrakech;Faculté privée de management et de gouvernance — Université privée de Marrakech;;Commerce;;2026-2027;accréditation en cours;655.25;7431;365.24 (2027-2028) · 655.25 (2026-2027)
2026-09-13;Marrakech;Faculté privée de management et de gouvernance — Université privée de Marrakech;;Droit des Affaires;;2025-2026;échéance atteinte, renouvellement non publié à ce jour;655.25;7431;1176.23 (2023-2024) · 365.24 (2025-2026) · 655.25 (2025-2026)
2026-09-13;Marrakech;Faculté privée de management et de gouvernance — Université privée de Marrakech;;Gestion et Commerce;;2025-2026;échéance atteinte, renouvellement non publié à ce jour;365.24;7313;1176.23 (2023-2024) · 365.24 (2025-2026)
2026-09-13;Marrakech;Faculté privée de management et de gouvernance — Université privée de Marrakech;;Global Management;Management et Intelligence des Ressources Humaines · Marketing Digital et Communication Opérationnelle;2025-2026;échéance atteinte, renouvellement non publié à ce jour;655.25;7431;655.25 (2025-2026)
2026-09-13;Marrakech;Faculté privée de management et de gouvernance — Université privée de Marrakech;;International Business and Management;;2027-2028;accréditation en cours;1246.26;7535;1246.26 (2027-2028)
2026-09-13;Marrakech;Faculté privée de management et de gouvernance — Université privée de Marrakech;;Management du Sport;;2025-2026;échéance atteinte, renouvellement non publié à ce jour;655.25;7431;1589.22 (2023-2024) · 1589.22 (2022-2023) · 365.24 (2025-2026) · 365.24 (2024-2025) · 655.25 (2025-2026)
2026-09-13;Marrakech;Faculté privée de management et de gouvernance — Université privée de Marrakech;;Pratiques et Stratégie des Organisations;;2025-2026;échéance atteinte, renouvellement non publié à ce jour;365.24;7313;365.24 (2025-2026)
2026-09-13;Marrakech;Faculté privée de management et de gouvernance — Université privée de Marrakech;;Relations Internationales;;2025-2026;échéance atteinte, renouvellement non publié à ce jour;655.25;7431;655.25 (2025-2026)
2026-09-13;Marrakech;Faculté privée de management et de gouvernance — Université privée de Marrakech;;Science Politique;Relations Internationales · Management des Collectivités et Territoires;2024-2025;échéance atteinte, renouvellement non publié à ce jour;365.24;7313;1589.22 (2022-2023) · 365.24 (2024-2025)
2026-09-13;Marrakech;Faculté privée de management et de gouvernance — Université privée de Marrakech;;Sciences Politiques;;2025-2026;échéance atteinte, renouvellement non publié à ce jour;365.24;7313;365.24 (2025-2026)
2026-09-13;Marrakech;Faculté privée de management et de gouvernance — Université privée de Marrakech;;Sciences de gestion;;2024-2025;échéance atteinte, renouvellement non publié à ce jour;1176.23;7194;1176.23 (2024-2025)
2026-09-13;Marrakech;Faculté privée de médecine de Marrakech — Université privée de Marrakech;;Anesthésie et Réanimation;;2028-2029;accréditation en cours;1246.26;7535;1246.26 (2028-2029)
2026-09-13;Marrakech;Faculté privée de médecine de Marrakech — Université privée de Marrakech;;Biologie Médicale;;2028-2029;accréditation en cours;1246.26;7535;1246.26 (2028-2029)
2026-09-13;Marrakech;Faculté privée de médecine de Marrakech — Université privée de Marrakech;;Cardiologie;;2028-2029;accréditation en cours;1246.26;7535;1246.26 (2028-2029)
2026-09-13;Marrakech;Faculté privée de médecine de Marrakech — Université privée de Marrakech;;Chirurgie Générale;;2029-2030;accréditation en cours;1246.26;7535;1246.26 (2029-2030)
2026-09-13;Marrakech;Faculté privée de médecine de Marrakech — Université privée de Marrakech;;Gynécologie Obstétrique;;2029-2030;accréditation en cours;1246.26;7535;1246.26 (2029-2030)
2026-09-13;Marrakech;Faculté privée de médecine de Marrakech — Université privée de Marrakech;;Hépato Gastro Entérologie;;2028-2029;accréditation en cours;1246.26;7535;1246.26 (2028-2029)
2026-09-13;Marrakech;Faculté privée de médecine de Marrakech — Université privée de Marrakech;;Médecine Générale;;2027-2028;accréditation en cours;547.24;7293;547.24 (2027-2028)
2026-09-13;Marrakech;Faculté privée de médecine de Marrakech — Université privée de Marrakech;;Ophtalmologie;;2029-2030;accréditation en cours;1246.26;7535;1246.26 (2029-2030)
2026-09-13;Marrakech;Faculté privée de médecine de Marrakech — Université privée de Marrakech;;Pédiatrie;;2028-2029;accréditation en cours;1246.26;7535;1246.26 (2028-2029)
2026-09-13;Marrakech;Faculté privée de médecine de Marrakech — Université privée de Marrakech;;Radiologie;;2028-2029;accréditation en cours;1246.26;7535;1246.26 (2028-2029)
2026-09-13;Marrakech;Faculté privée de médecine de Marrakech — Université privée de Marrakech;;Traumatologie-Orthopédie;;2029-2030;accréditation en cours;1246.26;7535;1246.26 (2029-2030)
2026-09-13;Marrakech;Faculté privée de médecine dentaire de Marrakech — Université privée de Marrakech;;Médecine Dentaire;;2028-2029;accréditation en cours;365.24;7313;365.24 (2028-2029)
2026-09-13;Marrakech;Faculté privée de pharmacie de Marrakech — Université privée de Marrakech;;Pharmacie;;2028-2029;accréditation en cours;365.24;7313;365.24 (2028-2029)
2026-09-13;Marrakech;Faculté privée des métiers et technologies de la santé — Université privée de Marrakech;;Assistance Médico-sociale;;2025-2026;échéance atteinte, renouvellement non publié à ce jour;365.24;7313;1176.23 (2024-2025) · 365.24 (2025-2026)
2026-09-13;Marrakech;Faculté privée des métiers et technologies de la santé — Université privée de Marrakech;;Biologie Médicale et Techniques de Laboratoire;;2025-2026;échéance atteinte, renouvellement non publié à ce jour;365.24;7313;1176.23 (2024-2025) · 365.24 (2025-2026)
2026-09-13;Marrakech;Faculté privée des métiers et technologies de la santé — Université privée de Marrakech;;Infirmier Polyvalent;;2025-2026;échéance atteinte, renouvellement non publié à ce jour;365.24;7313;365.24 (2025-2026)
2026-09-13;Marrakech;Faculté privée des métiers et technologies de la santé — Université privée de Marrakech;;Infirmier en Anesthésie et Réanimation;;2025-2026;échéance atteinte, renouvellement non publié à ce jour;365.24;7313;1176.23 (2024-2025) · 365.24 (2025-2026)
2026-09-13;Marrakech;Faculté privée des métiers et technologies de la santé — Université privée de Marrakech;;Infirmier en Bloc Opératoire;;2026-2027;accréditation en cours;655.25;7431;655.25 (2026-2027)
2026-09-13;Marrakech;Faculté privée des métiers et technologies de la santé — Université privée de Marrakech;;Neuropsychologie Clinique;;2025-2026;échéance atteinte, renouvellement non publié à ce jour;655.25;7431;655.25 (2025-2026)
2026-09-13;Marrakech;Faculté privée des métiers et technologies de la santé — Université privée de Marrakech;;Nutrition Humaine et Diététique;;2025-2026;échéance atteinte, renouvellement non publié à ce jour;655.25;7431;1589.22 (2022-2023) · 365.24 (2024-2025) · 655.25 (2025-2026)
2026-09-13;Marrakech;Faculté privée des métiers et technologies de la santé — Université privée de Marrakech;;Physiothérapie;Physiothérapie du Sport · Physiothérapie en Gériatrie · Physiothérapie Pédiatrique;2025-2026;échéance atteinte, renouvellement non publié à ce jour;655.25;7431;1589.22 (2023-2024) · 1176.23 (2023-2024) · 365.24 (2025-2026) · 655.25 (2025-2026)
2026-09-13;Marrakech;Faculté privée des métiers et technologies de la santé — Université privée de Marrakech;;Pratiques Avancées en Urgentologie;;2025-2026;échéance atteinte, renouvellement non publié à ce jour;655.25;7431;365.24 (2024-2025) · 655.25 (2025-2026)
2026-09-13;Marrakech;Faculté privée des métiers et technologies de la santé — Université privée de Marrakech;;Psychologie;;2025-2026;échéance atteinte, renouvellement non publié à ce jour;365.24;7313;365.24 (2025-2026)
2026-09-13;Marrakech;Faculté privée des métiers et technologies de la santé — Université privée de Marrakech;;Psychologie générale;;2023-2024;échéance atteinte, renouvellement non publié à ce jour;1589.22;7175;1589.22 (2023-2024)
2026-09-13;Marrakech;Faculté privée des métiers et technologies de la santé — Université privée de Marrakech;;Sage- femme;;2025-2026;échéance atteinte, renouvellement non publié à ce jour;365.24;7313;1176.23 (2024-2025) · 365.24 (2025-2026)
2026-09-13;Marrakech;Faculté privée des métiers et technologies de la santé — Université privée de Marrakech;;Sciences Biomédicales;;2025-2026;échéance atteinte, renouvellement non publié à ce jour;365.24;7313;1589.22 (2023-2024) · 365.24 (2025-2026)
2026-09-13;Marrakech;Faculté privée des métiers et technologies de la santé — Université privée de Marrakech;;Soins Infirmiers;Infirmier polyvalent;2023-2024;échéance atteinte, renouvellement non publié à ce jour;1589.22;7175;1589.22 (2023-2024)
2026-09-13;Marrakech;Faculté privée des métiers et technologies de la santé — Université privée de Marrakech;;Technicien de Radiologie;;2025-2026;échéance atteinte, renouvellement non publié à ce jour;365.24;7313;1176.23 (2024-2025) · 365.24 (2025-2026)
2026-09-13;Marrakech;Grande École de commerce de Marrakech;GECM;Management;Comptabilité, Contrôle et Audit et Finance · Management Marketing et Communication Digitale · Management et Commerce;2025-2026;échéance atteinte, renouvellement non publié à ce jour;655.25;7431;655.25 (2025-2026)
2026-09-13;Marrakech;Grande École de commerce de Marrakech;GECM;Management Finance;;2024-2025;échéance atteinte, renouvellement non publié à ce jour;365.24;7313;1589.22 (2022-2023) · 365.24 (2024-2025)
2026-09-13;Marrakech;Grande École de commerce de Marrakech;GECM;Management des Organisations;Marketing, Ventes et Communication Digitale · Finance, Comptabilité et Audit · Management des Achats et Logistique;2027-2028;accréditation en cours;1246.26;7535;1246.26 (2027-2028)
2026-09-13;Marrakech;Grande École de commerce de Marrakech;GECM;Management, Marketing et Vente;;2024-2025;échéance atteinte, renouvellement non publié à ce jour;365.24;7313;1589.22 (2022-2023) · 365.24 (2024-2025)
2026-09-13;Marrakech;Institut des hautes études de management;HEM;Management général;;2025-2026;échéance atteinte, renouvellement non publié à ce jour;365.24;7313;365.24 (2025-2026)
2026-09-13;Marrakech;Institut des hautes études paramédicales du Sud;IHEPS;Diététique;;2025-2026;échéance atteinte, renouvellement non publié à ce jour;655.25;7431;1176.23 (2024-2025) · 365.24 (2025-2026) · 655.25 (2025-2026)
2026-09-13;Marrakech;Institut des hautes études paramédicales du Sud;IHEPS;Diététique et Agroalimentaire;;2023-2024;échéance atteinte, renouvellement non publié à ce jour;1176.23;7194;1176.23 (2023-2024)
2026-09-13;Marrakech;Institut des hautes études paramédicales du Sud;IHEPS;Kinésithérapie;;2026-2027;accréditation en cours;1246.26;7535;1176.23 (2024-2025) · 1176.23 (2023-2024) · 365.24 (2025-2026) · 1246.26 (2026-2027)
2026-09-13;Marrakech;Institut des hautes études paramédicales du Sud;IHEPS;Management et Digitalisation des Organisations de la Santé;;2025-2026;échéance atteinte, renouvellement non publié à ce jour;655.25;7431;655.25 (2025-2026)
2026-09-13;Marrakech;Institut des hautes études paramédicales du Sud;IHEPS;Orthophonie;;2025-2026;échéance atteinte, renouvellement non publié à ce jour;655.25;7431;1176.23 (2024-2025) · 1176.23 (2023-2024) · 365.24 (2025-2026) · 655.25 (2025-2026)
2026-09-13;Marrakech;Institut supérieur de journalisme et d'information;IFJSUP;Ingénierie et Technologie de l'Information Audiovisuel;Ingénierie de Son d’Image et d’Eclairage · Ingénierie en Montage Numérique et Réalisation TV et Cinématographique · Ingénierie en Infographie et Multimédia;2023-2024;échéance atteinte, renouvellement non publié à ce jour;1589.22;7175;1589.22 (2023-2024)
2026-09-13;Marrakech;Institut supérieur de journalisme et d'information;IFJSUP;Presse;Presse Ecrite et Presse Electronique · Presse Audiovisuelle;2023-2024;échéance atteinte, renouvellement non publié à ce jour;1589.22;7175;1589.22 (2023-2024)
2026-09-13;Marrakech;Institut supérieur de journalisme et d'information;IFJSUP;الصحافة;الصحافة الرياضية (الصحفي الشامل) · الصحافة المكتوبة/السمعية البصرية والرقمية · (سكرتارية التحرير /تقديم النشرات /تنشيط البرامج);2025-2026;échéance atteinte, renouvellement non publié à ce jour;365.24;7313;365.24 (2025-2026)
2026-09-13;Marrakech;Institut supérieur privé d'ingénierie et des affaires;ISGA;Années Préparatoires au Cycle Ingénieur en Génie Civil;;2026-2027;accréditation en cours;1246.26;7535;1246.26 (2026-2027)
2026-09-13;Marrakech;Institut supérieur privé d'ingénierie et des affaires;ISGA;Années préparatoires en Systèmes Informatiques et Electroniques;;2025-2026;échéance atteinte, renouvellement non publié à ce jour;655.25;7431;655.25 (2025-2026)
2026-09-13;Marrakech;Institut supérieur privé d'ingénierie et des affaires;ISGA;Comptabilité et Finance;Comptabilité, Contrôle et Audit · Ingénierie Financière;2025-2026;échéance atteinte, renouvellement non publié à ce jour;655.25;7431;655.25 (2025-2026)
2026-09-13;Marrakech;Institut supérieur privé d'ingénierie et des affaires;ISGA;Deux Années préparatoires en Systèmes Informatiques et Electroniques;;2023-2024;échéance atteinte, renouvellement non publié à ce jour;1176.23;7194;1176.23 (2023-2024)
2026-09-13;Marrakech;Institut supérieur privé d'ingénierie et des affaires;ISGA;Finance, Contrôle et Systèmes Digitaux;Comptabilité, Contrôle et Audit · Ingénierie Financière;2023-2024;échéance atteinte, renouvellement non publié à ce jour;1176.23;7194;1176.23 (2023-2024)
2026-09-13;Marrakech;Institut supérieur privé d'ingénierie et des affaires;ISGA;Ingénierie des Systèmes Industriels Intelligents;Systèmes Industriels Intelligents et Contrôle Qualité;2025-2026;échéance atteinte, renouvellement non publié à ce jour;365.24;7313;365.24 (2025-2026)
2026-09-13;Marrakech;Institut supérieur privé d'ingénierie et des affaires;ISGA;Ingénierie des Systèmes Industriels Intelligents Systèmes de Production Intelligents et Contrôle Qualité;;2026-2027;accréditation en cours;655.25;7431;655.25 (2026-2027)
2026-09-13;Marrakech;Institut supérieur privé d'ingénierie et des affaires;ISGA;Ingénierie des Systèmes Informatiques;Ingénierie des Réseaux, Systèmes et Sécurité · Ingénierie du Développement Web et Mobile · Intelligence Artificielle et BIG DATA;2026-2027;accréditation en cours;655.25;7431;365.24 (2025-2026) · 655.25 (2026-2027)
2026-09-13;Marrakech;Institut supérieur privé d'ingénierie et des affaires;ISGA;Management des Entreprises et Systèmes Digitaux;Finance et Contrôle · Marketing et Commerce;2025-2026;échéance atteinte, renouvellement non publié à ce jour;365.24;7313;1176.23 (2024-2025) · 365.24 (2025-2026)
2026-09-13;Marrakech;Institut supérieur privé d'ingénierie et des affaires;ISGA;Marketing Digital et E -Commerce;;2025-2026;échéance atteinte, renouvellement non publié à ce jour;655.25;7431;1176.23 (2023-2024) · 655.25 (2025-2026)
2026-09-13;Marrakech;École des hautes études économiques, commerciales et d'ingénierie;HEEC;Années Préparatoires en Ingénierie Informatique;;2025-2026;échéance atteinte, renouvellement non publié à ce jour;655.25;7431;655.25 (2025-2026)
2026-09-13;Marrakech;École des hautes études économiques, commerciales et d'ingénierie;HEEC;Audit et Contrôle de Gestion;;2024-2025;échéance atteinte, renouvellement non publié à ce jour;365.24;7313;1589.22 (2022-2023) · 365.24 (2024-2025)
2026-09-13;Marrakech;École des hautes études économiques, commerciales et d'ingénierie;HEEC;Comptabilité Contrôle et Audit;Audit et Contrôle de Gestion · Comptabilité et Audit;2025-2026;échéance atteinte, renouvellement non publié à ce jour;655.25;7431;1176.23 (2023-2024) · 655.25 (2025-2026)
2026-09-13;Marrakech;École des hautes études économiques, commerciales et d'ingénierie;HEEC;Deux années préparatoires en Ingénierie Informatique;;2024-2025;échéance atteinte, renouvellement non publié à ce jour;365.24;7313;365.24 (2024-2025)
2026-09-13;Marrakech;École des hautes études économiques, commerciales et d'ingénierie;HEEC;FINTECH et Innovations Financières;;2024-2025;échéance atteinte, renouvellement non publié à ce jour;365.24;7313;365.24 (2024-2025)
2026-09-13;Marrakech;École des hautes études économiques, commerciales et d'ingénierie;HEEC;Informatique Appliquée au Management;;2025-2026;échéance atteinte, renouvellement non publié à ce jour;365.24;7313;1176.23 (2024-2025) · 365.24 (2025-2026)
2026-09-13;Marrakech;École des hautes études économiques, commerciales et d'ingénierie;HEEC;Informatique et Systèmes Intelligents;;2027-2028;accréditation en cours;1246.26;7535;1246.26 (2027-2028)
2026-09-13;Marrakech;École des hautes études économiques, commerciales et d'ingénierie;HEEC;Ingénierie Informatique et Intelligence Artificielle;Big Data et Data Sciences · Cloud Computing et Business Intelligence;2026-2027;accréditation en cours;655.25;7431;365.24 (2025-2026) · 655.25 (2026-2027)
2026-09-13;Marrakech;École des hautes études économiques, commerciales et d'ingénierie;HEEC;Ingénierie et Management Financier;Finances des Entreprises · Banques et Assurances;2025-2026;échéance atteinte, renouvellement non publié à ce jour;655.25;7431;1589.22 (2022-2023) · 365.24 (2024-2025) · 655.25 (2025-2026)
2026-09-13;Marrakech;École des hautes études économiques, commerciales et d'ingénierie;HEEC;Management des Affaires;;2025-2026;échéance atteinte, renouvellement non publié à ce jour;365.24;7313;1589.22 (2023-2024) · 365.24 (2025-2026)
2026-09-13;Marrakech;École des hautes études économiques, commerciales et d'ingénierie;HEEC;Management des Ressources Humaines et Gestion du Changement;Ethique et Responsabilité Sociale · Management des Compétences;2025-2026;échéance atteinte, renouvellement non publié à ce jour;655.25;7431;365.24 (2024-2025) · 655.25 (2025-2026)
2026-09-13;Marrakech;École des hautes études économiques, commerciales et d'ingénierie;HEEC;Management des Systèmes d’Information et Gouvernance des Entreprises;;2024-2025;échéance atteinte, renouvellement non publié à ce jour;365.24;7313;1589.22 (2022-2023) · 365.24 (2024-2025)
2026-09-13;Marrakech;École des hautes études économiques, commerciales et d'ingénierie;HEEC;Management du Tourisme;;2023-2024;échéance atteinte, renouvellement non publié à ce jour;1589.22;7175;1589.22 (2023-2024)
2026-09-13;Marrakech;École des hautes études économiques, commerciales et d'ingénierie;HEEC;Management et Ingénierie Informatique;;2023-2024;échéance atteinte, renouvellement non publié à ce jour;1176.23;7194;1176.23 (2023-2024)
2026-09-13;Marrakech;École des hautes études économiques, commerciales et d'ingénierie;HEEC;Management et Marketing Digital;E-Commerce et Négociation en Ligne · E-Branding et Communication Digitale;2025-2026;échéance atteinte, renouvellement non publié à ce jour;655.25;7431;1589.22 (2022-2023) · 365.24 (2024-2025) · 655.25 (2025-2026)
2026-09-13;Marrakech;École marocaine des sciences de l'ingénieur;EMSI;Deux Années Préparatoires au Cycle d'Ingénieur;;2025-2026;échéance atteinte, renouvellement non publié à ce jour;655.25;7431;655.25 (2025-2026)
2026-09-13;Marrakech;École marocaine des sciences de l'ingénieur;EMSI;Deux Années Préparatoires au Cycle d'Ingénieur de la filière Génie Civil, Bâtiments et Travaux Publics;;2025-2026;échéance atteinte, renouvellement non publié à ce jour;655.25;7431;655.25 (2025-2026)
2026-09-13;Marrakech;École marocaine des sciences de l'ingénieur;EMSI;Deux Années Préparatoires au Cycle d'Ingénieur de la filière Génie Financier;;2025-2026;échéance atteinte, renouvellement non publié à ce jour;655.25;7431;655.25 (2025-2026)
2026-09-13;Marrakech;École marocaine des sciences de l'ingénieur;EMSI;Génie Civil, Bâtiments et Travaux Publics;;2026-2027;accréditation en cours;655.25;7431;1589.22 (2025-2026) · 655.25 (2026-2027)
2026-09-13;Marrakech;École marocaine des sciences de l'ingénieur;EMSI;Génie Electrique et Systèmes Intelligents;;2026-2027;accréditation en cours;655.25;7431;655.25 (2026-2027)
2026-09-13;Marrakech;École marocaine des sciences de l'ingénieur;EMSI;Génie Financier;Ingénierie et Corporate Finance · Actuariat et Finance;2026-2027;accréditation en cours;655.25;7431;655.25 (2026-2027)
2026-09-13;Marrakech;École marocaine des sciences de l'ingénieur;EMSI;Génie Industriel;;2026-2027;accréditation en cours;655.25;7431;1589.22 (2025-2026) · 655.25 (2026-2027)
2026-09-13;Marrakech;École marocaine des sciences de l'ingénieur;EMSI;Ingénierie Informatique et Réseaux;Développement Digitale et Systèmes d’Information · Cyber Sécurité et Infrastructures Réseaux · Intelligence Artificielle et Sciences de Données;2026-2027;accréditation en cours;655.25;7431;1589.22 (2025-2026) · 655.25 (2026-2027)
2026-09-13;Marrakech;École marocaine des sciences de l'ingénieur;EMSI;Ingénierie des Automatismes et Informatique Industrielle;;2026-2027;accréditation en cours;655.25;7431;1589.22 (2025-2026) · 655.25 (2026-2027)
2026-09-13;Marrakech;École privée d'architecture de Marrakech — Université privée de Marrakech;;Architecture;;2030-2031;accréditation en cours;1246.26;7535;1246.26 (2030-2031)
2026-09-13;Marrakech;École privée d'ingénierie et d'innovation de Marrakech — Université privée de Marrakech;;Agro-Industrie;Industries Alimentaires · Ingénierie Agronomique et Agronomie;2026-2027;accréditation en cours;655.25;7431;655.25 (2026-2027)
2026-09-13;Marrakech;École privée d'ingénierie et d'innovation de Marrakech — Université privée de Marrakech;;Années Préparatoires en Sciences de l'Ingénieur en Agro industrie;;2025-2026;échéance atteinte, renouvellement non publié à ce jour;655.25;7431;655.25 (2025-2026)
2026-09-13;Marrakech;École privée d'ingénierie et d'innovation de Marrakech — Université privée de Marrakech;;Aéronautique;;2026-2027;accréditation en cours;655.25;7431;655.25 (2026-2027)
2026-09-13;Marrakech;École privée d'ingénierie et d'innovation de Marrakech — Université privée de Marrakech;;Cycle Préparatoire;;2025-2026;échéance atteinte, renouvellement non publié à ce jour;655.25;7431;655.25 (2025-2026)
2026-09-13;Marrakech;École privée d'ingénierie et d'innovation de Marrakech — Université privée de Marrakech;;Génie Civil;;2026-2027;accréditation en cours;655.25;7431;365.24 (2025-2026) · 655.25 (2026-2027)
2026-09-13;Marrakech;École privée d'ingénierie et d'innovation de Marrakech — Université privée de Marrakech;;Génie Industriel;Industrie 4.0 · Logistique Hospitalière;2026-2027;accréditation en cours;655.25;7431;365.24 (2025-2026) · 655.25 (2026-2027)
2026-09-13;Marrakech;École privée d'ingénierie et d'innovation de Marrakech — Université privée de Marrakech;;Génie des Technologies Durables et Systèmes Embarqués;Énergies Renouvelables · Systèmes Embarqués;2026-2027;accréditation en cours;655.25;7431;655.25 (2026-2027)
2026-09-13;Marrakech;École privée d'ingénierie et d'innovation de Marrakech — Université privée de Marrakech;;Ingénierie Informatique et Systèmes;Développement · Intelligence Artificielle · Cyber Sécurité;2026-2027;accréditation en cours;655.25;7431;655.25 (2026-2027)
2026-09-13;Marrakech;École privée d'ingénierie et d'innovation de Marrakech — Université privée de Marrakech;;Ingénierie de la Santé;Ingénierie Biomédicale · Gestion Hospitalière · Santé et Environnement;2025-2026;échéance atteinte, renouvellement non publié à ce jour;655.25;7431;1176.23 (2023-2024) · 365.24 (2025-2026) · 655.25 (2025-2026)
2026-09-13;Marrakech;École privée d'ingénierie et d'innovation de Marrakech — Université privée de Marrakech;;Ingénierie et Gestion de l'Eau;;2025-2026;échéance atteinte, renouvellement non publié à ce jour;655.25;7431;365.24 (2024-2025) · 655.25 (2025-2026)
2026-09-13;Marrakech;École privée d'ingénierie et d'innovation de Marrakech — Université privée de Marrakech;;Intelligence des Données;;2025-2026;échéance atteinte, renouvellement non publié à ce jour;655.25;7431;1176.23 (2023-2024) · 655.25 (2025-2026)
2026-09-13;Marrakech;École privée d'ingénierie et d'innovation de Marrakech — Université privée de Marrakech;;Management de la Qualité, Sécurité et Environnement;;2025-2026;échéance atteinte, renouvellement non publié à ce jour;655.25;7431;1589.22 (2022-2023) · 365.24 (2024-2025) · 655.25 (2025-2026)
2026-09-13;Marrakech;École privée d'ingénierie et d'innovation de Marrakech — Université privée de Marrakech;;Sciences de l'Ingénieur;;2025-2026;échéance atteinte, renouvellement non publié à ce jour;365.24;7313;365.24 (2025-2026)
2026-09-13;Marrakech;École privée d'ingénierie et d'innovation de Marrakech — Université privée de Marrakech;;Technologie de l’Information et de la Communication et des Systèmes Embarqués;Informatique · Electronique, Automatique et Automatique Industriel · Energies Renouvelables · Réseaux et Télécommunications;2025-2026;échéance atteinte, renouvellement non publié à ce jour;1589.22;7175;1589.22 (2025-2026)
2026-09-13;Marrakech;École supérieure d'informatique appliquée à la gestion — Université privée de Marrakech;;Développement Logiciel;;2025-2026;échéance atteinte, renouvellement non publié à ce jour;365.24;7313;365.24 (2025-2026)
2026-09-13;Marrakech;École supérieure d'informatique appliquée à la gestion — Université privée de Marrakech;;Sciences de Management;Commerce International et Logistique · Finance · Marketing et Innovation Digitale;2025-2026;échéance atteinte, renouvellement non publié à ce jour;655.25;7431;1176.23 (2023-2024) · 365.24 (2025-2026) · 655.25 (2025-2026)
2026-09-13;Marrakech;École supérieure d'informatique appliquée à la gestion — Université privée de Marrakech;;Sécurité Informatique;;2025-2026;échéance atteinte, renouvellement non publié à ce jour;365.24;7313;365.24 (2025-2026)
2026-09-13;Marrakech;École supérieure d'informatique appliquée à la gestion — Université privée de Marrakech;;Tourisme et Hôtellerie;;2025-2026;échéance atteinte, renouvellement non publié à ce jour;365.24;7313;365.24 (2025-2026)
2026-09-13;Marrakech;École supérieure de commerce de Marrakech (Sup de Co) — Université privée de Marrakech;Sup de Co;Management Fondamental;;2025-2026;échéance atteinte, renouvellement non publié à ce jour;365.24;7313;1176.23 (2024-2025) · 365.24 (2025-2026)
2026-09-13;Marrakech;École supérieure de commerce de Marrakech (Sup de Co) — Université privée de Marrakech;Sup de Co;Management Spécialisé;Comptabilité, Contrôle et Audit · Commerce International et Logistique · Marketing et Ingénierie Commerciale;2025-2026;échéance atteinte, renouvellement non publié à ce jour;655.25;7431;1176.23 (2023-2024) · 365.24 (2024-2025) · 655.25 (2025-2026)
2026-09-13;Marrakech;École supérieure privée d'hôtellerie de Marrakech — Université privée de Marrakech;;Arts Culinaires;;2025-2026;échéance atteinte, renouvellement non publié à ce jour;365.24;7313;365.24 (2025-2026)
2026-09-13;Marrakech;École supérieure privée d'hôtellerie de Marrakech — Université privée de Marrakech;;Management en Hôtellerie Internationale;Management et Entrepreneuriat · Management Evénementiel en Tourisme et Hôtellerie · Management Hôtelier;2025-2026;échéance atteinte, renouvellement non publié à ce jour;655.25;7431;1176.23 (2023-2024) · 365.24 (2025-2026) · 655.25 (2025-2026)
2026-09-13;Marrakech;École supérieure privée de management et des technologies de l'information appliquées;ESMA;Gestion et Administration des Entreprises;Comptabilité et Finance · Marketing et Vente;2025-2026;échéance atteinte, renouvellement non publié à ce jour;655.25;7431;1589.22 (2023-2024) · 1589.22 (2022-2023) · 365.24 (2025-2026) · 365.24 (2024-2025) · 655.25 (2025-2026)
2026-09-13;Marrakech;École supérieure privée de management et des technologies de l'information appliquées;ESMA;Génie Informatique;;2024-2025;échéance atteinte, renouvellement non publié à ce jour;365.24;7313;1589.22 (2023-2024) · 1589.22 (2022-2023) · 1176.23 (2023-2024) · 365.24 (2025-2026) · 365.24 (2024-2025)
2026-09-13;Marrakech;École supérieure privée de management et des technologies de l'information appliquées;ESMA;Génie Informatique Ingénierie de Développement;;2025-2026;échéance atteinte, renouvellement non publié à ce jour;655.25;7431;655.25 (2025-2026)
2026-09-13;Marrakech;École supérieure privée des arts visuels;ESAV;Cinéma et Audiovisuel;Réalisation · Image · Son · Montage et Script;2025-2026;échéance atteinte, renouvellement non publié à ce jour;365.24;7313;1589.22 (2023-2024) · 1176.23 (2023-2024) · 365.24 (2025-2026)
2026-09-13;Marrakech;École supérieure privée des arts visuels;ESAV;Communication et Médias Numériques;Stratégie de Communication · Médias, Innovation et Création · Création de Contenus Numérique;2024-2025;échéance atteinte, renouvellement non publié à ce jour;365.24;7313;1589.22 (2022-2023) · 365.24 (2024-2025)
2026-09-13;Marrakech;École supérieure privée des arts visuels;ESAV;Design Graphique et Média de Design;;2023-2024;échéance atteinte, renouvellement non publié à ce jour;1176.23;7194;1176.23 (2023-2024)
2026-09-13;Marrakech;École supérieure privée des arts visuels;ESAV;Design Graphique et Numérique;Design Graphique et Motion Design · Illustration et Animation;2025-2026;échéance atteinte, renouvellement non publié à ce jour;365.24;7313;1589.22 (2023-2024) · 365.24 (2025-2026)
2026-09-13;Marrakech;École supérieure privée des arts visuels;ESAV;Entreprenariat Culturel;Entreprenariat Culturel · Gestion des Projets Culturels;2022-2023;échéance atteinte, renouvellement non publié à ce jour;1589.22;7175;1589.22 (2022-2023)
2026-09-13;Marrakech;École supérieure privée des arts visuels;ESAV;Entrepreneuriat Culturel;Entrepreneuriat Culturel · Gestion des Projets Culturels;2024-2025;échéance atteinte, renouvellement non publié à ce jour;365.24;7313;365.24 (2024-2025)
2026-09-13;Marrakech;École supérieure privée des arts visuels;ESAV;Scénario;;2026-2027;accréditation en cours;655.25;7431;655.25 (2026-2027)
2026-09-13;Marrakech;École supérieure privée des arts visuels;ESAV;Scénario et Ecritures Audiovisuelles;;2024-2025;échéance atteinte, renouvellement non publié à ce jour;365.24;7313;1589.22 (2022-2023) · 365.24 (2024-2025)
2026-09-13;Meknès;École des hautes études commerciales et informatiques;HECI;Administration des Affaires;;2025-2026;échéance atteinte, renouvellement non publié à ce jour;365.24;7313;365.24 (2025-2026)
2026-09-13;Meknès;École des hautes études en comptabilité et finance;HECF;Banque, Finance et Assurance;;2025-2026;échéance atteinte, renouvellement non publié à ce jour;655.25;7431;1176.23 (2023-2024) · 655.25 (2025-2026)
2026-09-13;Meknès;École des hautes études en comptabilité et finance;HECF;Comptabilité, Contrôle et Audit;;2025-2026;échéance atteinte, renouvellement non publié à ce jour;655.25;7431;1176.23 (2023-2024) · 655.25 (2025-2026)
2026-09-13;Meknès;École des hautes études en comptabilité et finance;HECF;Droit des Affaires;;2027-2028;accréditation en cours;1246.26;7535;1246.26 (2027-2028)
2026-09-13;Meknès;École des hautes études en comptabilité et finance;HECF;Management et Administration des Affaires;Comptabilité et Gestion · Finance et Banque · Marketing et Commerce;2025-2026;échéance atteinte, renouvellement non publié à ce jour;365.24;7313;1589.22 (2023-2024) · 365.24 (2025-2026)
2026-09-13;Meknès;École des hautes études en comptabilité et finance;HECF;Marketing et Stratégie Digitale;;2025-2026;échéance atteinte, renouvellement non publié à ce jour;655.25;7431;1176.23 (2023-2024) · 655.25 (2025-2026)
2026-09-13;Meknès;École marocaine supérieure d'informatique et de gestion;EMSIG;Audit et Contrôle de Gestion;;2025-2026;échéance atteinte, renouvellement non publié à ce jour;655.25;7431;1589.22 (2022-2023) · 365.24 (2024-2025) · 655.25 (2025-2026)
2026-09-13;Meknès;École marocaine supérieure d'informatique et de gestion;EMSIG;Finance et Management;;2026-2027;accréditation en cours;655.25;7431;655.25 (2026-2027)
2026-09-13;Meknès;École marocaine supérieure d'informatique et de gestion;EMSIG;Finance et Mangement;;2023-2024;échéance atteinte, renouvellement non publié à ce jour;1589.22;7175;1589.22 (2023-2024)
2026-09-13;Meknès;École marocaine supérieure d'informatique et de gestion;EMSIG;Réseaux et Télécommunications;;2025-2026;échéance atteinte, renouvellement non publié à ce jour;655.25;7431;1589.22 (2023-2024) · 1589.22 (2022-2023) · 365.24 (2024-2025) · 655.25 (2026-2027) · 655.25 (2025-2026)
2026-09-13;Meknès;École supérieure de génie civil et des technologies renouvelables;ESGCNT;Deux Années Préparatoires en Ingénierie;;2026-2027;accréditation en cours;1246.26;7535;1246.26 (2026-2027)
2026-09-13;Meknès;École supérieure de génie civil et des technologies renouvelables;ESGCNT;Génie Civil;Environnement · Bâtiment · Génie Civil;2027-2028;accréditation en cours;1246.26;7535;1246.26 (2027-2028)
2026-09-13;Meknès;École supérieure de génie civil et des technologies renouvelables;ESGCNT;Génie Mécanique;Génie Mécanique · Automobile · Mécatronique et Automatisation · Conception et Fabrication;2027-2028;accréditation en cours;1246.26;7535;1246.26 (2027-2028)
2026-09-13;Meknès;École supérieure de génie civil et des technologies renouvelables;ESGCNT;Ingénierie en Management des Ressources Humaines;;2025-2026;échéance atteinte, renouvellement non publié à ce jour;365.24;7313;1589.22 (2023-2024) · 1176.23 (2023-2024) · 365.24 (2025-2026)
2026-09-13;Meknès;École supérieure de management, d'informatique et de télécommunication;SUPMTI;Business Administration;Project Management and Entrepreneurship · Management and Business Administration · Digital Marketing and Communication;2023-2024;échéance atteinte, renouvellement non publié à ce jour;1176.23;7194;1176.23 (2023-2024)
2026-09-13;Meknès;École supérieure de management, d'informatique et de télécommunication;SUPMTI;Finance, Audit et Contrôle de Gestion;;2026-2027;accréditation en cours;1246.26;7535;1589.22 (2022-2023) · 365.24 (2024-2025) · 655.25 (2025-2026) · 1246.26 (2026-2027)
2026-09-13;Meknès;École supérieure de management, d'informatique et de télécommunication;SUPMTI;Ingénierie Intelligente des Systèmes Informatiques;;2027-2028;accréditation en cours;1246.26;7535;1176.23 (2024-2025) · 365.24 (2025-2026) · 1246.26 (2027-2028)
2026-09-13;Meknès;École supérieure de management, d'informatique et de télécommunication;SUPMTI;Ingénierie des Systèmes Informatiques;Ingénierie Intelligente des Systèmes d’Informations et de Communication · Ingénierie Intelligente des Systèmes Réseaux et Télécommunications;2026-2027;accréditation en cours;1246.26;7535;1589.22 (2023-2024) · 1589.22 (2022-2023) · 1589.22 (2022-2023) · 365.24 (2024-2025) · 365.24 (2024-2025) · 655.25 (2025-2026) · 1246.26 (2026-2027) · 1246.26 (2026-2027)
2026-09-13;Meknès;École supérieure de management, d'informatique et de télécommunication;SUPMTI;Management de l’Entreprise;;2027-2028;accréditation en cours;1246.26;7535;1176.23 (2024-2025) · 365.24 (2025-2026) · 1246.26 (2027-2028)
2026-09-13;Meknès;École supérieure de management, d'informatique et de télécommunication;SUPMTI;Management des Entreprises;Management des Systèmes et Technologies de l’Information et de Communication;2026-2027;accréditation en cours;1246.26;7535;1589.22 (2023-2024) · 1589.22 (2022-2023) · 365.24 (2024-2025) · 1246.26 (2026-2027)
2026-09-13;Meknès;École supérieure de management, d'informatique et de télécommunication;SUPMTI;Management et Développement International;;2027-2028;accréditation en cours;1246.26;7535;365.24 (2025-2026) · 1246.26 (2027-2028)
2026-09-13;Meknès;École supérieure de management, d'informatique et de télécommunication;SUPMTI;Management et Relations Internationales;;2026-2027;accréditation en cours;1246.26;7535;655.25 (2025-2026) · 1246.26 (2026-2027)
2026-09-13;Mohammedia;MMBS;MMBS;Management des Entreprises;;2024-2025;échéance atteinte, renouvellement non publié à ce jour;1176.23;7194;1176.23 (2024-2025)
2026-09-13;Mohammedia;École supérieure des études juridiques et économiques;ESEJE;Droit des Affaires;Droit et Contentieux des Affaires · Droit des Affaires OHADA Comparé;2025-2026;échéance atteinte, renouvellement non publié à ce jour;655.25;7431;1176.23 (2024-2025) · 1176.23 (2023-2024) · 365.24 (2025-2026) · 655.25 (2025-2026)
2026-09-13;Mohammedia;École supérieure des études juridiques et économiques;ESEJE;Management;;2023-2024;échéance atteinte, renouvellement non publié à ce jour;1589.22;7175;1589.22 (2023-2024)
2026-09-13;Mohammedia;École supérieure des études juridiques et économiques;ESEJE;Sciences de la Gestion;;2025-2026;échéance atteinte, renouvellement non publié à ce jour;365.24;7313;1176.23 (2024-2025) · 365.24 (2025-2026)
2026-09-13;Mohammedia;École supérieure privée d'ingénierie biomédicale et des techniques de santé (SUPTECH SANTE);SUPTECH SANTE;Classes Préparatoires;;2025-2026;échéance atteinte, renouvellement non publié à ce jour;655.25;7431;655.25 (2025-2026)
2026-09-13;Mohammedia;École supérieure privée d'ingénierie biomédicale et des techniques de santé (SUPTECH SANTE);SUPTECH SANTE;Deux Années Préparatoires au Cycle d'Ingénieur;;2024-2025;échéance atteinte, renouvellement non publié à ce jour;365.24;7313;365.24 (2024-2025)
2026-09-13;Mohammedia;École supérieure privée d'ingénierie biomédicale et des techniques de santé (SUPTECH SANTE);SUPTECH SANTE;Dispositifs Médicaux et Affaires Réglementaires;;2025-2026;échéance atteinte, renouvellement non publié à ce jour;655.25;7431;365.24 (2024-2025) · 655.25 (2025-2026)
2026-09-13;Mohammedia;École supérieure privée d'ingénierie biomédicale et des techniques de santé (SUPTECH SANTE);SUPTECH SANTE;Entreprenariat et Management Technologique;;2025-2026;échéance atteinte, renouvellement non publié à ce jour;655.25;7431;655.25 (2025-2026)
2026-09-13;Mohammedia;École supérieure privée d'ingénierie biomédicale et des techniques de santé (SUPTECH SANTE);SUPTECH SANTE;Entrepreneuriat et Management Technologique;;2024-2025;échéance atteinte, renouvellement non publié à ce jour;365.24;7313;365.24 (2024-2025)
2026-09-13;Mohammedia;École supérieure privée d'ingénierie biomédicale et des techniques de santé (SUPTECH SANTE);SUPTECH SANTE;Génie Biomédical;;2026-2027;accréditation en cours;655.25;7431;365.24 (2025-2026) · 655.25 (2026-2027)
2026-09-13;Mohammedia;École supérieure privée d'ingénierie biomédicale et des techniques de santé (SUPTECH SANTE);SUPTECH SANTE;Génie Biotechnologie;;2026-2027;accréditation en cours;655.25;7431;655.25 (2026-2027)
2026-09-13;Mohammedia;École supérieure privée d'ingénierie biomédicale et des techniques de santé (SUPTECH SANTE);SUPTECH SANTE;Génie Digital et Intelligence Artificielle en Santé;;2026-2027;accréditation en cours;655.25;7431;365.24 (2025-2026) · 655.25 (2026-2027)
2026-09-13;Mohammedia;École supérieure privée d'ingénierie biomédicale et des techniques de santé (SUPTECH SANTE);SUPTECH SANTE;Génie Industriel et Logistique Hospitalière;;2025-2026;échéance atteinte, renouvellement non publié à ce jour;365.24;7313;365.24 (2025-2026)
2026-09-13;Mohammedia;École supérieure privée d'ingénierie biomédicale et des techniques de santé (SUPTECH SANTE);SUPTECH SANTE;Infirmier Instrumentiste du Bloc Opératoire;;2025-2026;échéance atteinte, renouvellement non publié à ce jour;365.24;7313;365.24 (2025-2026)
2026-09-13;Mohammedia;École supérieure privée d'ingénierie biomédicale et des techniques de santé (SUPTECH SANTE);SUPTECH SANTE;Infirmier Polyvalent;;2025-2026;échéance atteinte, renouvellement non publié à ce jour;365.24;7313;365.24 (2025-2026)
2026-09-13;Mohammedia;École supérieure privée d'ingénierie biomédicale et des techniques de santé (SUPTECH SANTE);SUPTECH SANTE;Infirmier en Anesthésie et Réanimation;;2025-2026;échéance atteinte, renouvellement non publié à ce jour;365.24;7313;365.24 (2025-2026)
2026-09-13;Mohammedia;École supérieure privée d'ingénierie biomédicale et des techniques de santé (SUPTECH SANTE);SUPTECH SANTE;Informatique décisionnelle et E-Santé;;2025-2026;échéance atteinte, renouvellement non publié à ce jour;365.24;7313;365.24 (2025-2026)
2026-09-13;Mohammedia;École supérieure privée d'ingénierie biomédicale et des techniques de santé (SUPTECH SANTE);SUPTECH SANTE;Ingénierie et Fabrication des Dispositifs Médicaux;;2026-2027;accréditation en cours;655.25;7431;655.25 (2026-2027)
2026-09-13;Mohammedia;École supérieure privée d'ingénierie biomédicale et des techniques de santé (SUPTECH SANTE);SUPTECH SANTE;Maintenance Médicale;;2025-2026;échéance atteinte, renouvellement non publié à ce jour;365.24;7313;365.24 (2025-2026)
2026-09-13;Mohammedia;École supérieure privée d'ingénierie biomédicale et des techniques de santé (SUPTECH SANTE);SUPTECH SANTE;Maintenance et Génie Biomédical;;2025-2026;échéance atteinte, renouvellement non publié à ce jour;655.25;7431;365.24 (2024-2025) · 655.25 (2025-2026)
2026-09-13;Mohammedia;École supérieure privée d'ingénierie biomédicale et des techniques de santé (SUPTECH SANTE);SUPTECH SANTE;Management et Business International du Sport;;2027-2028;accréditation en cours;1246.26;7535;1246.26 (2027-2028)
2026-09-13;Mohammedia;École supérieure privée d'ingénierie biomédicale et des techniques de santé (SUPTECH SANTE);SUPTECH SANTE;Management et Marketing Digital du Sport et Santé;;2026-2027;accréditation en cours;655.25;7431;655.25 (2026-2027)
2026-09-13;Mohammedia;École supérieure privée d'ingénierie biomédicale et des techniques de santé (SUPTECH SANTE);SUPTECH SANTE;Sciences de Gestion en Milieu Hospitalier et Industrie Médicale;;2025-2026;échéance atteinte, renouvellement non publié à ce jour;365.24;7313;365.24 (2025-2026)
2026-09-13;Mohammedia;École supérieure privée d'ingénierie biomédicale et des techniques de santé (SUPTECH SANTE);SUPTECH SANTE;Techniques de laboratoires de Biologie Médicale;;2025-2026;échéance atteinte, renouvellement non publié à ce jour;365.24;7313;365.24 (2025-2026)
2026-09-13;Mohammedia;École supérieure privée des techniques de l'eau, de l'énergie et du développement durable;SUPTECH ENVIRONNEMENT;Classes Préparatoires;;2025-2026;échéance atteinte, renouvellement non publié à ce jour;655.25;7431;655.25 (2025-2026)
2026-09-13;Mohammedia;École supérieure privée des techniques de l'eau, de l'énergie et du développement durable;SUPTECH ENVIRONNEMENT;Gestion Digitale Intégrée du Littoral et Valorisation Halieutique;;2026-2027;accréditation en cours;655.25;7431;655.25 (2026-2027)
2026-09-13;Mohammedia;École supérieure privée des techniques de l'eau, de l'énergie et du développement durable;SUPTECH ENVIRONNEMENT;Génie Digitale des Systèmes Energétiques;;2026-2027;accréditation en cours;655.25;7431;655.25 (2026-2027)
2026-09-13;Mohammedia;École supérieure privée des techniques de l'eau, de l'énergie et du développement durable;SUPTECH ENVIRONNEMENT;Génie de l'Assainissement et des Systèmes Intelligents de Traitement des Eaux;;2026-2027;accréditation en cours;655.25;7431;655.25 (2026-2027)
2026-09-13;Mohammedia;École supérieure privée des techniques de l'eau, de l'énergie et du développement durable;SUPTECH ENVIRONNEMENT;Génie de l'Eau et de l'Assainissement et des Aménagements Hydroagricoles;;2025-2026;échéance atteinte, renouvellement non publié à ce jour;655.25;7431;655.25 (2025-2026)
2026-09-13;Mohammedia;École supérieure privée des techniques de l'eau, de l'énergie et du développement durable;SUPTECH ENVIRONNEMENT;Génie de l’Eau et de l’Environnement;;2026-2027;accréditation en cours;655.25;7431;655.25 (2026-2027)
2026-09-13;Mohammedia;École supérieure privée des techniques de l'eau, de l'énergie et du développement durable;SUPTECH ENVIRONNEMENT;Ingénierie et Management des Systèmes Industriels;Management de la Production, de la Maintenance et des Méthodes Industrielles · Management de la Qualité, Sécurité et Environnement;2026-2027;accréditation en cours;1246.26;7535;1246.26 (2026-2027)
2026-09-13;Mohammedia;École supérieure privée des techniques de l'eau, de l'énergie et du développement durable;SUPTECH ENVIRONNEMENT;Métiers Subaquatique et Plongée Sous-Marine;Plongeur Inspecteur · Travaux Public et Ouvrages;2026-2027;accréditation en cours;655.25;7431;655.25 (2026-2027)
2026-09-13;Mohammedia;École supérieure privée des techniques de l'eau, de l'énergie et du développement durable;SUPTECH ENVIRONNEMENT;Qualité, Hygiène, Sécurité et Environnement;;2026-2027;accréditation en cours;655.25;7431;655.25 (2026-2027)
2026-09-13;Mohammedia;École supérieure privée des techniques de l'eau, de l'énergie et du développement durable;SUPTECH ENVIRONNEMENT;SMART Energies Renouvelables;;2026-2027;accréditation en cours;655.25;7431;655.25 (2026-2027)
2026-09-13;Ouezzane;Institut supérieur privé des techniques de santé d'Ouezzane — Dar Adamana;;Infirmier Polyvalent;;2027-2028;accréditation en cours;1246.26;7535;1246.26 (2027-2028)
2026-09-13;Ouezzane;Institut supérieur privé des techniques de santé d'Ouezzane — Dar Adamana;;Infirmier en Anesthésie et Réanimation;;2027-2028;accréditation en cours;1246.26;7535;1246.26 (2027-2028)
2026-09-13;Ouezzane;Institut supérieur privé des techniques de santé d'Ouezzane — Dar Adamana;;Orthoptie;;2027-2028;accréditation en cours;1246.26;7535;1246.26 (2027-2028)
2026-09-13;Ouezzane;Institut supérieur privé des techniques de santé d'Ouezzane — Dar Adamana;;Sage-femme;;2027-2028;accréditation en cours;1246.26;7535;1246.26 (2027-2028)
2026-09-13;Oujda;Institut des hautes études bancaires, financières et de gestion;HBFG;Management, Banque et Finance;;2026-2027;accréditation en cours;655.25;7431;1589.22 (2023-2024) · 655.25 (2026-2027)
2026-09-13;Oujda;Institut des hautes études bancaires, financières et de gestion;HBFG;Opérations Bancaires et Commerciales Internationales;;2025-2026;échéance atteinte, renouvellement non publié à ce jour;655.25;7431;1176.23 (2023-2024) · 655.25 (2025-2026)
2026-09-13;Oujda;École des hautes études commerciales et informatiques;HECI;Administration des Affaires;;2025-2026;échéance atteinte, renouvellement non publié à ce jour;365.24;7313;365.24 (2025-2026)
2026-09-13;Oujda;École des hautes études commerciales et informatiques;HECI;Finance;;2023-2024;échéance atteinte, renouvellement non publié à ce jour;1176.23;7194;1176.23 (2023-2024)
2026-09-13;Oujda;École des hautes études d'ingénierie;EHEIO;Cycle Préparatoire Intégré;;2025-2026;échéance atteinte, renouvellement non publié à ce jour;655.25;7431;1176.23 (2023-2024) · 655.25 (2025-2026)
2026-09-13;Oujda;École des hautes études d'ingénierie;EHEIO;Génie Informatique;Intelligence Artificielle · Développement Informatique;2026-2027;accréditation en cours;655.25;7431;1589.22 (2023-2024) · 655.25 (2026-2027)
2026-09-13;Oujda;École des hautes études d'ingénierie;EHEIO;Génie Logistique et Transport;;2027-2028;accréditation en cours;1246.26;7535;1246.26 (2027-2028)
2026-09-13;Oujda;École des hautes études d'ingénierie;EHEIO;Génie des Systèmes Industriels;Productique · Mécatronique;2026-2027;accréditation en cours;655.25;7431;1589.22 (2023-2024) · 655.25 (2026-2027)
2026-09-13;Oujda;École des hautes études d'ingénierie;EHEIO;Informatique et Gestion;;2026-2027;accréditation en cours;655.25;7431;1589.22 (2023-2024) · 655.25 (2026-2027)
2026-09-13;Oujda;École des hautes études d'ingénierie;EHEIO;Ingénierie Financière, Audit et Systèmes d’Information;;2027-2028;accréditation en cours;1246.26;7535;1341.23 (2022-2023) · 1246.26 (2027-2028)
2026-09-13;Oujda;École supérieure de management, d'informatique et de télécommunication;SUPMTI;Comptabilité, Contrôle et Audit;;2025-2026;échéance atteinte, renouvellement non publié à ce jour;655.25;7431;1176.23 (2023-2024) · 655.25 (2025-2026)
2026-09-13;Oujda;École supérieure de management, d'informatique et de télécommunication;SUPMTI;Cyber Sécurité;;2025-2026;échéance atteinte, renouvellement non publié à ce jour;655.25;7431;655.25 (2025-2026)
2026-09-13;Oujda;École supérieure de management, d'informatique et de télécommunication;SUPMTI;Cycle Préparatoire aux Cycles d’Ingénierie;;2022-2023;échéance atteinte, renouvellement non publié à ce jour;1589.22;7175;1589.22 (2022-2023)
2026-09-13;Oujda;École supérieure de management, d'informatique et de télécommunication;SUPMTI;Gestion des Ressources Humaines;;2025-2026;échéance atteinte, renouvellement non publié à ce jour;655.25;7431;1176.23 (2023-2024) · 655.25 (2025-2026)
2026-09-13;Oujda;École supérieure de management, d'informatique et de télécommunication;SUPMTI;Ingénierie des Systèmes Embarqués;;2024-2025;échéance atteinte, renouvellement non publié à ce jour;365.24;7313;1589.22 (2022-2023) · 365.24 (2024-2025)
2026-09-13;Oujda;École supérieure de management, d'informatique et de télécommunication;SUPMTI;Ingénierie des Systèmes Informatiques;;2026-2027;accréditation en cours;655.25;7431;1589.22 (2023-2024) · 1589.22 (2023-2024) · 655.25 (2026-2027)
2026-09-13;Oujda;École supérieure de management, d'informatique et de télécommunication;SUPMTI;Ingénierie des Systèmes d'Informatiques;Développement Informatique · Systèmes Embarqués et Intelligence Artificielle;2025-2026;échéance atteinte, renouvellement non publié à ce jour;365.24;7313;365.24 (2025-2026)
2026-09-13;Oujda;École supérieure de management, d'informatique et de télécommunication;SUPMTI;Intelligence des Affaires et Transformations Digitales des Entreprises;;2025-2026;échéance atteinte, renouvellement non publié à ce jour;655.25;7431;655.25 (2025-2026)
2026-09-13;Oujda;École supérieure de management, d'informatique et de télécommunication;SUPMTI;Management des Entreprises;Informatique et Gestion des Entreprises · Audit et Contrôle de gestion · Management des Ressources Humaines;2025-2026;échéance atteinte, renouvellement non publié à ce jour;365.24;7313;1589.22 (2023-2024) · 1176.23 (2024-2025) · 365.24 (2025-2026)
2026-09-13;Oujda;École supérieure de management, d'informatique et de télécommunication;SUPMTI;Tronc Commun Préparatoire aux Cycles d’Ingénierie;;2025-2026;échéance atteinte, renouvellement non publié à ce jour;655.25;7431;365.24 (2024-2025) · 655.25 (2025-2026)
2026-09-13;Oujda;École supérieure privée d'ingénierie appliquée et d'innovation;;Cyber Sécurité;;2026-2027;accréditation en cours;655.25;7431;655.25 (2026-2027)
2026-09-13;Oujda;École supérieure privée d'ingénierie appliquée et d'innovation;;Génie Civil Bâtiments, Ponts et Chaussées;;2026-2027;accréditation en cours;655.25;7431;655.25 (2026-2027)
2026-09-13;Oujda;École supérieure privée d'ingénierie appliquée et d'innovation;;Génie Informatique et Intelligence Artificielle;;2026-2027;accréditation en cours;655.25;7431;655.25 (2026-2027)
2026-09-13;Oujda;École supérieure privée d'ingénierie appliquée et d'innovation;;Sciences et Techniques pour l'Ingénieur;;2025-2026;échéance atteinte, renouvellement non publié à ce jour;655.25;7431;655.25 (2025-2026)
2026-09-13;Oujda;École supérieure privée de génie civil;ESIGCP;Deux Années Préparatoires au Cycle d’Ingénieur en Génie Civil;;2024-2025;échéance atteinte, renouvellement non publié à ce jour;365.24;7313;365.24 (2024-2025)
2026-09-13;Oujda;École supérieure privée de génie civil;ESIGCP;Génie Civil;Bâtiments, Ponts et Chaussées;2025-2026;échéance atteinte, renouvellement non publié à ce jour;365.24;7313;365.24 (2025-2026)
2026-09-13;Rabat;Faculté de médecine Abulcasis — Université internationale Abulcasis des sciences de la santé;;Analyses Biologiques Médicales;;2020-2021;échéance atteinte, renouvellement non publié à ce jour;3893.21;7056;3893.21 (2020-2021)
2026-09-13;Rabat;Faculté de médecine Abulcasis — Université internationale Abulcasis des sciences de la santé;UIASS;Analyses Biologiques Médicales;;2028-2029;accréditation en cours;1246.26;7535;1342.23 (2024-2025) · 1246.26 (2028-2029)
2026-09-13;Rabat;Faculté de médecine Abulcasis — Université internationale Abulcasis des sciences de la santé;UIASS;Anesthésie Réanimation;;2028-2029;accréditation en cours;1246.26;7535;1342.23 (2024-2025) · 1246.26 (2028-2029)
2026-09-13;Rabat;Faculté de médecine Abulcasis — Université internationale Abulcasis des sciences de la santé;;Anesthésie et Réanimation;;2020-2021;échéance atteinte, renouvellement non publié à ce jour;3893.21;7056;3893.21 (2020-2021)
2026-09-13;Rabat;Faculté de médecine Abulcasis — Université internationale Abulcasis des sciences de la santé;UIASS;Cardiologie;;2023-2024;échéance atteinte, renouvellement non publié à ce jour;1341.23;7224;1341.23 (2023-2024)
2026-09-13;Rabat;Faculté de médecine Abulcasis — Université internationale Abulcasis des sciences de la santé;UIASS;Chirurgie Cardio- Vasculaire;;2027-2028;accréditation en cours;365.24;7313;1339.23 (2022-2023) · 365.24 (2027-2028)
2026-09-13;Rabat;Faculté de médecine Abulcasis — Université internationale Abulcasis des sciences de la santé;UIASS;Chirurgie Générale;;2027-2028;accréditation en cours;365.24;7313;1339.23 (2022-2023) · 365.24 (2027-2028)
2026-09-13;Rabat;Faculté de médecine Abulcasis — Université internationale Abulcasis des sciences de la santé;UIASS;Dermatologie;;2023-2024;échéance atteinte, renouvellement non publié à ce jour;1341.23;7224;1341.23 (2023-2024)
2026-09-13;Rabat;Faculté de médecine Abulcasis — Université internationale Abulcasis des sciences de la santé;UIASS;Endocrinologie et maladies métaboliques;;2026-2027;accréditation en cours;365.24;7313;1340.23 (2022-2023) · 365.24 (2026-2027)
2026-09-13;Rabat;Faculté de médecine Abulcasis — Université internationale Abulcasis des sciences de la santé;UIASS;Gastro-Entérologie;;2025-2026;échéance atteinte, renouvellement non publié à ce jour;547.24;7293;1339.23 (2021-2022) · 547.24 (2025-2026)
2026-09-13;Rabat;Faculté de médecine Abulcasis — Université internationale Abulcasis des sciences de la santé;UIASS;Gynécologie-obstétrique;;2025-2026;échéance atteinte, renouvellement non publié à ce jour;1342.23;7224;1342.23 (2025-2026)
2026-09-13;Rabat;Faculté de médecine Abulcasis — Université internationale Abulcasis des sciences de la santé;UIASS;Génétique;;2025-2026;échéance atteinte, renouvellement non publié à ce jour;547.24;7293;1339.23 (2021-2022) · 547.24 (2025-2026)
2026-09-13;Rabat;Faculté de médecine Abulcasis — Université internationale Abulcasis des sciences de la santé;UIASS;Hématologie Clinique;;2025-2026;échéance atteinte, renouvellement non publié à ce jour;547.24;7293;547.24 (2025-2026)
2026-09-13;Rabat;Faculté de médecine Abulcasis — Université internationale Abulcasis des sciences de la santé;UIASS;Médecine Générale;;2027-2028;accréditation en cours;547.24;7293;1589.22 (2027-2028) · 547.24 (2027-2028)
2026-09-13;Rabat;Faculté de médecine Abulcasis — Université internationale Abulcasis des sciences de la santé;UIASS;Médecine Interne;;2029-2030;accréditation en cours;1246.26;7535;1341.23 (2024-2025) · 1246.26 (2029-2030)
2026-09-13;Rabat;Faculté de médecine Abulcasis — Université internationale Abulcasis des sciences de la santé;UIASS;Neuro-chirurgie;;2024-2025;échéance atteinte, renouvellement non publié à ce jour;1341.23;7224;1341.23 (2024-2025)
2026-09-13;Rabat;Faculté de médecine Abulcasis — Université internationale Abulcasis des sciences de la santé;UIASS;Neurochirurgie;;2029-2030;accréditation en cours;1246.26;7535;1246.26 (2029-2030)
2026-09-13;Rabat;Faculté de médecine Abulcasis — Université internationale Abulcasis des sciences de la santé;UIASS;Neurologie;;2026-2027;accréditation en cours;365.24;7313;1340.23 (2022-2023) · 365.24 (2026-2027)
2026-09-13;Rabat;Faculté de médecine Abulcasis — Université internationale Abulcasis des sciences de la santé;UIASS;Néphrologie;;2025-2026;échéance atteinte, renouvellement non publié à ce jour;547.24;7293;1339.23 (2021-2022) · 547.24 (2025-2026)
2026-09-13;Rabat;Faculté de médecine Abulcasis — Université internationale Abulcasis des sciences de la santé;UIASS;Oncologie médicale;;2026-2027;accréditation en cours;365.24;7313;1340.23 (2022-2023) · 365.24 (2026-2027)
2026-09-13;Rabat;Faculté de médecine Abulcasis — Université internationale Abulcasis des sciences de la santé;UIASS;Ophtalmologie;;2023-2024;échéance atteinte, renouvellement non publié à ce jour;1340.23;7224;1340.23 (2023-2024)
2026-09-13;Rabat;Faculté de médecine Abulcasis — Université internationale Abulcasis des sciences de la santé;UIASS;Oto-Rhino-Laryngologie;;2023-2024;échéance atteinte, renouvellement non publié à ce jour;1340.23;7224;1340.23 (2023-2024)
2026-09-13;Rabat;Faculté de médecine Abulcasis — Université internationale Abulcasis des sciences de la santé;UIASS;Pneumo Phtisiologie;;2021-2022;échéance atteinte, renouvellement non publié à ce jour;1339.23;7224;1339.23 (2021-2022)
2026-09-13;Rabat;Faculté de médecine Abulcasis — Université internationale Abulcasis des sciences de la santé;UIASS;Pneumophtisiologie;;2025-2026;échéance atteinte, renouvellement non publié à ce jour;547.24;7293;547.24 (2025-2026)
2026-09-13;Rabat;Faculté de médecine Abulcasis — Université internationale Abulcasis des sciences de la santé;UIASS;Pédiatrie;;2025-2026;échéance atteinte, renouvellement non publié à ce jour;547.24;7293;1339.23 (2021-2022) · 547.24 (2025-2026)
2026-09-13;Rabat;Faculté de médecine Abulcasis — Université internationale Abulcasis des sciences de la santé;;Radiologie;;2020-2021;échéance atteinte, renouvellement non publié à ce jour;3893.21;7056;3893.21 (2020-2021)
2026-09-13;Rabat;Faculté de médecine Abulcasis — Université internationale Abulcasis des sciences de la santé;UIASS;Radiologie;;2028-2029;accréditation en cours;1246.26;7535;1342.23 (2024-2025) · 1246.26 (2028-2029)
2026-09-13;Rabat;Faculté de médecine Abulcasis — Université internationale Abulcasis des sciences de la santé;UIASS;Radiothérapie;;2026-2027;accréditation en cours;365.24;7313;1340.23 (2022-2023) · 365.24 (2026-2027)
2026-09-13;Rabat;Faculté de médecine Abulcasis — Université internationale Abulcasis des sciences de la santé;UIASS;Rhumatologie;;2023-2024;échéance atteinte, renouvellement non publié à ce jour;546.24;7293;546.24 (2023-2024)
2026-09-13;Rabat;Faculté de médecine Abulcasis — Université internationale Abulcasis des sciences de la santé;UIASS;Sciences Biomédicales et Sciences des Médicaments;;2025-2026;échéance atteinte, renouvellement non publié à ce jour;365.24;7313;1176.23 (2024-2025) · 365.24 (2025-2026)
2026-09-13;Rabat;Faculté de médecine Abulcasis — Université internationale Abulcasis des sciences de la santé;UIASS;Traumatologie Orthopédie;;2029-2030;accréditation en cours;1246.26;7535;1341.23 (2024-2025) · 1246.26 (2029-2030)
2026-09-13;Rabat;Faculté de médecine Abulcasis — Université internationale Abulcasis des sciences de la santé;UIASS;Urologie;;2029-2030;accréditation en cours;1246.26;7535;1341.23 (2024-2025) · 1246.26 (2029-2030)
2026-09-13;Rabat;Faculté de médecine dentaire Abulcasis — Université internationale Abulcasis des sciences de la santé;UIASS;Médecine Dentaire;;2026-2027;accréditation en cours;1589.22;7175;1589.22 (2026-2027)
2026-09-13;Rabat;Faculté de pharmacie Abulcasis — UIASS;UIASS;Analyses Biologiques médicales;;2025-2026;échéance atteinte, renouvellement non publié à ce jour;547.24;7293;2948.23 (2024-2025) · 547.24 (2025-2026)
2026-09-13;Rabat;Faculté de pharmacie Abulcasis — UIASS;UIASS;Pharmacie;Pharmacie Hospitalière · Pharmacie Industrielle;2027-2028;accréditation en cours;1176.23;7194;1176.23 (2027-2028)
2026-09-13;Rabat;Faculté de pharmacie Abulcasis — UIASS;UIASS;Pharmacie Clinique;;2021-2022;échéance atteinte, renouvellement non publié à ce jour;1339.23;7224;1339.23 (2021-2022)
2026-09-13;Rabat;Faculté des sciences infirmières et de gestion hospitalière — Université internationale Abulcasis des sciences de la santé;UIASS;Génie de la Santé;;2024-2025;échéance atteinte, renouvellement non publié à ce jour;365.24;7313;1589.22 (2022-2023) · 365.24 (2024-2025)
2026-09-13;Rabat;Faculté des sciences infirmières et de gestion hospitalière — Université internationale Abulcasis des sciences de la santé;;Imagerie Médicale;;2019-2020;échéance atteinte, renouvellement non publié à ce jour;3893.21;7056;3893.21 (2019-2020)
2026-09-13;Rabat;Faculté des sciences infirmières et de gestion hospitalière — Université internationale Abulcasis des sciences de la santé;UIASS;Management Hospitalier;;2025-2026;échéance atteinte, renouvellement non publié à ce jour;655.25;7431;655.25 (2025-2026)
2026-09-13;Rabat;Faculté des sciences infirmières et de gestion hospitalière — Université internationale Abulcasis des sciences de la santé;UIASS;Rééducation et Réhabilitation;Kinésithérapie;2023-2024;échéance atteinte, renouvellement non publié à ce jour;1589.22;7175;1589.22 (2023-2024)
2026-09-13;Rabat;Faculté des sciences infirmières et de gestion hospitalière — Université internationale Abulcasis des sciences de la santé;UIASS;Sciences et Soins Infirmiers;Infirmier en Bloc Opératoire et Plateau Technique · Infirmier en Oncologie · Infirmier en Service Hospitalier;2025-2026;échéance atteinte, renouvellement non publié à ce jour;365.24;7313;365.24 (2025-2026)
2026-09-13;Rabat;Faculté des sciences infirmières et de gestion hospitalière — Université internationale Abulcasis des sciences de la santé;UIASS;Soins Infirmiers;Infirmier Polyvalent;2025-2026;échéance atteinte, renouvellement non publié à ce jour;365.24;7313;365.24 (2025-2026) · 365.24 (2025-2026)
2026-09-13;Rabat;Faculté des sciences infirmières et de gestion hospitalière — Université internationale Abulcasis des sciences de la santé;UIASS;Techniques de la Santé;Imagerie Médicale;2025-2026;échéance atteinte, renouvellement non publié à ce jour;365.24;7313;365.24 (2025-2026)
2026-09-13;Rabat;Faculté internationale de médecine de Rabat — Université internationale de Rabat;UIR;Biotechnologie et Sciences de la Santé;;2025-2026;échéance atteinte, renouvellement non publié à ce jour;365.24;7313;365.24 (2025-2026)
2026-09-13;Rabat;Faculté internationale de médecine de Rabat — Université internationale de Rabat;UIR;Médecine Générale;;2027-2028;accréditation en cours;1176.23;7194;1176.23 (2027-2028)
2026-09-13;Rabat;Faculté internationale de médecine de Rabat — Université internationale de Rabat;UIR;Psychologie;;2026-2027;accréditation en cours;655.25;7431;655.25 (2026-2027)
2026-09-13;Rabat;Faculté internationale de médecine de Rabat — Université internationale de Rabat;UIR;Sciences Biomédicales Appliquées;;2025-2026;échéance atteinte, renouvellement non publié à ce jour;655.25;7431;1176.23 (2023-2024) · 655.25 (2025-2026)
2026-09-13;Rabat;Faculté internationale de médecine de Rabat — Université internationale de Rabat;UIR;Sciences de la Vie et de la Santé;;2025-2026;échéance atteinte, renouvellement non publié à ce jour;365.24;7313;365.24 (2025-2026)
2026-09-13;Rabat;Faculté internationale de médecine dentaire de Rabat — Université internationale de Rabat;UIR;Médecine Dentaire;;2026-2027;accréditation en cours;1589.22;7175;1589.22 (2026-2027)
2026-09-13;Rabat;Faculté internationale de médecine dentaire de Rabat — Université internationale de Rabat;UIR;Odontologie Chirurgicale;;2025-2026;échéance atteinte, renouvellement non publié à ce jour;547.24;7293;1339.23 (2021-2022) · 547.24 (2025-2026)
2026-09-13;Rabat;Faculté internationale de médecine dentaire de Rabat — Université internationale de Rabat;UIR;Odontologie Conservatrice;;2025-2026;échéance atteinte, renouvellement non publié à ce jour;547.24;7293;1339.23 (2021-2022) · 547.24 (2025-2026)
2026-09-13;Rabat;Faculté internationale de médecine dentaire de Rabat — Université internationale de Rabat;UIR;Orthopédie Dento-Faciale;;2025-2026;échéance atteinte, renouvellement non publié à ce jour;547.24;7293;1339.23 (2021-2022) · 547.24 (2025-2026)
2026-09-13;Rabat;Faculté internationale de médecine dentaire de Rabat — Université internationale de Rabat;UIR;Parodontologie;;2025-2026;échéance atteinte, renouvellement non publié à ce jour;547.24;7293;1339.23 (2021-2022) · 547.24 (2025-2026)
2026-09-13;Rabat;Faculté internationale de médecine dentaire de Rabat — Université internationale de Rabat;UIR;Prothèse Adjointe;;2025-2026;échéance atteinte, renouvellement non publié à ce jour;547.24;7293;1339.23 (2021-2022) · 547.24 (2025-2026)
2026-09-13;Rabat;Faculté internationale de médecine dentaire de Rabat — Université internationale de Rabat;UIR;Prothèse Conjointe;;2025-2026;échéance atteinte, renouvellement non publié à ce jour;547.24;7293;1339.23 (2021-2022) · 547.24 (2025-2026)
2026-09-13;Rabat;Faculté internationale de médecine dentaire de Rabat — Université internationale de Rabat;UIR;Pédodontie Prévention;;2025-2026;échéance atteinte, renouvellement non publié à ce jour;547.24;7293;1339.23 (2021-2022) · 547.24 (2025-2026)
2026-09-13;Rabat;Institut Abulcasis de médecine vétérinaire — Université internationale Abulcasis des sciences de la santé;UIASS;Médecine Vétérinaire;;2029-2030;accréditation en cours;655.25;7431;655.25 (2029-2030)
2026-09-13;Rabat;Institut d'études des langues et de la communication;ILCS;Communication;Communication and Marketing · Journalism · Translation and Communication;2027-2028;accréditation en cours;1246.26;7535;1176.23 (2024-2025) · 1246.26 (2027-2028)
2026-09-13;Rabat;Institut d'études des langues et de la communication;ILCS;Data Science and Decision Making;;2025-2026;échéance atteinte, renouvellement non publié à ce jour;365.24;7313;365.24 (2025-2026)
2026-09-13;Rabat;Institut d'études des langues et de la communication;ILCS;Digital Communication;Communication and Marketing Digital · Journalism, journalism Sport and Health · Translation, Interpreting and Communication;2026-2027;accréditation en cours;1246.26;7535;365.24 (2024-2025) · 1246.26 (2026-2027)
2026-09-13;Rabat;Institut d'études politiques et juridiques — Université internationale de Rabat;UIR;/ Géopolitique de l'Afrique et des Dynamiques Atlantiques;;2025-2026;échéance atteinte, renouvellement non publié à ce jour;655.25;7431;365.24 (2024-2025) · 655.25 (2025-2026)
2026-09-13;Rabat;Institut d'études politiques et juridiques — Université internationale de Rabat;UIR;Analyse et Politique Economique;;2025-2026;échéance atteinte, renouvellement non publié à ce jour;655.25;7431;655.25 (2025-2026)
2026-09-13;Rabat;Institut d'études politiques et juridiques — Université internationale de Rabat;UIR;Communication des Organisations;;2025-2026;échéance atteinte, renouvellement non publié à ce jour;655.25;7431;655.25 (2025-2026)
2026-09-13;Rabat;Institut d'études politiques et juridiques — Université internationale de Rabat;UIR;Communication et Médias;;2025-2026;échéance atteinte, renouvellement non publié à ce jour;365.24;7313;1176.23 (2023-2024) · 365.24 (2025-2026)
2026-09-13;Rabat;Institut d'études politiques et juridiques — Université internationale de Rabat;UIR;Droit Notarial des Affaires;;2025-2026;échéance atteinte, renouvellement non publié à ce jour;655.25;7431;655.25 (2025-2026)
2026-09-13;Rabat;Institut d'études politiques et juridiques — Université internationale de Rabat;UIR;Droit des Affaires;;2025-2026;échéance atteinte, renouvellement non publié à ce jour;365.24;7313;365.24 (2025-2026)
2026-09-13;Rabat;Institut d'études politiques et juridiques — Université internationale de Rabat;UIR;Droit des Affaires et Fiscalité;;2025-2026;échéance atteinte, renouvellement non publié à ce jour;655.25;7431;1176.23 (2023-2024) · 655.25 (2025-2026)
2026-09-13;Rabat;Institut d'études politiques et juridiques — Université internationale de Rabat;UIR;Droit des Affaires et Management des Entreprises;;2025-2026;échéance atteinte, renouvellement non publié à ce jour;655.25;7431;365.24 (2024-2025) · 655.25 (2025-2026)
2026-09-13;Rabat;Institut d'études politiques et juridiques — Université internationale de Rabat;UIR;Evaluation des Politiques Publiques;;2024-2025;échéance atteinte, renouvellement non publié à ce jour;365.24;7313;1589.22 (2022-2023) · 365.24 (2024-2025)
2026-09-13;Rabat;Institut d'études politiques et juridiques — Université internationale de Rabat;UIR;Finances Publiques et Fiscalité;;2023-2024;échéance atteinte, renouvellement non publié à ce jour;1176.23;7194;1176.23 (2023-2024)
2026-09-13;Rabat;Institut d'études politiques et juridiques — Université internationale de Rabat;UIR;Gouvernance et Institutions Internationales;;2025-2026;échéance atteinte, renouvellement non publié à ce jour;655.25;7431;1176.23 (2023-2024) · 655.25 (2025-2026)
2026-09-13;Rabat;Institut d'études politiques et juridiques — Université internationale de Rabat;UIR;Humanités Environnementales;;2024-2025;échéance atteinte, renouvellement non publié à ce jour;365.24;7313;365.24 (2024-2025)
2026-09-13;Rabat;Institut d'études politiques et juridiques — Université internationale de Rabat;UIR;Juriste d'Affaires International;;2025-2026;échéance atteinte, renouvellement non publié à ce jour;655.25;7431;1176.23 (2023-2024) · 655.25 (2025-2026)
2026-09-13;Rabat;Institut d'études politiques et juridiques — Université internationale de Rabat;UIR;Politics of International Development;;2024-2025;échéance atteinte, renouvellement non publié à ce jour;365.24;7313;365.24 (2024-2025)
2026-09-13;Rabat;Institut d'études politiques et juridiques — Université internationale de Rabat;UIR;Politiques Economiques Appliquées;;2024-2025;échéance atteinte, renouvellement non publié à ce jour;365.24;7313;365.24 (2024-2025)
2026-09-13;Rabat;Institut d'études politiques et juridiques — Université internationale de Rabat;UIR;Politiques publiques;;2025-2026;échéance atteinte, renouvellement non publié à ce jour;655.25;7431;655.25 (2025-2026)
2026-09-13;Rabat;Institut d'études politiques et juridiques — Université internationale de Rabat;UIR;Professions Juridiques et Judiciaires;;2023-2024;échéance atteinte, renouvellement non publié à ce jour;1176.23;7194;1176.23 (2023-2024)
2026-09-13;Rabat;Institut d'études politiques et juridiques — Université internationale de Rabat;UIR;Résolution des Conflits et Gouvernance de la Paix;;2024-2025;échéance atteinte, renouvellement non publié à ce jour;365.24;7313;1589.22 (2022-2023) · 365.24 (2024-2025)
2026-09-13;Rabat;Institut d'études politiques et juridiques — Université internationale de Rabat;UIR;Sciences Humaines, Sociales et de Gestion;;2023-2024;échéance atteinte, renouvellement non publié à ce jour;1589.22;7175;1589.22 (2023-2024)
2026-09-13;Rabat;Institut d'études politiques et juridiques — Université internationale de Rabat;UIR;Sciences Juridiques, Economiques, Sociales et de Gestion;;2025-2026;échéance atteinte, renouvellement non publié à ce jour;365.24;7313;365.24 (2025-2026)
2026-09-13;Rabat;Institut d'études politiques et juridiques — Université internationale de Rabat;UIR;Sciences Politiques;Relations Internationales · Economie et Politiques Publiques · Cultures et Sociétés : Mondes Arabes et Africains;2025-2026;échéance atteinte, renouvellement non publié à ce jour;365.24;7313;365.24 (2025-2026)
2026-09-13;Rabat;Institut d'études politiques et juridiques — Université internationale de Rabat;UIR;Stratégies de Contenu et Réputation des Marques;;2025-2026;échéance atteinte, renouvellement non publié à ce jour;655.25;7431;655.25 (2025-2026)
2026-09-13;Rabat;Institut d'études politiques et juridiques — Université internationale de Rabat;UIR;Sécurité Internationale;;2025-2026;échéance atteinte, renouvellement non publié à ce jour;655.25;7431;365.24 (2024-2025) · 655.25 (2025-2026)
2026-09-13;Rabat;Institut d'études politiques et juridiques — Université internationale de Rabat;UIR;القانون الخاص;قانون الأعمال;2025-2026;échéance atteinte, renouvellement non publié à ce jour;365.24;7313;365.24 (2025-2026)
2026-09-13;Rabat;Institut d'études politiques et juridiques — Université internationale de Rabat;UIR;القانون العام;الحكامة المالية والإدارية;2025-2026;échéance atteinte, renouvellement non publié à ce jour;365.24;7313;365.24 (2025-2026)
2026-09-13;Rabat;Institut d'études politiques et juridiques — Université internationale de Rabat;UIR;المهن القانونية والقضائية;;2025-2026;échéance atteinte, renouvellement non publié à ce jour;655.25;7431;655.25 (2025-2026)
2026-09-13;Rabat;Institut des hautes études de management;HEM;Management général;;2025-2026;échéance atteinte, renouvellement non publié à ce jour;365.24;7313;365.24 (2025-2026)
2026-09-13;Rabat;Institut international des hautes études du Maroc;IIHEM;Management Science;Finance · Marketing;2023-2024;échéance atteinte, renouvellement non publié à ce jour;1176.23;7194;1176.23 (2023-2024)
2026-09-13;Rabat;Institut international des hautes études du Maroc;IIHEM;Management Sciences;Finance · Marketing · Management Information Systems;2023-2024;échéance atteinte, renouvellement non publié à ce jour;1589.22;7175;1589.22 (2023-2024)
2026-09-13;Rabat;Institut international des hautes études du Maroc;IIHEM;Management and Finance;;2025-2026;échéance atteinte, renouvellement non publié à ce jour;655.25;7431;365.24 (2025-2026) · 655.25 (2025-2026)
2026-09-13;Rabat;Institut international des hautes études du Maroc;IIHEM;Marketing and Communication;;2025-2026;échéance atteinte, renouvellement non publié à ce jour;655.25;7431;1589.22 (2023-2024) · 1176.23 (2023-2024) · 365.24 (2025-2026) · 655.25 (2025-2026)
2026-09-13;Rabat;Institut international privé de management et de technologie;PIIMT;Computer Sciences;Cyber Security · Technologies de Méga Données · Technologies Web and Mobiles;2025-2026;échéance atteinte, renouvellement non publié à ce jour;365.24;7313;1176.23 (2024-2025) · 365.24 (2025-2026)
2026-09-13;Rabat;Institut international privé de management et de technologie;PIIMT;Ingénierie Informatique pour la Prise de Décision et - Données Massives;;2024-2025;échéance atteinte, renouvellement non publié à ce jour;365.24;7313;1589.22 (2022-2023) · 365.24 (2024-2025)
2026-09-13;Rabat;Institut international privé de management et de technologie;PIIMT;Management;;2025-2026;échéance atteinte, renouvellement non publié à ce jour;365.24;7313;1176.23 (2023-2024) · 365.24 (2025-2026)
2026-09-13;Rabat;Institut supérieur Abulcasis de psychologie et sciences de l'éducation — Université internationale Abulcasis des sciences de la santé;UIASS;Psychologie Clinique et Psychopathologie;;2025-2026;échéance atteinte, renouvellement non publié à ce jour;655.25;7431;655.25 (2025-2026)
2026-09-13;Rabat;Institut supérieur Abulcasis de psychologie et sciences de l'éducation — Université internationale Abulcasis des sciences de la santé;UIASS;Sciences de l’Education: Enseignement Primaire;;2025-2026;échéance atteinte, renouvellement non publié à ce jour;655.25;7431;655.25 (2025-2026)
2026-09-13;Rabat;Institut supérieur Abulcasis de psychologie et sciences de l'éducation — Université internationale Abulcasis des sciences de la santé;UIASS;Sciences de l’Education: Management et Leadership Académique;;2025-2026;échéance atteinte, renouvellement non publié à ce jour;655.25;7431;655.25 (2025-2026)
2026-09-13;Rabat;Institut supérieur Vinci d'ingénierie informatique et des réseaux de télécommunications;ISVIIRT;Ingénierie Web et Développement Mobile;;2023-2024;échéance atteinte, renouvellement non publié à ce jour;1589.22;7175;1589.22 (2023-2024)
2026-09-13;Rabat;Institut supérieur Vinci d'ingénierie informatique et des réseaux de télécommunications;ISVIIRT;Intelligence Artificielle, Cyber Sécurité et Technologies de l'Information;;2025-2026;échéance atteinte, renouvellement non publié à ce jour;655.25;7431;655.25 (2025-2026)
2026-09-13;Rabat;Institut supérieur Vinci d'ingénierie informatique et des réseaux de télécommunications;ISVIIRT;Management des Systèmes d’Information;;2023-2024;échéance atteinte, renouvellement non publié à ce jour;1589.22;7175;1589.22 (2023-2024)
2026-09-13;Rabat;Institut supérieur Vinci d'ingénierie informatique et des réseaux de télécommunications;ISVIIRT;Technologies de l'Information;;2025-2026;échéance atteinte, renouvellement non publié à ce jour;365.24;7313;1589.22 (2023-2024) · 365.24 (2025-2026)
2026-09-13;Rabat;Institut supérieur Vinci d'ingénierie informatique et des réseaux de télécommunications;ISVIIRT;Technologies de l’Information et Sciences de Données;;2022-2023;échéance atteinte, renouvellement non publié à ce jour;1589.22;7175;1589.22 (2022-2023)
2026-09-13;Rabat;Institut supérieur Vinci d'ingénierie informatique et des réseaux de télécommunications;ISVIIRT;Technologies de l’Information et Sciences des Données;;2024-2025;échéance atteinte, renouvellement non publié à ce jour;365.24;7313;365.24 (2024-2025)
2026-09-13;Rabat;Institut supérieur d'ingénierie et de technologies de la santé — Université internationale Abulcasis des sciences de la santé;UIASS;Biomedical Engineering;;2025-2026;échéance atteinte, renouvellement non publié à ce jour;655.25;7431;1589.22 (2022-2023) · 365.24 (2024-2025) · 655.25 (2025-2026)
2026-09-13;Rabat;Institut supérieur d'ingénierie et de technologies de la santé — Université internationale Abulcasis des sciences de la santé;UIASS;Techniques de la Santé;Maintenance Biomédicale;2025-2026;échéance atteinte, renouvellement non publié à ce jour;365.24;7313;365.24 (2025-2026)
2026-09-13;Rabat;Institut supérieur de gestion, d'administration et de génie informatique;ISMAGI;Blockchain et Cryptographie;;2025-2026;échéance atteinte, renouvellement non publié à ce jour;365.24;7313;1589.22 (2023-2024) · 365.24 (2025-2026)
2026-09-13;Rabat;Institut supérieur de gestion, d'administration et de génie informatique;ISMAGI;Comptabilité, Contrôle et Audit;;2025-2026;échéance atteinte, renouvellement non publié à ce jour;655.25;7431;1589.22 (2023-2024) · 365.24 (2025-2026) · 365.24 (2024-2025) · 655.25 (2025-2026)
2026-09-13;Rabat;Institut supérieur de gestion, d'administration et de génie informatique;ISMAGI;Cycle Préparatoire Intégré pour le Cycle d'Ingénieur;;2022-2023;échéance atteinte, renouvellement non publié à ce jour;1589.22;7175;1589.22 (2022-2023)
2026-09-13;Rabat;Institut supérieur de gestion, d'administration et de génie informatique;ISMAGI;Cycles Préparatoires Intégrées pour Cycle d'Ingénieur;;2025-2026;échéance atteinte, renouvellement non publié à ce jour;655.25;7431;365.24 (2024-2025) · 655.25 (2025-2026)
2026-09-13;Rabat;Institut supérieur de gestion, d'administration et de génie informatique;ISMAGI;Digital Marketing et Communication;;2025-2026;échéance atteinte, renouvellement non publié à ce jour;655.25;7431;655.25 (2025-2026)
2026-09-13;Rabat;Institut supérieur de gestion, d'administration et de génie informatique;ISMAGI;Diplôme des Etudes Préparatoires en Commerce et Gestion;;2026-2027;accréditation en cours;1246.26;7535;1246.26 (2026-2027)
2026-09-13;Rabat;Institut supérieur de gestion, d'administration et de génie informatique;ISMAGI;Développement Logiciel, Mobile et IoT;;2026-2027;accréditation en cours;1246.26;7535;1246.26 (2026-2027)
2026-09-13;Rabat;Institut supérieur de gestion, d'administration et de génie informatique;ISMAGI;Développement Web et Mobile;;2025-2026;échéance atteinte, renouvellement non publié à ce jour;365.24;7313;1589.22 (2023-2024) · 365.24 (2025-2026)
2026-09-13;Rabat;Institut supérieur de gestion, d'administration et de génie informatique;ISMAGI;Développeur Multimédia et Animation 3D;;2025-2026;échéance atteinte, renouvellement non publié à ce jour;365.24;7313;1589.22 (2023-2024) · 365.24 (2025-2026)
2026-09-13;Rabat;Institut supérieur de gestion, d'administration et de génie informatique;ISMAGI;Fintech et Risk Management;;2025-2026;échéance atteinte, renouvellement non publié à ce jour;655.25;7431;655.25 (2025-2026)
2026-09-13;Rabat;Institut supérieur de gestion, d'administration et de génie informatique;ISMAGI;Gestion Opérationnelle et Stratégies des Entreprises;Gestion des Ressources Humaines · Finance · Marketing;2024-2025;échéance atteinte, renouvellement non publié à ce jour;365.24;7313;1589.22 (2022-2023) · 1176.23 (2023-2024) · 365.24 (2024-2025)
2026-09-13;Rabat;Institut supérieur de gestion, d'administration et de génie informatique;ISMAGI;Gestion des Ressources Humaines;;2025-2026;échéance atteinte, renouvellement non publié à ce jour;365.24;7313;1589.22 (2023-2024) · 365.24 (2025-2026)
2026-09-13;Rabat;Institut supérieur de gestion, d'administration et de génie informatique;ISMAGI;Informatique Embarquée et Robotique;;2026-2027;accréditation en cours;655.25;7431;655.25 (2026-2027)
2026-09-13;Rabat;Institut supérieur de gestion, d'administration et de génie informatique;ISMAGI;Ingénierie Informatique;Intelligence Artificielle et Machine Learning · Business Intelligence et Data Science · Cyber Sécurité et Cloud Computing · Développement Informatique;2026-2027;accréditation en cours;655.25;7431;1589.22 (2023-2024) · 655.25 (2026-2027)
2026-09-13;Rabat;Institut supérieur de gestion, d'administration et de génie informatique;ISMAGI;Ingénierie d'Affaires;;2027-2028;accréditation en cours;1246.26;7535;1246.26 (2027-2028)
2026-09-13;Rabat;Institut supérieur de gestion, d'administration et de génie informatique;ISMAGI;IoT et Data Science;;2024-2025;échéance atteinte, renouvellement non publié à ce jour;365.24;7313;365.24 (2024-2025)
2026-09-13;Rabat;Institut supérieur de gestion, d'administration et de génie informatique;ISMAGI;IoT et Systèmes Intelligents;;2025-2026;échéance atteinte, renouvellement non publié à ce jour;365.24;7313;1589.22 (2023-2024) · 365.24 (2025-2026)
2026-09-13;Rabat;Institut supérieur de gestion, d'administration et de génie informatique;ISMAGI;Logistique, Transport et Commerce International;;2025-2026;échéance atteinte, renouvellement non publié à ce jour;365.24;7313;1589.22 (2023-2024) · 365.24 (2025-2026)
2026-09-13;Rabat;Institut supérieur de gestion, d'administration et de génie informatique;ISMAGI;Management Numérique des Organisations de la Santé;;2025-2026;échéance atteinte, renouvellement non publié à ce jour;655.25;7431;655.25 (2025-2026)
2026-09-13;Rabat;Institut supérieur de gestion, d'administration et de génie informatique;ISMAGI;Management Qualité, Hygiène, Sécurité et Environnement;;2025-2026;échéance atteinte, renouvellement non publié à ce jour;655.25;7431;365.24 (2024-2025) · 655.25 (2025-2026)
2026-09-13;Rabat;Institut supérieur de gestion, d'administration et de génie informatique;ISMAGI;Management des Ressources Humaines et Transformations Digitales;;2025-2026;échéance atteinte, renouvellement non publié à ce jour;655.25;7431;655.25 (2025-2026)
2026-09-13;Rabat;Institut supérieur de gestion, d'administration et de génie informatique;ISMAGI;Management du Sport et Innovation;;2026-2027;accréditation en cours;1246.26;7535;1246.26 (2026-2027)
2026-09-13;Rabat;Institut supérieur de gestion, d'administration et de génie informatique;ISMAGI;Marketing Digital et Développement Commercial;;2025-2026;échéance atteinte, renouvellement non publié à ce jour;365.24;7313;1589.22 (2023-2024) · 365.24 (2025-2026)
2026-09-13;Rabat;Institut supérieur de gestion, d'administration et de génie informatique;ISMAGI;Réalité Virtuelle et Développement des Jeux Vidéo;;2026-2027;accréditation en cours;1246.26;7535;1246.26 (2026-2027)
2026-09-13;Rabat;Institut supérieur de gestion, d'administration et de génie informatique;ISMAGI;Sciences des Données et Biotechnologies;;2026-2027;accréditation en cours;655.25;7431;365.24 (2025-2026) · 655.25 (2026-2027)
2026-09-13;Rabat;Institut supérieur de gestion, d'administration et de génie informatique;ISMAGI;Supply Chain Management et E-Logistique;;2025-2026;échéance atteinte, renouvellement non publié à ce jour;655.25;7431;655.25 (2025-2026)
2026-09-13;Rabat;Institut supérieur des hautes études en développement durable;ISHEDD;Energies et Matériaux;;2025-2026;échéance atteinte, renouvellement non publié à ce jour;365.24;7313;1176.23 (2024-2025) · 365.24 (2025-2026)
2026-09-13;Rabat;Institut supérieur des hautes études en développement durable;ISHEDD;Gestion Intégrée des Ressources et Développement Durable;;2025-2026;échéance atteinte, renouvellement non publié à ce jour;655.25;7431;1176.23 (2023-2024) · 655.25 (2025-2026)
2026-09-13;Rabat;Institut supérieur des hautes études en développement durable;ISHEDD;Gestion, Management et Développement Durable;;2024-2025;échéance atteinte, renouvellement non publié à ce jour;1176.23;7194;1176.23 (2024-2025)
2026-09-13;Rabat;Institut supérieur des hautes études en développement durable;ISHEDD;Management et Développement Durable;;2025-2026;échéance atteinte, renouvellement non publié à ce jour;365.24;7313;365.24 (2025-2026)
2026-09-13;Rabat;Institut supérieur des hautes études en développement durable;ISHEDD;Sciences de l'Eau et de l'Environnement;;2025-2026;échéance atteinte, renouvellement non publié à ce jour;655.25;7431;1176.23 (2023-2024) · 655.25 (2025-2026)
2026-09-13;Rabat;Institut supérieur des hautes études en développement durable;ISHEDD;Sciences de l'Environnement et du Développement - Durable;;2025-2026;échéance atteinte, renouvellement non publié à ce jour;365.24;7313;1176.23 (2024-2025) · 365.24 (2025-2026)
2026-09-13;Rabat;Institut supérieur privé d'ingénierie et des affaires;ISGA;Années Préparatoires en Systèmes Informatiques et Electroniques;;2025-2026;échéance atteinte, renouvellement non publié à ce jour;655.25;7431;655.25 (2025-2026)
2026-09-13;Rabat;Institut supérieur privé d'ingénierie et des affaires;ISGA;Comptabilité et Finance;Comptabilité, Contrôle et Audit · Ingénierie Financière;2025-2026;échéance atteinte, renouvellement non publié à ce jour;655.25;7431;655.25 (2025-2026)
2026-09-13;Rabat;Institut supérieur privé d'ingénierie et des affaires;ISGA;Deux Années préparatoires en Systèmes Informatiques et Electroniques;;2023-2024;échéance atteinte, renouvellement non publié à ce jour;1176.23;7194;1176.23 (2023-2024)
2026-09-13;Rabat;Institut supérieur privé d'ingénierie et des affaires;ISGA;Ingénierie des Systèmes Industriels Intelligents;Systèmes Industriels Intelligents et Contrôle Qualité;2025-2026;échéance atteinte, renouvellement non publié à ce jour;365.24;7313;365.24 (2025-2026)
2026-09-13;Rabat;Institut supérieur privé d'ingénierie et des affaires;ISGA;Ingénierie des Systèmes Industriels Intelligents Systèmes de Production Intelligents et Contrôle Qualité;;2026-2027;accréditation en cours;655.25;7431;655.25 (2026-2027)
2026-09-13;Rabat;Institut supérieur privé d'ingénierie et des affaires;ISGA;Ingénierie des Systèmes Informatiques;Ingénierie des Réseaux, Systèmes et Sécurité · Ingénierie du Développement Web et Mobile · Intelligence Artificielle et Big Data;2026-2027;accréditation en cours;655.25;7431;365.24 (2025-2026) · 655.25 (2026-2027)
2026-09-13;Rabat;Institut supérieur privé d'ingénierie et des affaires;ISGA;Management des Entreprises et Systèmes Digitaux;Finance et Contrôle · Marketing et Commerce;2025-2026;échéance atteinte, renouvellement non publié à ce jour;365.24;7313;1176.23 (2024-2025) · 1176.23 (2023-2024) · 365.24 (2025-2026)
2026-09-13;Rabat;Institut supérieur privé d'ingénierie et des affaires;ISGA;Management des Ressources Humaines;;2026-2027;accréditation en cours;1246.26;7535;1246.26 (2026-2027)
2026-09-13;Rabat;Institut supérieur privé d'ingénierie et des affaires;ISGA;Marketing Digital et E-Commerce;;2025-2026;échéance atteinte, renouvellement non publié à ce jour;655.25;7431;1176.23 (2023-2024) · 655.25 (2025-2026)
2026-09-13;Rabat;Institut supérieur privé des sciences de l'ingénieur (Technologia);Technologia Privée;Cycle Préparatoire en Ingénierie Informatique;;2024-2025;échéance atteinte, renouvellement non publié à ce jour;365.24;7313;365.24 (2024-2025)
2026-09-13;Rabat;Institut supérieur privé des sciences de l'ingénieur (Technologia);Technologia Privée;Deux années préparatoires au cycle Ingénieur;;2022-2023;échéance atteinte, renouvellement non publié à ce jour;1589.22;7175;1589.22 (2022-2023)
2026-09-13;Rabat;Institut supérieur privé des sciences de l'ingénieur (Technologia);Technologia Privée;Système d’Information et Transformation Digitale;;2024-2025;échéance atteinte, renouvellement non publié à ce jour;1176.23;7194;1176.23 (2024-2025)
2026-09-13;Rabat;Institut supérieur privé des sciences de l'ingénieur (Technologia);Technologia Privée;Transformation Digitale;;2024-2025;échéance atteinte, renouvellement non publié à ce jour;365.24;7313;1589.22 (2022-2023) · 365.24 (2024-2025)
2026-09-13;Rabat;Instituts supérieurs des sciences et technologies;SIST;Business Management;Supply Chain and logistique · Finance · Marketing;2027-2028;accréditation en cours;1246.26;7535;1176.23 (2024-2025) · 1176.23 (2023-2024) · 655.25 (2025-2026) · 1246.26 (2027-2028)
2026-09-13;Rabat;Instituts supérieurs des sciences et technologies;SIST;Management Information Systems;;2027-2028;accréditation en cours;1246.26;7535;1176.23 (2024-2025) · 1246.26 (2027-2028)
2026-09-13;Rabat;École d'ingénierie aéronautique — Université internationale de Rabat;UIR;Aerospace Engineering;;2026-2027;accréditation en cours;655.25;7431;655.25 (2026-2027)
2026-09-13;Rabat;École d'ingénierie aéronautique — Université internationale de Rabat;UIR;Automotive Engineering;;2026-2027;accréditation en cours;655.25;7431;655.25 (2026-2027)
2026-09-13;Rabat;École d'ingénierie aéronautique — Université internationale de Rabat;UIR;Two Preparatory Years for the Engineering Cycle;;2025-2026;échéance atteinte, renouvellement non publié à ce jour;655.25;7431;655.25 (2025-2026)
2026-09-13;Rabat;École d'ingénieurs Abulcasis — Université internationale Abulcasis des sciences de la santé;UIASS;Génie Industriel;Biosciences;2024-2025;échéance atteinte, renouvellement non publié à ce jour;1176.23;7194;1176.23 (2024-2025)
2026-09-13;Rabat;École d'ingénieurs Abulcasis — Université internationale Abulcasis des sciences de la santé;UIASS;Génie Informatique des Systèmes d'Information et Bio Analyse;;2026-2027;accréditation en cours;655.25;7431;655.25 (2026-2027)
2026-09-13;Rabat;École d'ingénieurs Abulcasis — Université internationale Abulcasis des sciences de la santé;UIASS;Génie des Procèdes Industriels Pharmaceutiques;;2026-2027;accréditation en cours;655.25;7431;1176.23 (2024-2025) · 655.25 (2026-2027)
2026-09-13;Rabat;École de management (ESLSCA Rabat);ESLSCA;Administration des Affaires;;2025-2026;échéance atteinte, renouvellement non publié à ce jour;365.24;7313;1589.22 (2023-2024) · 365.24 (2025-2026)
2026-09-13;Rabat;École de management (ESLSCA Rabat);ESLSCA;Comptabilité, Contrôle et Audit;;2024-2025;échéance atteinte, renouvellement non publié à ce jour;365.24;7313;365.24 (2024-2025)
2026-09-13;Rabat;École de management (ESLSCA Rabat);ESLSCA;Finance;Finance d’Entreprise · Trading et Finance de Marché;2025-2026;échéance atteinte, renouvellement non publié à ce jour;655.25;7431;1176.23 (2023-2024) · 655.25 (2025-2026)
2026-09-13;Rabat;École de management (ESLSCA Rabat);ESLSCA;Management des Entreprises Touristiques et de l’Evénementiel;;2024-2025;échéance atteinte, renouvellement non publié à ce jour;365.24;7313;365.24 (2024-2025)
2026-09-13;Rabat;École de management (ESLSCA Rabat);ESLSCA;Marketing Digital et E-Business;;2025-2026;échéance atteinte, renouvellement non publié à ce jour;655.25;7431;1176.23 (2023-2024) · 655.25 (2025-2026)
2026-09-13;Rabat;École de management — Université internationale de Rabat;UIR;Agile Project Management and Innovation;;2025-2026;échéance atteinte, renouvellement non publié à ce jour;655.25;7431;655.25 (2025-2026)
2026-09-13;Rabat;École de management — Université internationale de Rabat;UIR;Business Analytics;;2023-2024;échéance atteinte, renouvellement non publié à ce jour;1176.23;7194;1176.23 (2023-2024)
2026-09-13;Rabat;École de management — Université internationale de Rabat;UIR;Business Analytics et Data Science;;2025-2026;échéance atteinte, renouvellement non publié à ce jour;655.25;7431;655.25 (2025-2026)
2026-09-13;Rabat;École de management — Université internationale de Rabat;UIR;Comptabilité, Contrôle et Audit;;2025-2026;échéance atteinte, renouvellement non publié à ce jour;655.25;7431;655.25 (2025-2026)
2026-09-13;Rabat;École de management — Université internationale de Rabat;UIR;Economie;;2026-2027;accréditation en cours;655.25;7431;655.25 (2026-2027)
2026-09-13;Rabat;École de management — Université internationale de Rabat;UIR;Finance et Economie Appliquée;Comptabilité, Contrôle et Audit;2023-2024;échéance atteinte, renouvellement non publié à ce jour;1176.23;7194;1176.23 (2023-2024)
2026-09-13;Rabat;École de management — Université internationale de Rabat;UIR;Grand Ecole Program in Management;Accounting, Management Control and Auditing · International Finance · Supply Chain Management · Human Resources Management · Digital Marketing;2027-2028;accréditation en cours;365.24;7313;365.24 (2027-2028)
2026-09-13;Rabat;École de management — Université internationale de Rabat;UIR;Grande Ecole Programme in Management;Supply Chain Management · Business Analytics · Accounting, Management Control and Auditing · International Finance and Digital Marketing;2026-2027;accréditation en cours;2500.25;7466;655.25 (2026-2027) · 2500.25 (2026-2027)
2026-09-13;Rabat;École de management — Université internationale de Rabat;UIR;Human Capital and Talent Management;;2025-2026;échéance atteinte, renouvellement non publié à ce jour;655.25;7431;655.25 (2025-2026)
2026-09-13;Rabat;École de management — Université internationale de Rabat;UIR;International Business;Business Innovation and Digital Transformaion · International Trade and Shipping Managment;2025-2026;échéance atteinte, renouvellement non publié à ce jour;2500.25;7466;1176.23 (2023-2024) · 655.25 (2025-2026) · 2500.25 (2025-2026)
2026-09-13;Rabat;École de management — Université internationale de Rabat;UIR;International Finance;;2025-2026;échéance atteinte, renouvellement non publié à ce jour;655.25;7431;1589.22 (2022-2023) · 365.24 (2024-2025) · 655.25 (2025-2026)
2026-09-13;Rabat;École de management — Université internationale de Rabat;UIR;International Logistics and Supply Chain Management;Purchasing Management · Supply Chain Management;2023-2024;échéance atteinte, renouvellement non publié à ce jour;1176.23;7194;1176.23 (2023-2024)
2026-09-13;Rabat;École de management — Université internationale de Rabat;UIR;International Program in Management;Finance et Trading · Comptabilité et Audit · Marketing et Stratégie de Marque · Publicité et Communication de Marketing;2025-2026;échéance atteinte, renouvellement non publié à ce jour;365.24;7313;365.24 (2025-2026)
2026-09-13;Rabat;École de management — Université internationale de Rabat;UIR;International Programe in Logistics;;2023-2024;échéance atteinte, renouvellement non publié à ce jour;1589.22;7175;1589.22 (2023-2024)
2026-09-13;Rabat;École de management — Université internationale de Rabat;UIR;International Talents in Business;;2026-2027;accréditation en cours;655.25;7431;655.25 (2026-2027)
2026-09-13;Rabat;École de management — Université internationale de Rabat;UIR;Management International des Ressources Humaines;;2023-2024;échéance atteinte, renouvellement non publié à ce jour;1176.23;7194;1176.23 (2023-2024)
2026-09-13;Rabat;École de management — Université internationale de Rabat;UIR;Management des Entreprises Agroalimentaires;;2024-2025;échéance atteinte, renouvellement non publié à ce jour;365.24;7313;1589.22 (2022-2023) · 365.24 (2024-2025)
2026-09-13;Rabat;École de management — Université internationale de Rabat;UIR;Strategic and Digital Marketing;;2025-2026;échéance atteinte, renouvellement non publié à ce jour;655.25;7431;1176.23 (2023-2024) · 655.25 (2025-2026)
2026-09-13;Rabat;École de management — Université internationale de Rabat;UIR;Supply Chain Management and Purchasing;Supply Chain Management · Gestion des Achats;2025-2026;échéance atteinte, renouvellement non publié à ce jour;655.25;7431;655.25 (2025-2026)
2026-09-13;Rabat;École de tourisme et d'hôtellerie (Ostelea);Ostelea;Management des Entreprises Touristiques et de l'Evénementiel;;2024-2025;échéance atteinte, renouvellement non publié à ce jour;365.24;7313;1589.22 (2022-2023) · 365.24 (2024-2025)
2026-09-13;Rabat;École de tourisme et d'hôtellerie (Ostelea);Ostelea;Management du Tourisme International;;2023-2024;échéance atteinte, renouvellement non publié à ce jour;1589.22;7175;1589.22 (2023-2024)
2026-09-13;Rabat;École de tourisme et d'hôtellerie (Ostelea);Ostelea;Tourisme International;;2023-2024;échéance atteinte, renouvellement non publié à ce jour;1589.22;7175;1589.22 (2023-2024) · 1589.22 (2023-2024)
2026-09-13;Rabat;École des hautes études commerciales;HEC;Commerce International;;2023-2024;échéance atteinte, renouvellement non publié à ce jour;1176.23;7194;1176.23 (2023-2024)
2026-09-13;Rabat;École des hautes études commerciales;HEC;Comptabilité, Contrôle et Audit;;2025-2026;échéance atteinte, renouvellement non publié à ce jour;655.25;7431;1176.23 (2023-2024) · 655.25 (2025-2026)
2026-09-13;Rabat;École des hautes études commerciales;HEC;Economie et Gestion;;2024-2025;échéance atteinte, renouvellement non publié à ce jour;1176.23;7194;1176.23 (2024-2025)
2026-09-13;Rabat;École des hautes études commerciales;HEC;Finance;;2025-2026;échéance atteinte, renouvellement non publié à ce jour;655.25;7431;655.25 (2025-2026)
2026-09-13;Rabat;École des hautes études commerciales;HEC;Gestion;Marketing Digital · Comptabilité et Finance · Commerce International;2025-2026;échéance atteinte, renouvellement non publié à ce jour;365.24;7313;365.24 (2025-2026)
2026-09-13;Rabat;École des hautes études commerciales;HEC;Ingénierie Financière;;2023-2024;échéance atteinte, renouvellement non publié à ce jour;1176.23;7194;1176.23 (2023-2024)
2026-09-13;Rabat;École des hautes études commerciales;HEC;Intelligence Artificielle et Gestion;;2026-2027;accréditation en cours;655.25;7431;655.25 (2026-2027)
2026-09-13;Rabat;École des hautes études commerciales;HEC;Intelligence Artificielle et Management;;2025-2026;échéance atteinte, renouvellement non publié à ce jour;655.25;7431;655.25 (2025-2026)
2026-09-13;Rabat;École des hautes études commerciales;HEC;Logistique et Commerce International;;2025-2026;échéance atteinte, renouvellement non publié à ce jour;655.25;7431;655.25 (2025-2026)
2026-09-13;Rabat;École des hautes études commerciales;HEC;Management Financier;Banque, Finance et Assurance · Comptabilité, Contrôle et Audit;2023-2024;échéance atteinte, renouvellement non publié à ce jour;1589.22;7175;1589.22 (2023-2024)
2026-09-13;Rabat;École des hautes études commerciales;HEC;Management des Ressources Humaines;;2024-2025;échéance atteinte, renouvellement non publié à ce jour;365.24;7313;1589.22 (2022-2023) · 1176.23 (2023-2024) · 365.24 (2024-2025)
2026-09-13;Rabat;École des hautes études commerciales;HEC;Marketing et Communication;Marketing Digital;2023-2024;échéance atteinte, renouvellement non publié à ce jour;1589.22;7175;1589.22 (2023-2024)
2026-09-13;Rabat;École des hautes études commerciales;HEC;Marketing, E- Business and Digital Strategy;;2025-2026;échéance atteinte, renouvellement non publié à ce jour;655.25;7431;1176.23 (2023-2024) · 655.25 (2025-2026)
2026-09-13;Rabat;École des hautes études commerciales et informatiques;HECI;Administration des Affaires;;2025-2026;échéance atteinte, renouvellement non publié à ce jour;365.24;7313;365.24 (2025-2026)
2026-09-13;Rabat;École marocaine d'ingénierie;EMG;Classes Préparatoires;;2025-2026;échéance atteinte, renouvellement non publié à ce jour;655.25;7431;655.25 (2025-2026)
2026-09-13;Rabat;École marocaine d'ingénierie;EMG;Génie Civil;Bâtiments, Ponts et Chaussées · Hydraulique- Hydrologie;2026-2027;accréditation en cours;655.25;7431;1589.22 (2023-2024) · 655.25 (2026-2027)
2026-09-13;Rabat;École marocaine d'ingénierie;EMG;Génie Electrique;Automatique, Robotique et Informatique Industrielle · Electrotechnique, Electronique de Puissance et Energies Renouvelables;2026-2027;accréditation en cours;655.25;7431;1589.22 (2023-2024) · 655.25 (2026-2027)
2026-09-13;Rabat;École marocaine d'ingénierie;EMG;Génie Financier;;2023-2024;échéance atteinte, renouvellement non publié à ce jour;1589.22;7175;1589.22 (2023-2024)
2026-09-13;Rabat;École marocaine d'ingénierie;EMG;Génie Industriel;Maintenance et Risques Industriels · Logistique et Supply Chain · Qualité et Lean Six Sigma;2026-2027;accréditation en cours;655.25;7431;1589.22 (2023-2024) · 655.25 (2026-2027)
2026-09-13;Rabat;École marocaine d'ingénierie;EMG;Génie Informatique;Système d’Information et Cyber Sécurité · Big Data et Intelligence Artificielle · Architecture et Qualité Logicielle;2026-2027;accréditation en cours;655.25;7431;1589.22 (2023-2024) · 655.25 (2026-2027)
2026-09-13;Rabat;École marocaine de la banque et du commerce international;EMBCI;Banque et Commerce International;;2025-2026;échéance atteinte, renouvellement non publié à ce jour;365.24;7313;1589.22 (2023-2024) · 365.24 (2025-2026)
2026-09-13;Rabat;École marocaine de la banque et du commerce international;EMBCI;Banque et Finance;;2025-2026;échéance atteinte, renouvellement non publié à ce jour;655.25;7431;1176.23 (2023-2024) · 655.25 (2025-2026)
2026-09-13;Rabat;École marocaine de la banque et du commerce international;EMBCI;Commerce et Logistique Internationale;;2025-2026;échéance atteinte, renouvellement non publié à ce jour;655.25;7431;1176.23 (2023-2024) · 655.25 (2025-2026)
2026-09-13;Rabat;École marocaine des sciences de l'ingénieur;EMSI;Deux Années Préparatoires au cycle d'ingénieur de la filière Génie Civil, Bâtiments et Travaux Public;;2025-2026;échéance atteinte, renouvellement non publié à ce jour;655.25;7431;655.25 (2025-2026)
2026-09-13;Rabat;École marocaine des sciences de l'ingénieur;EMSI;Deux années Préparatoires au Cycle d'Ingénieur;;2025-2026;échéance atteinte, renouvellement non publié à ce jour;655.25;7431;655.25 (2025-2026)
2026-09-13;Rabat;École marocaine des sciences de l'ingénieur;EMSI;Deux années préparatoires au cycle d'ingénieur de la filière Génie Financier;;2025-2026;échéance atteinte, renouvellement non publié à ce jour;655.25;7431;655.25 (2025-2026)
2026-09-13;Rabat;École marocaine des sciences de l'ingénieur;EMSI;Génie Civil, Bâtiments et Travaux Publics;;2026-2027;accréditation en cours;655.25;7431;1589.22 (2025-2026) · 655.25 (2026-2027)
2026-09-13;Rabat;École marocaine des sciences de l'ingénieur;EMSI;Génie Electrique et Systèmes Intelligents;;2026-2027;accréditation en cours;655.25;7431;655.25 (2026-2027)
2026-09-13;Rabat;École marocaine des sciences de l'ingénieur;EMSI;Génie Financier;Actuariat et Finance · Ingénierie et Corporate Finance;2026-2027;accréditation en cours;655.25;7431;655.25 (2026-2027)
2026-09-13;Rabat;École marocaine des sciences de l'ingénieur;EMSI;Génie Industriel;;2026-2027;accréditation en cours;655.25;7431;1589.22 (2025-2026) · 655.25 (2026-2027)
2026-09-13;Rabat;École marocaine des sciences de l'ingénieur;EMSI;Ingénierie Informatique et Réseaux;Développement Digital et Systèmes d'Information · Cyber Sécurité et Infrastructures Réseaux · Intelligence Artificielle et Sciences de Données;2026-2027;accréditation en cours;655.25;7431;1589.22 (2025-2026) · 655.25 (2026-2027)
2026-09-13;Rabat;École marocaine des sciences de l'ingénieur;EMSI;Ingénierie des Automatismes et Informatique Industrielle;;2026-2027;accréditation en cours;655.25;7431;1589.22 (2025-2026) · 655.25 (2026-2027)
2026-09-13;Rabat;École privée d'ingénierie — Junia Maroc;YNCREA Maroc;Deux Années Cycle Préparatoire;;2025-2026;échéance atteinte, renouvellement non publié à ce jour;655.25;7431;655.25 (2025-2026)
2026-09-13;Rabat;École privée d'ingénierie — Junia Maroc;YNCREA Maroc;Ingénierie Informatique et Systèmes Embarqués;;2027-2028;accréditation en cours;1246.26;7535;1246.26 (2027-2028)
2026-09-13;Rabat;École privée d'ingénierie — Junia Maroc;YNCREA Maroc;Ingénierie des Sciences de l'Electronique et de l'Informatique;Informatique · Electronique;2025-2026;échéance atteinte, renouvellement non publié à ce jour;1589.22;7175;1589.22 (2025-2026)
2026-09-13;Rabat;École supérieure d'architecture d'intérieur;ESAI;Architecture d'Intérieur;;2026-2027;accréditation en cours;1246.26;7535;1246.26 (2027-2028) · 1246.26 (2026-2027)
2026-09-13;Rabat;École supérieure d'architecture de Rabat — Université internationale de Rabat;UIR;Architecture;;2030-2031;accréditation en cours;1246.26;7535;1246.26 (2030-2031)
2026-09-13;Rabat;École supérieure d'informatique et du numérique — Université internationale de Rabat;UIR;Années Préparatoires Intégrées en Génie Biomédicale;;2025-2026;échéance atteinte, renouvellement non publié à ce jour;655.25;7431;655.25 (2025-2026)
2026-09-13;Rabat;École supérieure d'informatique et du numérique — Université internationale de Rabat;UIR;Artificial Intelligence;;2025-2026;échéance atteinte, renouvellement non publié à ce jour;655.25;7431;365.24 (2024-2025) · 655.25 (2025-2026)
2026-09-13;Rabat;École supérieure d'informatique et du numérique — Université internationale de Rabat;UIR;Big Data;;2024-2025;échéance atteinte, renouvellement non publié à ce jour;365.24;7313;3684.21 (2020-2021) · 1589.22 (2022-2023) · 365.24 (2024-2025)
2026-09-13;Rabat;École supérieure d'informatique et du numérique — Université internationale de Rabat;UIR;Computer Science : Big Data and Artificial Intelligence;;2026-2027;accréditation en cours;655.25;7431;365.24 (2025-2026) · 655.25 (2026-2027)
2026-09-13;Rabat;École supérieure d'informatique et du numérique — Université internationale de Rabat;UIR;Computer Science Virtualization;;2025-2026;échéance atteinte, renouvellement non publié à ce jour;365.24;7313;365.24 (2025-2026)
2026-09-13;Rabat;École supérieure d'informatique et du numérique — Université internationale de Rabat;UIR;Computer Science: Cloud Computing and Virtualization;;2026-2027;accréditation en cours;655.25;7431;655.25 (2026-2027)
2026-09-13;Rabat;École supérieure d'informatique et du numérique — Université internationale de Rabat;UIR;Computer Science: Cyber Security;;2026-2027;accréditation en cours;655.25;7431;365.24 (2025-2026) · 655.25 (2026-2027)
2026-09-13;Rabat;École supérieure d'informatique et du numérique — Université internationale de Rabat;UIR;Computer Science: Software Engineering;;2026-2027;accréditation en cours;655.25;7431;365.24 (2025-2026) · 655.25 (2026-2027)
2026-09-13;Rabat;École supérieure d'informatique et du numérique — Université internationale de Rabat;UIR;Deux Années Préparatoires au Cycle Ingénieur;;2025-2026;échéance atteinte, renouvellement non publié à ce jour;655.25;7431;655.25 (2025-2026)
2026-09-13;Rabat;École supérieure d'informatique et du numérique — Université internationale de Rabat;UIR;Deux Années Préparatoires au Cycle Ingénieur Génie Informatique;;2024-2025;échéance atteinte, renouvellement non publié à ce jour;365.24;7313;365.24 (2024-2025)
2026-09-13;Rabat;École supérieure d'informatique et du numérique — Université internationale de Rabat;UIR;Sciences, Techniques et Ingénierie;;2025-2026;échéance atteinte, renouvellement non publié à ce jour;365.24;7313;1589.22 (2023-2024) · 365.24 (2025-2026)
2026-09-13;Rabat;École supérieure de Rabat en management et ingénierie;ESRMI;Cyber Sécurité des Réseaux et des Systèmes d’Information;;2026-2027;accréditation en cours;1246.26;7535;1246.26 (2026-2027)
2026-09-13;Rabat;École supérieure de Rabat en management et ingénierie;ESRMI;Ingénierie des Systèmes d’Information;Audit des Systèmes d’Information · Génie Logiciel et Multimédia;2025-2026;échéance atteinte, renouvellement non publié à ce jour;655.25;7431;1589.22 (2022-2023) · 365.24 (2024-2025) · 655.25 (2025-2026)
2026-09-13;Rabat;École supérieure de Rabat en management et ingénierie;ESRMI;Management;Management Stratégique;2024-2025;échéance atteinte, renouvellement non publié à ce jour;365.24;7313;365.24 (2024-2025)
2026-09-13;Rabat;École supérieure de Rabat en management et ingénierie;ESRMI;Management et Gestion des Entreprises;;2025-2026;échéance atteinte, renouvellement non publié à ce jour;365.24;7313;1589.22 (2023-2024) · 365.24 (2025-2026)
2026-09-13;Rabat;École supérieure de Rabat en management et ingénierie;ESRMI;Management et Stratégie des Entreprises;;2025-2026;échéance atteinte, renouvellement non publié à ce jour;655.25;7431;655.25 (2025-2026)
2026-09-13;Rabat;École supérieure de Rabat en management et ingénierie;ESRMI;Management et Stratégie d’Entreprises;Management Stratégique;2022-2023;échéance atteinte, renouvellement non publié à ce jour;1589.22;7175;1589.22 (2022-2023)
2026-09-13;Rabat;École supérieure de Rabat en management et ingénierie;ESRMI;Marketing Stratégique et Marketing Digital;;2026-2027;accréditation en cours;1246.26;7535;1246.26 (2026-2027)
2026-09-13;Rabat;École supérieure de Rabat en management et ingénierie;ESRMI;Systèmes d’Information;Génie Logiciel · Réseaux Informatiques;2025-2026;échéance atteinte, renouvellement non publié à ce jour;365.24;7313;1589.22 (2023-2024) · 365.24 (2025-2026)
2026-09-13;Rabat;École supérieure de design (Art'Com Sup);Art Com Sup;Architecture d'Intérieur;;2025-2026;échéance atteinte, renouvellement non publié à ce jour;655.25;7431;1589.22 (2023-2024) · 1176.23 (2023-2024) · 365.24 (2025-2026) · 655.25 (2025-2026)
2026-09-13;Rabat;École supérieure de design (Art'Com Sup);Art Com Sup;Communication Visuelle;;2025-2026;échéance atteinte, renouvellement non publié à ce jour;365.24;7313;1589.22 (2023-2024) · 365.24 (2025-2026)
2026-09-13;Rabat;École supérieure de design (Art'Com Sup);Art Com Sup;Design Graphique et Digital;;2025-2026;échéance atteinte, renouvellement non publié à ce jour;655.25;7431;1589.22 (2023-2024) · 1176.23 (2023-2024) · 365.24 (2025-2026) · 655.25 (2025-2026)
2026-09-13;Rabat;École supérieure de design (Art'Com Sup);Art Com Sup;Design d’Intérieur;;2023-2024;échéance atteinte, renouvellement non publié à ce jour;1589.22;7175;1589.22 (2023-2024)
2026-09-13;Rabat;École supérieure de l'énergie, de l'environnement et du génie civil — Université internationale de Rabat;UIR;Cycle Préparatoire Intégré pour Le Génie Civil;;2025-2026;échéance atteinte, renouvellement non publié à ce jour;655.25;7431;655.25 (2025-2026)
2026-09-13;Rabat;École supérieure de l'énergie, de l'environnement et du génie civil — Université internationale de Rabat;UIR;Energie Hydrogène;;2025-2026;échéance atteinte, renouvellement non publié à ce jour;655.25;7431;365.24 (2024-2025) · 655.25 (2025-2026)
2026-09-13;Rabat;École supérieure de l'énergie, de l'environnement et du génie civil — Université internationale de Rabat;UIR;Energétique et Energie Renouvelable;Ingénierie des Systèmes Energétiques et des Energies Renouvelables · Hydrogène;2026-2027;accréditation en cours;655.25;7431;1176.23 (2026-2027) · 655.25 (2026-2027)
2026-09-13;Rabat;École supérieure de l'énergie, de l'environnement et du génie civil — Université internationale de Rabat;UIR;Génie Civil;;2026-2027;accréditation en cours;655.25;7431;655.25 (2026-2027)
2026-09-13;Rabat;École supérieure de l'énergie, de l'environnement et du génie civil — Université internationale de Rabat;UIR;Sciences et Techniques de l’Ingénieur;;2025-2026;échéance atteinte, renouvellement non publié à ce jour;655.25;7431;655.25 (2025-2026)
2026-09-13;Rabat;École supérieure de management, d'informatique et de télécommunication;SUPMTI;Business Administration;;2025-2026;échéance atteinte, renouvellement non publié à ce jour;655.25;7431;1589.22 (2023-2024) · 547.24 (2023-2024) · 365.24 (2025-2026) · 365.24 (2025-2026) · 655.25 (2025-2026)
2026-09-13;Rabat;École supérieure de management, d'informatique et de télécommunication;SUPMTI;Classes Préparatoires des Technologies de l’Information;;2025-2026;échéance atteinte, renouvellement non publié à ce jour;655.25;7431;365.24 (2024-2025) · 655.25 (2025-2026)
2026-09-13;Rabat;École supérieure de management, d'informatique et de télécommunication;SUPMTI;Classes Préparatoires en Transformation Digitale de l'Industrie;;2025-2026;échéance atteinte, renouvellement non publié à ce jour;655.25;7431;365.24 (2024-2025) · 655.25 (2025-2026)
2026-09-13;Rabat;École supérieure de management, d'informatique et de télécommunication;SUPMTI;Computer Engineering;;2025-2026;échéance atteinte, renouvellement non publié à ce jour;365.24;7313;365.24 (2025-2026)
2026-09-13;Rabat;École supérieure de management, d'informatique et de télécommunication;SUPMTI;Cycle Préparatoire des Technologies de l’Information;;2022-2023;échéance atteinte, renouvellement non publié à ce jour;1589.22;7175;1589.22 (2022-2023)
2026-09-13;Rabat;École supérieure de management, d'informatique et de télécommunication;SUPMTI;Cycle Préparatoire en Transformation Digitale de l'Industrie;;2022-2023;échéance atteinte, renouvellement non publié à ce jour;1589.22;7175;1589.22 (2022-2023)
2026-09-13;Rabat;École supérieure de management, d'informatique et de télécommunication;SUPMTI;Génie Informatique;Ingénierie des Systèmes d'Information · Ingénierie Data Science et IoT · Ingénierie des Systèmes, Réseaux et Cloud;2026-2027;accréditation en cours;655.25;7431;1589.22 (2023-2024) · 655.25 (2026-2027)
2026-09-13;Rabat;École supérieure de management, d'informatique et de télécommunication;SUPMTI;Information Technology;Science des Données et Génie Logiciel · Cyber Security;2025-2026;échéance atteinte, renouvellement non publié à ce jour;655.25;7431;1589.22 (2023-2024) · 1176.23 (2023-2024) · 365.24 (2025-2026) · 655.25 (2025-2026)
2026-09-13;Rabat;École supérieure de management, d'informatique et de télécommunication;SUPMTI;Ingénierie Industrielle et Logistique;;2024-2025;échéance atteinte, renouvellement non publié à ce jour;365.24;7313;1589.22 (2022-2023) · 365.24 (2024-2025)
2026-09-13;Rabat;École supérieure de management, d'informatique et de télécommunication;SUPMTI;Ingénierie des Systèmes Informatiques;Systèmes d'Informations et Data Science · Administration des Systèmes et Réseaux · Intelligence Artificielle et Smart Systèmes;2025-2026;échéance atteinte, renouvellement non publié à ce jour;655.25;7431;1589.22 (2023-2024) · 1176.23 (2023-2024) · 1341.23 (2021-2022) · 365.24 (2025-2026) · 655.25 (2025-2026)
2026-09-13;Rabat;École supérieure de management, d'informatique et de télécommunication;SUPMTI;Management Industriel et Energies Renouvelables;;2025-2026;échéance atteinte, renouvellement non publié à ce jour;365.24;7313;365.24 (2025-2026)
2026-09-13;Rabat;École supérieure de management, d'informatique et de télécommunication;SUPMTI;Management Industriel et Logistique;;2023-2024;échéance atteinte, renouvellement non publié à ce jour;1589.22;7175;1589.22 (2023-2024)
2026-09-13;Rabat;École supérieure de management, d'informatique et de télécommunication;SUPMTI;Management de Transport et Logistique;;2025-2026;échéance atteinte, renouvellement non publié à ce jour;365.24;7313;365.24 (2025-2026)
2026-09-13;Rabat;École supérieure de management, d'informatique et de télécommunication;SUPMTI;Management de la Chaîne Logistique;Achat, Transport et Logistique · Qualité et Management Industriel;2024-2025;échéance atteinte, renouvellement non publié à ce jour;365.24;7313;365.24 (2024-2025)
2026-09-13;Rabat;École supérieure de management, d'informatique et de télécommunication;SUPMTI;Management des Affaires;;2025-2026;échéance atteinte, renouvellement non publié à ce jour;365.24;7313;1589.22 (2023-2024) · 365.24 (2025-2026)
2026-09-13;Rabat;École supérieure de management, d'informatique et de télécommunication;SUPMTI;Management des Entreprises;Comptabilité, Contrôle et Audit · Marketing et Actions Commerciales · Management des Banques et Structures Financières;2025-2026;échéance atteinte, renouvellement non publié à ce jour;655.25;7431;1176.23 (2023-2024) · 655.25 (2025-2026)
2026-09-13;Rabat;École supérieure de management, d'informatique et de télécommunication;SUPMTI;Management des Ressources Humaines;;2025-2026;échéance atteinte, renouvellement non publié à ce jour;655.25;7431;365.24 (2024-2025) · 655.25 (2025-2026)
2026-09-13;Rabat;École supérieure de management, d'informatique et de télécommunication;SUPMTI;Management des Systèmes d'Information;Management de la Chaîne Logistique · Management des Systèmes et Technologies d'Information et de Communication · Système d'Information Marketing;2025-2026;échéance atteinte, renouvellement non publié à ce jour;655.25;7431;655.25 (2025-2026)
2026-09-13;Rabat;École supérieure de management, d'informatique et de télécommunication;SUPMTI;Management et Développement International;;2025-2026;échéance atteinte, renouvellement non publié à ce jour;365.24;7313;1589.22 (2023-2024) · 365.24 (2025-2026)
2026-09-13;Rabat;École supérieure de management, d'informatique et de télécommunication;SUPMTI;Management et Relations Internationales;Finance Internationale · Gouvernance et Management des Affaires Internationales;2025-2026;échéance atteinte, renouvellement non publié à ce jour;655.25;7431;1176.23 (2023-2024) · 655.25 (2025-2026)
2026-09-13;Rabat;École supérieure de management, d'informatique et de télécommunication;SUPMTI;Transformation Digitale de l'Industrie;Transformation Digitale Energétique et Renouvelable · Transformation Digitale Industrielle et Logistique;2026-2027;accréditation en cours;655.25;7431;1589.22 (2023-2024) · 655.25 (2026-2027)
2026-09-13;Rabat;École supérieure de technologie du Maroc (High-Tech);High-Tech;Finance, Audit et Contrôle de Gestion;;2025-2026;échéance atteinte, renouvellement non publié à ce jour;655.25;7431;365.24 (2024-2025) · 655.25 (2025-2026)
2026-09-13;Rabat;École supérieure de technologie du Maroc (High-Tech);High-Tech;Ingénierie et Cyber Sécurité;;2026-2027;accréditation en cours;2500.25;7466;1589.22 (2023-2024) · 2500.25 (2026-2027)
2026-09-13;Rabat;École supérieure de technologie du Maroc (High-Tech);High-Tech;Management;Finance d’Entreprise · Management et Logistique · Marketing et Communication · Gestion des Ressources Humaines;2024-2025;échéance atteinte, renouvellement non publié à ce jour;365.24;7313;1589.22 (2022-2023) · 1176.23 (2024-2025) · 1176.23 (2023-2024) · 365.24 (2025-2026) · 365.24 (2024-2025)
2026-09-13;Rabat;École supérieure de technologie du Maroc (High-Tech);High-Tech;Management et Transformations Digitales;Gestion des Ressources Humaines · Marketing et E-Communications · Logistique et Achats;2025-2026;échéance atteinte, renouvellement non publié à ce jour;655.25;7431;655.25 (2025-2026)
2026-09-13;Rabat;École supérieure de technologie du Maroc (High-Tech);High-Tech;Sciences de l’Ingénieur;Cyber Sécurité · Génie Logiciel · Intelligence Artificielle et Data Sciences;2027-2028;accréditation en cours;1246.26;7535;1176.23 (2024-2025) · 1176.23 (2023-2024) · 365.24 (2025-2026) · 655.25 (2025-2026) · 1246.26 (2027-2028)
2026-09-13;Rabat;École supérieure des sciences et technologies de l'ingénierie;ESSTI;Classes préparatoires Intégrées;;2024-2025;échéance atteinte, renouvellement non publié à ce jour;365.24;7313;365.24 (2024-2025)
2026-09-13;Rabat;École supérieure des sciences et technologies de l'ingénierie;ESSTI;Classes préparatoires au Cycle d'Ingénieur;;2025-2026;échéance atteinte, renouvellement non publié à ce jour;655.25;7431;655.25 (2025-2026)
2026-09-13;Rabat;École supérieure des sciences et technologies de l'ingénierie;ESSTI;Cycle Préparatoire Intégré;;2022-2023;échéance atteinte, renouvellement non publié à ce jour;1589.22;7175;1589.22 (2022-2023)
2026-09-13;Rabat;École supérieure des sciences et technologies de l'ingénierie;ESSTI;Génie Civil , Bâtiment et Travaux Publics;;2026-2027;accréditation en cours;655.25;7431;1589.22 (2023-2024) · 655.25 (2026-2027)
2026-09-13;Rabat;École supérieure des sciences et technologies de l'ingénierie;ESSTI;Ingénierie Informatique et BIG DATA;;2023-2024;échéance atteinte, renouvellement non publié à ce jour;1589.22;7175;1589.22 (2023-2024)
2026-09-13;Rabat;École supérieure des sciences et technologies de l'ingénierie;ESSTI;Ingénierie des Systèmes Automatisés;;2025-2026;échéance atteinte, renouvellement non publié à ce jour;365.24;7313;365.24 (2025-2026)
2026-09-13;Rabat;École supérieure des sciences et technologies de l'ingénierie;ESSTI;Ingénierie des Systèmes Industriels;;2026-2027;accréditation en cours;655.25;7431;365.24 (2025-2026) · 655.25 (2026-2027)
2026-09-13;Rabat;École supérieure des sciences paramédicales de Rabat — Université internationale de Rabat;UIR;Diététique et Nutrition;;2025-2026;échéance atteinte, renouvellement non publié à ce jour;365.24;7313;365.24 (2025-2026)
2026-09-13;Rabat;École supérieure des sciences paramédicales de Rabat — Université internationale de Rabat;UIR;Infirmier Polyvalent;;2026-2027;accréditation en cours;655.25;7431;1589.22 (2023-2024) · 655.25 (2026-2027)
2026-09-13;Rabat;École supérieure des sciences paramédicales de Rabat — Université internationale de Rabat;UIR;Infirmier en Anesthésie et Réanimation;;2026-2027;accréditation en cours;655.25;7431;1589.22 (2023-2024) · 655.25 (2026-2027)
2026-09-13;Rabat;École supérieure des sciences paramédicales de Rabat — Université internationale de Rabat;UIR;Infirmier en Soins d'Urgence et Soins Intensifs;;2023-2024;échéance atteinte, renouvellement non publié à ce jour;1589.22;7175;1589.22 (2023-2024)
2026-09-13;Rabat;École supérieure des sciences paramédicales de Rabat — Université internationale de Rabat;UIR;Kinésithérapie;;2027-2028;accréditation en cours;1246.26;7535;1246.26 (2027-2028)
2026-09-13;Rabat;École supérieure des sciences paramédicales de Rabat — Université internationale de Rabat;UIR;Nutrition Clinique;;2026-2027;accréditation en cours;1246.26;7535;1246.26 (2026-2027)
2026-09-13;Rabat;École supérieure des sciences paramédicales de Rabat — Université internationale de Rabat;UIR;Nutrition Humaine et Techniques Nucléaires;;2025-2026;échéance atteinte, renouvellement non publié à ce jour;655.25;7431;365.24 (2024-2025) · 655.25 (2025-2026)
2026-09-13;Rabat;École supérieure des sciences paramédicales de Rabat — Université internationale de Rabat;UIR;Sciences Infirmières;;2026-2027;accréditation en cours;1246.26;7535;1246.26 (2026-2027)
2026-09-13;Rabat;École supérieure des sciences paramédicales de Rabat — Université internationale de Rabat;UIR;Technicien de laboratoire;;2026-2027;accréditation en cours;655.25;7431;655.25 (2026-2027)
2026-09-13;Rabat;École supérieure des sciences paramédicales de Rabat — Université internationale de Rabat;UIR;Techniques de la Santé Imagerie Médicale;;2026-2027;accréditation en cours;655.25;7431;655.25 (2026-2027)
2026-09-13;Rabat;École supérieure privée d'ingénierie biomédicale — Université internationale de Rabat;UIR;Génie Biomédical;;2027-2028;accréditation en cours;1246.26;7535;1246.26 (2027-2028)
2026-09-13;Rabat;École supérieure privée d'optique appliquée et du paramédical;ESO;Audioprothèse;;2027-2028;accréditation en cours;1246.26;7535;1246.26 (2027-2028)
2026-09-13;Rabat;École supérieure privée d'optique appliquée et du paramédical;ESO;Management et Marketing d'Optique;;2026-2027;accréditation en cours;1246.26;7535;1246.26 (2026-2027)
2026-09-13;Rabat;École supérieure privée d'optique appliquée et du paramédical;ESO;Orthophonie;;2026-2027;accréditation en cours;655.25;7431;655.25 (2026-2027)
2026-09-13;Rabat;École supérieure privée du paramédical et de la rééducation;EDUMED;Kinésithérapie et Physiothérapie;;2025-2026;échéance atteinte, renouvellement non publié à ce jour;365.24;7313;365.24 (2025-2026)
2026-09-13;Rabat;École supérieure privée du paramédical et de la rééducation;EDUMED;Orthophonie;;2025-2026;échéance atteinte, renouvellement non publié à ce jour;365.24;7313;365.24 (2025-2026)
2026-09-13;Rabat;École supérieure privée du paramédical et de la rééducation;EDUMED;Psychomotricité;;2025-2026;échéance atteinte, renouvellement non publié à ce jour;365.24;7313;365.24 (2025-2026)
2026-09-13;Salé;École des arts et métiers — campus de Rabat;EAMR;Génie Mécanique et Industrie 4.0;;2026-2027;accréditation en cours;655.25;7431;365.24 (2025-2026) · 655.25 (2026-2027)
2026-09-13;Salé;École des arts et métiers — campus de Rabat;EAMR;Technologies pour l’Industrie du futur;;2025-2026;échéance atteinte, renouvellement non publié à ce jour;365.24;7313;365.24 (2025-2026)
2026-09-13;Salé;École supérieure des sciences économiques et commerciales;ESSEC;Financial Engineering and Data Analysis;;2025-2026;échéance atteinte, renouvellement non publié à ce jour;655.25;7431;655.25 (2025-2026)
2026-09-13;Salé;École supérieure des sciences économiques et commerciales;ESSEC;Gestion des Entreprises, Innovation et Management Digital;;2025-2026;échéance atteinte, renouvellement non publié à ce jour;365.24;7313;365.24 (2025-2026)
2026-09-13;Salé;École supérieure des sciences économiques et commerciales;ESSEC;International Business and Supply Chain Management;;2025-2026;échéance atteinte, renouvellement non publié à ce jour;655.25;7431;655.25 (2025-2026)
2026-09-13;Salé;École supérieure des sciences économiques et commerciales;ESSEC;Sciences de gestion;Business International · Finance et Data;2026-2027;accréditation en cours;655.25;7431;655.25 (2026-2027)
2026-09-13;Salé;École supérieure privée des sciences et de l'ingénierie Abi Regreg;ESSIB;Classes Préparatoires Intégrées;;2024-2025;échéance atteinte, renouvellement non publié à ce jour;365.24;7313;365.24 (2024-2025)
2026-09-13;Salé;École supérieure privée des sciences et de l'ingénierie Abi Regreg;ESSIB;Génie Informatique;Ingénierie Web et Mobile · Ingénierie Data et Intelligence Artificielle;2025-2026;échéance atteinte, renouvellement non publié à ce jour;365.24;7313;365.24 (2025-2026)
2026-09-13;Salé;École supérieure privée des sciences et de l'ingénierie Abi Regreg;ESSIB;Génie civil;Bâtiments, Ponts et Chaussées · Travaux Publics, Hydraulique et Environnement;2025-2026;échéance atteinte, renouvellement non publié à ce jour;365.24;7313;365.24 (2025-2026)
2026-09-13;Settat;École supérieure des réseaux informatiques et du management;ESRIM;Big Data and Data Analyst;;2025-2026;échéance atteinte, renouvellement non publié à ce jour;655.25;7431;655.25 (2025-2026)
2026-09-13;Settat;École supérieure des réseaux informatiques et du management;ESRIM;Business Intelligent et Management de Projet;;2025-2026;échéance atteinte, renouvellement non publié à ce jour;655.25;7431;655.25 (2025-2026)
2026-09-13;Settat;École supérieure des réseaux informatiques et du management;ESRIM;Développement d'Applications Digitales et Informatiques;;2023-2024;échéance atteinte, renouvellement non publié à ce jour;1589.22;7175;1589.22 (2023-2024)
2026-09-13;Settat;École supérieure des réseaux informatiques et du management;ESRIM;Gestion Financière de l'Entreprise;;2025-2026;échéance atteinte, renouvellement non publié à ce jour;655.25;7431;1589.22 (2022-2023) · 365.24 (2024-2025) · 655.25 (2025-2026)
2026-09-13;Settat;École supérieure des réseaux informatiques et du management;ESRIM;Génie Informatique;Génie logiciel · Numérisation et Digitalisation de l'Entreprise;2025-2026;échéance atteinte, renouvellement non publié à ce jour;365.24;7313;365.24 (2025-2026)
2026-09-13;Settat;École supérieure des réseaux informatiques et du management;ESRIM;Management du Capital Humain;;2025-2026;échéance atteinte, renouvellement non publié à ce jour;655.25;7431;1176.23 (2023-2024) · 655.25 (2025-2026)
2026-09-13;Settat;École supérieure des réseaux informatiques et du management;ESRIM;Management et Gestion des Entreprises;Comptabilité et Finances · Marketing et Commerce Numérique;2025-2026;échéance atteinte, renouvellement non publié à ce jour;365.24;7313;1589.22 (2023-2024) · 365.24 (2025-2026)
2026-09-13;Settat;École supérieure des réseaux informatiques et du management;ESRIM;Marketing et Communication Digitale;;2025-2026;échéance atteinte, renouvellement non publié à ce jour;655.25;7431;1589.22 (2022-2023) · 365.24 (2024-2025) · 655.25 (2025-2026)
2026-09-13;Tanger;Institut supérieur de management et des médias;SUP'MM;Commerce et Gestion des Entreprises;Commerce International, Logistique et Transport · Gestion Financière, Audit et contrôle de gestion;2023-2024;échéance atteinte, renouvellement non publié à ce jour;1176.23;7194;1176.23 (2023-2024)
2026-09-13;Tanger;Institut supérieur de management et des médias;SUP'MM;Journalisme et Communication;Communication Audiovisuelle et Marketing Digital · Médias et Communication Digitale;2024-2025;échéance atteinte, renouvellement non publié à ce jour;365.24;7313;365.24 (2024-2025)
2026-09-13;Tanger;Institut supérieur de management et des médias;SUP'MM;Journalisme, Communication et Information;Communication et Marketing Digital · Journalisme et Médias;2023-2024;échéance atteinte, renouvellement non publié à ce jour;1589.22;7175;1589.22 (2023-2024) · 1589.22 (2023-2024)
2026-09-13;Tanger;Institut supérieur de management et des médias;SUP'MM;Management et Gestion des Entreprises;Finance, Comptabilité et Audit · Marketing, Commerce, Logistique et Transport;2023-2024;échéance atteinte, renouvellement non publié à ce jour;1589.22;7175;1589.22 (2023-2024)
2026-09-13;Tanger;Instituts supérieurs des sciences et technologies;SIST;Business Management;Supply Chain and Logistique · Finance · Marketing;2027-2028;accréditation en cours;1246.26;7535;1176.23 (2024-2025) · 1176.23 (2023-2024) · 655.25 (2025-2026) · 1246.26 (2027-2028)
2026-09-13;Tanger;Instituts supérieurs des sciences et technologies;SIST;Digital Marketing;;2025-2026;échéance atteinte, renouvellement non publié à ce jour;655.25;7431;365.24 (2024-2025) · 655.25 (2025-2026)
2026-09-13;Tanger;Instituts supérieurs des sciences et technologies;SIST;Information Systems Security Management;;2026-2027;accréditation en cours;1246.26;7535;1246.26 (2026-2027)
2026-09-13;Tanger;Instituts supérieurs des sciences et technologies;SIST;Management Information Systems;;2026-2027;accréditation en cours;655.25;7431;1589.22 (2023-2024) · 655.25 (2026-2027)
2026-09-13;Tanger;Instituts supérieurs des sciences et technologies;SIST;Sport Management;;2027-2028;accréditation en cours;1246.26;7535;1246.26 (2027-2028)
2026-09-13;Tanger;École des sciences modernes et d'ingénierie;ENSIT;Commerce et Gestion;Finance, Audit et Contrôle de gestion · Logistique et Commerce International · Marketing et Techniques Commerciales;2025-2026;échéance atteinte, renouvellement non publié à ce jour;365.24;7313;1589.22 (2023-2024) · 365.24 (2025-2026)
2026-09-13;Tanger;École des sciences modernes et d'ingénierie;ENSIT;Finance, Audit et Contrôle de gestion;;2025-2026;échéance atteinte, renouvellement non publié à ce jour;655.25;7431;365.24 (2024-2025) · 655.25 (2025-2026)
2026-09-13;Tanger;École des sciences modernes et d'ingénierie;ENSIT;Gestion de Patrimoine et Procédures Foncières;;2026-2027;accréditation en cours;1246.26;7535;1246.26 (2026-2027)
2026-09-13;Tanger;École des sciences modernes et d'ingénierie;ENSIT;Gouvernance, Management des Ressources Humaines et Ingénierie de Formation;Management des Ressources Humaines · Ingénierie de Formation;2025-2026;échéance atteinte, renouvellement non publié à ce jour;655.25;7431;655.25 (2025-2026)
2026-09-13;Tanger;École des sciences modernes et d'ingénierie;ENSIT;Génie Civil;Constructions Industrielles et Bâtiments · Ponts et Chaussées;2026-2027;accréditation en cours;655.25;7431;1589.22 (2025-2026) · 655.25 (2026-2027)
2026-09-13;Tanger;École des sciences modernes et d'ingénierie;ENSIT;Génie Industriel;Design et Performance Industrielle · Energétique;2026-2027;accréditation en cours;655.25;7431;1589.22 (2025-2026) · 655.25 (2026-2027)
2026-09-13;Tanger;École des sciences modernes et d'ingénierie;ENSIT;Génie Informatique;Ingénierie d'Applications Web et Mobile · Ingénierie de la Cyber Sécurité · Sciences des Données, Big Data et Intelligence Artificielle;2026-2027;accréditation en cours;655.25;7431;365.24 (2025-2026) · 655.25 (2026-2027)
2026-09-13;Tanger;École des sciences modernes et d'ingénierie;ENSIT;Informatique Appliquée à la Gestion;;2026-2027;accréditation en cours;1246.26;7535;1246.26 (2026-2027)
2026-09-13;Tanger;École des sciences modernes et d'ingénierie;ENSIT;Logistique et Supply Chain Management;;2025-2026;échéance atteinte, renouvellement non publié à ce jour;655.25;7431;365.24 (2024-2025) · 655.25 (2025-2026)
2026-09-13;Tanger;École des sciences modernes et d'ingénierie;ENSIT;Management Public et Gouvernance Territoriale;;2025-2026;échéance atteinte, renouvellement non publié à ce jour;655.25;7431;655.25 (2025-2026)
2026-09-13;Tanger;École des sciences modernes et d'ingénierie;ENSIT;Management et Stratégie de l’Entreprise;;2023-2024;échéance atteinte, renouvellement non publié à ce jour;1176.23;7194;1176.23 (2023-2024)
2026-09-13;Tanger;École des sciences modernes et d'ingénierie;ENSIT;Marketing, Communication et Stratégie Digitale;;2025-2026;échéance atteinte, renouvellement non publié à ce jour;655.25;7431;365.24 (2024-2025) · 655.25 (2025-2026)
2026-09-13;Tanger;École des sciences modernes et d'ingénierie;ENSIT;Sciences de l'Ingénierie;;2025-2026;échéance atteinte, renouvellement non publié à ce jour;655.25;7431;1176.23 (2023-2024) · 655.25 (2025-2026)
2026-09-13;Tanger;École marocaine des sciences de l'ingénieur;EMSI;Cycle Préparatoire au Cycle d'Ingénieur;;2022-2023;échéance atteinte, renouvellement non publié à ce jour;1589.22;7175;1589.22 (2022-2023)
2026-09-13;Tanger;École marocaine des sciences de l'ingénieur;EMSI;Cycle Préparatoire au Cycle d'Ingénieur en Génie Civil Bâtiment et Travaux Publics;;2022-2023;échéance atteinte, renouvellement non publié à ce jour;1589.22;7175;1589.22 (2022-2023)
2026-09-13;Tanger;École marocaine des sciences de l'ingénieur;EMSI;Cycle Préparatoire au Cycle d'Ingénieur en Génie Financier;;2022-2023;échéance atteinte, renouvellement non publié à ce jour;1589.22;7175;1589.22 (2022-2023)
2026-09-13;Tanger;École marocaine des sciences de l'ingénieur;EMSI;Deux Années Préparatoires au Cycle d'Ingénieur;;2025-2026;échéance atteinte, renouvellement non publié à ce jour;655.25;7431;655.25 (2025-2026)
2026-09-13;Tanger;École marocaine des sciences de l'ingénieur;EMSI;Deux Années Préparatoires au Cycle d'Ingénieur de la filière Génie Civil, Bâtiments et Travaux Publics;;2025-2026;échéance atteinte, renouvellement non publié à ce jour;655.25;7431;655.25 (2025-2026)
2026-09-13;Tanger;École marocaine des sciences de l'ingénieur;EMSI;Deux Années Préparatoires au Cycle d'Ingénieur de la filière Génie Financier;;2025-2026;échéance atteinte, renouvellement non publié à ce jour;655.25;7431;655.25 (2025-2026)
2026-09-13;Tanger;École marocaine des sciences de l'ingénieur;EMSI;Deux Années Préparatoires au Cycle d'Ingénieur des filières Ingénierie Informatique et Réseaux, Ingénierie des Automatismes et Informatique Industrielle et Génie Industriel;;2024-2025;échéance atteinte, renouvellement non publié à ce jour;365.24;7313;365.24 (2024-2025)
2026-09-13;Tanger;École marocaine des sciences de l'ingénieur;EMSI;Deux Années Préparatoires au Cycle d’Ingénieur Génie Civil, Bâtiments Et Travaux Publics;;2024-2025;échéance atteinte, renouvellement non publié à ce jour;365.24;7313;365.24 (2024-2025)
2026-09-13;Tanger;École marocaine des sciences de l'ingénieur;EMSI;Deux Années Préparatoires au Cycle d’Ingénieur Génie Financier;;2024-2025;échéance atteinte, renouvellement non publié à ce jour;365.24;7313;365.24 (2024-2025)
2026-09-13;Tanger;École marocaine des sciences de l'ingénieur;EMSI;Génie Civil, Bâtiments et Travaux Publics;;2026-2027;accréditation en cours;655.25;7431;1589.22 (2023-2024) · 655.25 (2026-2027)
2026-09-13;Tanger;École marocaine des sciences de l'ingénieur;EMSI;Génie Electrique et Systèmes Intelligents;;2026-2027;accréditation en cours;655.25;7431;655.25 (2026-2027)
2026-09-13;Tanger;École marocaine des sciences de l'ingénieur;EMSI;Génie Financier;Actuariat et Finance · Ingénierie et Corporate Finance;2026-2027;accréditation en cours;655.25;7431;1589.22 (2023-2024) · 655.25 (2026-2027)
2026-09-13;Tanger;École marocaine des sciences de l'ingénieur;EMSI;Génie Industriel;;2026-2027;accréditation en cours;655.25;7431;1589.22 (2023-2024) · 655.25 (2026-2027)
2026-09-13;Tanger;École marocaine des sciences de l'ingénieur;EMSI;Ingénierie Informatique et Réseaux;Développement Digitale et Systèmes d’Information · Cyber Sécurité et Infrastructures Réseaux · Intelligence Artificielle et Sciences de Données;2026-2027;accréditation en cours;655.25;7431;1589.22 (2023-2024) · 655.25 (2026-2027)
2026-09-13;Tanger;École marocaine des sciences de l'ingénieur;EMSI;Ingénierie des Automatismes et Informatique Industrielle;;2026-2027;accréditation en cours;655.25;7431;1589.22 (2023-2024) · 655.25 (2026-2027)
2026-09-13;Tanger;École privée des métiers du commerce, de la gestion et de l'informatique (EMCGI);EMCGI;Ingénierie Financière;;2023-2024;échéance atteinte, renouvellement non publié à ce jour;1176.23;7194;1176.23 (2023-2024)
2026-09-13;Tanger;École privée des métiers du commerce, de la gestion et de l'informatique (EMCGI);EMCGI;Ingénierie Marketing et Logistique;;2025-2026;échéance atteinte, renouvellement non publié à ce jour;655.25;7431;1176.23 (2023-2024) · 655.25 (2025-2026)
2026-09-13;Tanger;École privée des métiers du commerce, de la gestion et de l'informatique (EMCGI);EMCGI;Management des Entreprises;;2025-2026;échéance atteinte, renouvellement non publié à ce jour;365.24;7313;1589.22 (2023-2024) · 365.24 (2025-2026)
2026-09-13;Tanger;École supérieure de finance et d'audit;Finan Sup;Comptabilité, Finance et audit;;2023-2024;échéance atteinte, renouvellement non publié à ce jour;1589.22;7175;1589.22 (2023-2024)
2026-09-13;Tanger;École supérieure de management des entreprises du Détroit (MEDSUP);MEDSUP;Management;Commerce International et Logistique · Gestion Administrative et Comptable · Marketing Digital;2027-2028;accréditation en cours;1246.26;7535;1176.23 (2024-2025) · 1246.26 (2027-2028)
2026-09-13;Tanger;École supérieure de management des entreprises du Détroit (MEDSUP);MEDSUP;Management des Affaires et Stratégie;Transport et Logistique · Marketing et Vente;2024-2025;échéance atteinte, renouvellement non publié à ce jour;365.24;7313;1589.22 (2022-2023) · 1176.23 (2023-2024) · 365.24 (2024-2025)
2026-09-13;Tanger;École supérieure de management des entreprises du Détroit (MEDSUP);MEDSUP;des Affaires des Affaires des Ressources Humaines;;2025-2026;échéance atteinte, renouvellement non publié à ce jour;655.25;7431;655.25 (2025-2026)
2026-09-13;Tanger;École supérieure de management des entreprises du Détroit (MEDSUP);MEDSUP;des Affaires et Stratégie;Marketing et Vente · Logistique et Commerce International Industriel et Qualité;2025-2026;échéance atteinte, renouvellement non publié à ce jour;655.25;7431;655.25 (2025-2026)
2026-09-13;Tanger;École supérieure des sciences commerciales et de gestion;ESSCG;Commerce;Marketing et Commerce International · Supply Chain et Logistique;2025-2026;échéance atteinte, renouvellement non publié à ce jour;655.25;7431;1176.23 (2023-2024) · 655.25 (2025-2026)
2026-09-13;Tanger;École supérieure des sciences commerciales et de gestion;ESSCG;Commerce et Gestion;;2025-2026;échéance atteinte, renouvellement non publié à ce jour;365.24;7313;1589.22 (2023-2024) · 365.24 (2025-2026)
2026-09-13;Tanger;École supérieure des sciences commerciales et de gestion;ESSCG;Gestion;Finance, Audit et Contrôle de Gestion · Management des Ressources Humaines;2025-2026;échéance atteinte, renouvellement non publié à ce jour;655.25;7431;1176.23 (2023-2024) · 655.25 (2025-2026)
2026-09-13;Tanger;École supérieure des sciences techniques et de management;SUPTEM;Informatique Logicielle;;2023-2024;échéance atteinte, renouvellement non publié à ce jour;1589.22;7175;1589.22 (2023-2024)
2026-09-13;Tanger;École supérieure des sciences techniques et de management;SUPTEM;Informatique Logicielle et Décisionnelle p;;2025-2026;échéance atteinte, renouvellement non publié à ce jour;365.24;7313;365.24 (2025-2026)
2026-09-13;Tanger;École supérieure des sciences techniques et de management;SUPTEM;Management;Management International · Audit et Contrôle de Gestion;2024-2025;échéance atteinte, renouvellement non publié à ce jour;365.24;7313;1589.22 (2022-2023) · 365.24 (2025-2026) · 365.24 (2024-2025)
2026-09-13;Tanger;École supérieure privée de commerce et de gestion d'entreprises;ESCGA;Commerce;;2025-2026;échéance atteinte, renouvellement non publié à ce jour;365.24;7313;1176.23 (2024-2025) · 365.24 (2025-2026)
2026-09-13;Tanger;École supérieure privée de commerce et de gestion d'entreprises;ESCGA;Comptabilité, Contrôle et Audit;;2026-2027;accréditation en cours;1246.26;7535;1246.26 (2026-2027)
2026-09-13;Tanger;École supérieure privée de commerce et de gestion d'entreprises;ESCGA;Gestion;;2025-2026;échéance atteinte, renouvellement non publié à ce jour;365.24;7313;1176.23 (2024-2025) · 365.24 (2025-2026)
2026-09-13;Tanger;École supérieure privée de commerce et de gestion d'entreprises;ESCGA;Ingénierie Financière, Audit et Contrôle de Gestion;;2025-2026;échéance atteinte, renouvellement non publié à ce jour;655.25;7431;1589.22 (2023-2024) · 1176.23 (2023-2024) · 655.25 (2025-2026)
2026-09-13;Tanger;École supérieure privée de commerce et de gestion d'entreprises;ESCGA;Ingénierie Marketing, et Commerce International;;2025-2026;échéance atteinte, renouvellement non publié à ce jour;655.25;7431;1589.22 (2022-2023) · 1589.22 (2023-2024) · 1176.23 (2023-2024) · 365.24 (2024-2025) · 655.25 (2025-2026)
2026-09-13;Tanger;École supérieure privée de commerce et de gestion d'entreprises;ESCGA;Logistique et Transport;;2025-2026;échéance atteinte, renouvellement non publié à ce jour;365.24;7313;1589.22 (2023-2024) · 365.24 (2025-2026)
2026-09-13;Tanger;École supérieure privée de commerce et de gestion d'entreprises;ESCGA;Management Logistique et Transport;;2025-2026;échéance atteinte, renouvellement non publié à ce jour;655.25;7431;1176.23 (2023-2024) · 655.25 (2025-2026)
2026-09-13;Tanger;École supérieure privée de commerce et de gestion d'entreprises;ESCGA;Management des Ressources Humaines;;2024-2025;échéance atteinte, renouvellement non publié à ce jour;365.24;7313;1589.22 (2022-2023) · 1176.23 (2023-2024) · 365.24 (2024-2025)
2026-09-13;Tanger;École supérieure privée des hautes études en management de Tanger;HEMT;Management Général;;2025-2026;échéance atteinte, renouvellement non publié à ce jour;365.24;7313;365.24 (2025-2026)
2026-09-13;Taza;Orient Sup de Management;Orient Sup de Management;Finance et Management;;2024-2025;échéance atteinte, renouvellement non publié à ce jour;1176.23;7194;1589.22 (2023-2024) · 1176.23 (2024-2025)
2026-09-13;Taza;Orient Sup de Management;Orient Sup de Management;Ingénierie des Systèmes Informatiques;;2024-2025;échéance atteinte, renouvellement non publié à ce jour;1176.23;7194;1176.23 (2024-2025)
2026-09-13;Tétouan;Institut supérieur privé des sciences de la numérisation et de l'information;ISPSNI;Ingénierie des Données;;2027-2028;accréditation en cours;1246.26;7535;1246.26 (2027-2028)
2026-09-13;Tétouan;Institut supérieur privé des sciences de la numérisation et de l'information;ISPSNI;Ingénierie des Données et Intelligence Artificielle;;2026-2027;accréditation en cours;1246.26;7535;1246.26 (2026-2027)
